frame_timestamp,matched_ground_truth_timestamp,ground_truth_delta_us,velodyne_file,Cam1,Cam2,Cam3,Cam4,Cam5
1328389904866397,1328389904873561,7164,1328389904866397.bin,1328389904866397.jpg,1328389904866397.jpg,1328389904866397.jpg,1328389904866397.jpg,1328389904866397.jpg
1328389905066347,1328389905065511,836,1328389905066347.bin,1328389905066347.jpg,1328389905066347.jpg,1328389905066347.jpg,1328389905066347.jpg,1328389905066347.jpg
1328389905266321,1328389905263528,2793,1328389905266321.bin,1328389905266321.jpg,1328389905266321.jpg,1328389905266321.jpg,1328389905266321.jpg,1328389905266321.jpg
1328389905466290,1328389905465277,1013,1328389905466290.bin,1328389905466290.jpg,1328389905466290.jpg,1328389905466290.jpg,1328389905466290.jpg,1328389905466290.jpg
1328389905666261,1328389905663584,2677,1328389905666261.bin,1328389905666261.jpg,1328389905666261.jpg,1328389905666261.jpg,1328389905666261.jpg,1328389905666261.jpg
1328389905866224,1328389905864714,1510,1328389905866224.bin,1328389905866224.jpg,1328389905866224.jpg,1328389905866224.jpg,1328389905866224.jpg,1328389905866224.jpg
1328389906066192,1328389906064901,1291,1328389906066192.bin,1328389906066192.jpg,1328389906066192.jpg,1328389906066192.jpg,1328389906066192.jpg,1328389906066192.jpg
1328389906266158,1328389906263591,2567,1328389906266158.bin,1328389906266158.jpg,1328389906266158.jpg,1328389906266158.jpg,1328389906266158.jpg,1328389906266158.jpg
1328389906466128,1328389906463639,2489,1328389906466128.bin,1328389906466128.jpg,1328389906466128.jpg,1328389906466128.jpg,1328389906466128.jpg,1328389906466128.jpg
1328389906666096,1328389906663855,2241,1328389906666096.bin,1328389906666096.jpg,1328389906666096.jpg,1328389906666096.jpg,1328389906666096.jpg,1328389906666096.jpg
1328389906866062,1328389906864008,2054,1328389906866062.bin,1328389906866062.jpg,1328389906866062.jpg,1328389906866062.jpg,1328389906866062.jpg,1328389906866062.jpg
1328389907066039,1328389907064065,1974,1328389907066039.bin,1328389907066039.jpg,1328389907066039.jpg,1328389907066039.jpg,1328389907066039.jpg,1328389907066039.jpg
1328389907265995,1328389907263656,2339,1328389907265995.bin,1328389907265995.jpg,1328389907265995.jpg,1328389907265995.jpg,1328389907265995.jpg,1328389907265995.jpg
1328389907465964,1328389907463740,2224,1328389907465964.bin,1328389907465964.jpg,1328389907465964.jpg,1328389907465964.jpg,1328389907465964.jpg,1328389907465964.jpg
1328389907665930,1328389907663873,2057,1328389907665930.bin,1328389907665930.jpg,1328389907665930.jpg,1328389907665930.jpg,1328389907665930.jpg,1328389907665930.jpg
1328389907865898,1328389907863686,2212,1328389907865898.bin,1328389907865898.jpg,1328389907865898.jpg,1328389907865898.jpg,1328389907865898.jpg,1328389907865898.jpg
1328389908065864,1328389908063601,2263,1328389908065864.bin,1328389908065864.jpg,1328389908065864.jpg,1328389908065864.jpg,1328389908065864.jpg,1328389908065864.jpg
1328389908265834,1328389908263722,2112,1328389908265834.bin,1328389908265834.jpg,1328389908265834.jpg,1328389908265834.jpg,1328389908265834.jpg,1328389908265834.jpg
1328389908465801,1328389908463858,1943,1328389908465801.bin,1328389908465801.jpg,1328389908465801.jpg,1328389908465801.jpg,1328389908465801.jpg,1328389908465801.jpg
1328389908665785,1328389908664078,1707,1328389908665785.bin,1328389908665785.jpg,1328389908665785.jpg,1328389908665785.jpg,1328389908665785.jpg,1328389908665785.jpg
1328389908865754,1328389908863690,2064,1328389908865754.bin,1328389908865754.jpg,1328389908865754.jpg,1328389908865754.jpg,1328389908865754.jpg,1328389908865754.jpg
1328389909065719,1328389909063864,1855,1328389909065719.bin,1328389909065719.jpg,1328389909065719.jpg,1328389909065719.jpg,1328389909065719.jpg,1328389909065719.jpg
1328389909265692,1328389909263840,1852,1328389909265692.bin,1328389909265692.jpg,1328389909265692.jpg,1328389909265692.jpg,1328389909265692.jpg,1328389909265692.jpg
1328389909465661,1328389909464284,1377,1328389909465661.bin,1328389909465661.jpg,1328389909465661.jpg,1328389909465661.jpg,1328389909465661.jpg,1328389909465661.jpg
1328389909665613,1328389909663614,1999,1328389909665613.bin,1328389909665613.jpg,1328389909665613.jpg,1328389909665613.jpg,1328389909665613.jpg,1328389909665613.jpg
1328389909865591,1328389909863752,1839,1328389909865591.bin,1328389909865591.jpg,1328389909865591.jpg,1328389909865591.jpg,1328389909865591.jpg,1328389909865591.jpg
1328389910065549,1328389910063813,1736,1328389910065549.bin,1328389910065549.jpg,1328389910065549.jpg,1328389910065549.jpg,1328389910065549.jpg,1328389910065549.jpg
1328389910265517,1328389910263565,1952,1328389910265517.bin,1328389910265517.jpg,1328389910265517.jpg,1328389910265517.jpg,1328389910265517.jpg,1328389910265517.jpg
1328389910465497,1328389910464067,1430,1328389910465497.bin,1328389910465497.jpg,1328389910465497.jpg,1328389910465497.jpg,1328389910465497.jpg,1328389910465497.jpg
1328389910665466,1328389910664312,1154,1328389910665466.bin,1328389910665466.jpg,1328389910665466.jpg,1328389910665466.jpg,1328389910665466.jpg,1328389910665466.jpg
1328389910865428,1328389910864174,1254,1328389910865428.bin,1328389910865428.jpg,1328389910865428.jpg,1328389910865428.jpg,1328389910865428.jpg,1328389910865428.jpg
1328389911065395,1328389911065751,356,1328389911065395.bin,1328389911065395.jpg,1328389911065395.jpg,1328389911065395.jpg,1328389911065395.jpg,1328389911065395.jpg
1328389911265362,1328389911266891,1529,1328389911265362.bin,1328389911265362.jpg,1328389911265362.jpg,1328389911265362.jpg,1328389911265362.jpg,1328389911265362.jpg
1328389911465332,1328389911463634,1698,1328389911465332.bin,1328389911465332.jpg,1328389911465332.jpg,1328389911465332.jpg,1328389911465332.jpg,1328389911465332.jpg
1328389911665289,1328389911663581,1708,1328389911665289.bin,1328389911665289.jpg,1328389911665289.jpg,1328389911665289.jpg,1328389911665289.jpg,1328389911665289.jpg
1328389911865268,1328389911865089,179,1328389911865268.bin,1328389911865268.jpg,1328389911865268.jpg,1328389911865268.jpg,1328389911865268.jpg,1328389911865268.jpg
1328389912065233,1328389912063551,1682,1328389912065233.bin,1328389912065233.jpg,1328389912065233.jpg,1328389912065233.jpg,1328389912065233.jpg,1328389912065233.jpg
1328389912265203,1328389912263617,1586,1328389912265203.bin,1328389912265203.jpg,1328389912265203.jpg,1328389912265203.jpg,1328389912265203.jpg,1328389912265203.jpg
1328389912465170,1328389912463782,1388,1328389912465170.bin,1328389912465170.jpg,1328389912465170.jpg,1328389912465170.jpg,1328389912465170.jpg,1328389912465170.jpg
1328389912665125,1328389912662928,2197,1328389912665125.bin,1328389912665125.jpg,1328389912665125.jpg,1328389912665125.jpg,1328389912665125.jpg,1328389912665125.jpg
1328389912865104,1328389912863406,1698,1328389912865104.bin,1328389912865104.jpg,1328389912865104.jpg,1328389912865104.jpg,1328389912865104.jpg,1328389912865104.jpg
1328389913065072,1328389913065410,338,1328389913065072.bin,1328389913065072.jpg,1328389913065072.jpg,1328389913065072.jpg,1328389913065072.jpg,1328389913065072.jpg
1328389913265041,1328389913263685,1356,1328389913265041.bin,1328389913265041.jpg,1328389913265041.jpg,1328389913265041.jpg,1328389913265041.jpg,1328389913265041.jpg
1328389913465003,1328389913464759,244,1328389913465003.bin,1328389913465003.jpg,1328389913465003.jpg,1328389913465003.jpg,1328389913465003.jpg,1328389913465003.jpg
1328389913664990,1328389913665228,238,1328389913664990.bin,1328389913664990.jpg,1328389913664990.jpg,1328389913664990.jpg,1328389913664990.jpg,1328389913664990.jpg
1328389913864939,1328389913865689,750,1328389913864939.bin,1328389913864939.jpg,1328389913864939.jpg,1328389913864939.jpg,1328389913864939.jpg,1328389913864939.jpg
1328389914064908,1328389914064162,746,1328389914064908.bin,1328389914064908.jpg,1328389914064908.jpg,1328389914064908.jpg,1328389914064908.jpg,1328389914064908.jpg
1328389914264878,1328389914263537,1341,1328389914264878.bin,1328389914264878.jpg,1328389914264878.jpg,1328389914264878.jpg,1328389914264878.jpg,1328389914264878.jpg
1328389914464842,1328389914464021,821,1328389914464842.bin,1328389914464842.jpg,1328389914464842.jpg,1328389914464842.jpg,1328389914464842.jpg,1328389914464842.jpg
1328389914664823,1328389914663923,900,1328389914664823.bin,1328389914664823.jpg,1328389914664823.jpg,1328389914664823.jpg,1328389914664823.jpg,1328389914664823.jpg
1328389914864817,1328389914865118,301,1328389914864817.bin,1328389914864817.jpg,1328389914864817.jpg,1328389914864817.jpg,1328389914864817.jpg,1328389914864817.jpg
1328389915064738,1328389915065400,662,1328389915064738.bin,1328389915064738.jpg,1328389915064738.jpg,1328389915064738.jpg,1328389915064738.jpg,1328389915064738.jpg
1328389915264946,1328389915263866,1080,1328389915264946.bin,1328389915264946.jpg,1328389915264946.jpg,1328389915264946.jpg,1328389915264946.jpg,1328389915264946.jpg
1328389915464677,1328389915463777,900,1328389915464677.bin,1328389915464677.jpg,1328389915464677.jpg,1328389915464677.jpg,1328389915464677.jpg,1328389915464677.jpg
1328389915664649,1328389915663686,963,1328389915664649.bin,1328389915664649.jpg,1328389915664649.jpg,1328389915664649.jpg,1328389915664649.jpg,1328389915664649.jpg
1328389915864615,1328389915863774,841,1328389915864615.bin,1328389915864615.jpg,1328389915864615.jpg,1328389915864615.jpg,1328389915864615.jpg,1328389915864615.jpg
1328389916064587,1328389916063948,639,1328389916064587.bin,1328389916064587.jpg,1328389916064587.jpg,1328389916064587.jpg,1328389916064587.jpg,1328389916064587.jpg
1328389916264552,1328389916263803,749,1328389916264552.bin,1328389916264552.jpg,1328389916264552.jpg,1328389916264552.jpg,1328389916264552.jpg,1328389916264552.jpg
1328389916464518,1328389916464789,271,1328389916464518.bin,1328389916464518.jpg,1328389916464518.jpg,1328389916464518.jpg,1328389916464518.jpg,1328389916464518.jpg
1328389916664490,1328389916663766,724,1328389916664490.bin,1328389916664490.jpg,1328389916664490.jpg,1328389916664490.jpg,1328389916664490.jpg,1328389916664490.jpg
1328389916864457,1328389916863937,520,1328389916864457.bin,1328389916864457.jpg,1328389916864457.jpg,1328389916864457.jpg,1328389916864457.jpg,1328389916864457.jpg
1328389917064422,1328389917063586,836,1328389917064422.bin,1328389917064422.jpg,1328389917064422.jpg,1328389917064422.jpg,1328389917064422.jpg,1328389917064422.jpg
1328389917264445,1328389917263602,843,1328389917264445.bin,1328389917264445.jpg,1328389917264445.jpg,1328389917264445.jpg,1328389917264445.jpg,1328389917264445.jpg
1328389917464359,1328389917463745,614,1328389917464359.bin,1328389917464359.jpg,1328389917464359.jpg,1328389917464359.jpg,1328389917464359.jpg,1328389917464359.jpg
1328389917664322,1328389917664453,131,1328389917664322.bin,1328389917664322.jpg,1328389917664322.jpg,1328389917664322.jpg,1328389917664322.jpg,1328389917664322.jpg
1328389917864288,1328389917863997,291,1328389917864288.bin,1328389917864288.jpg,1328389917864288.jpg,1328389917864288.jpg,1328389917864288.jpg,1328389917864288.jpg
1328389918064255,1328389918063590,665,1328389918064255.bin,1328389918064255.jpg,1328389918064255.jpg,1328389918064255.jpg,1328389918064255.jpg,1328389918064255.jpg
1328389918264237,1328389918263693,544,1328389918264237.bin,1328389918264237.jpg,1328389918264237.jpg,1328389918264237.jpg,1328389918264237.jpg,1328389918264237.jpg
1328389918464190,1328389918463535,655,1328389918464190.bin,1328389918464190.jpg,1328389918464190.jpg,1328389918464190.jpg,1328389918464190.jpg,1328389918464190.jpg
1328389918664157,1328389918664006,151,1328389918664157.bin,1328389918664157.jpg,1328389918664157.jpg,1328389918664157.jpg,1328389918664157.jpg,1328389918664157.jpg
1328389918864149,1328389918863594,555,1328389918864149.bin,1328389918864149.jpg,1328389918864149.jpg,1328389918864149.jpg,1328389918864149.jpg,1328389918864149.jpg
1328389919064084,1328389919064280,196,1328389919064084.bin,1328389919064084.jpg,1328389919064084.jpg,1328389919064084.jpg,1328389919064084.jpg,1328389919064084.jpg
1328389919264067,1328389919263535,532,1328389919264067.bin,1328389919264067.jpg,1328389919264067.jpg,1328389919264067.jpg,1328389919264067.jpg,1328389919264067.jpg
1328389919464033,1328389919463986,47,1328389919464033.bin,1328389919464033.jpg,1328389919464033.jpg,1328389919464033.jpg,1328389919464033.jpg,1328389919464033.jpg
1328389919664001,1328389919663568,433,1328389919664001.bin,1328389919664001.jpg,1328389919664001.jpg,1328389919664001.jpg,1328389919664001.jpg,1328389919664001.jpg
1328389919863965,1328389919863773,192,1328389919863965.bin,1328389919863965.jpg,1328389919863965.jpg,1328389919863965.jpg,1328389919863965.jpg,1328389919863965.jpg
1328389920063921,1328389920063884,37,1328389920063921.bin,1328389920063921.jpg,1328389920063921.jpg,1328389920063921.jpg,1328389920063921.jpg,1328389920063921.jpg
1328389920263926,1328389920263982,56,1328389920263926.bin,1328389920263926.jpg,1328389920263926.jpg,1328389920263926.jpg,1328389920263926.jpg,1328389920263926.jpg
1328389920463866,1328389920463546,320,1328389920463866.bin,1328389920463866.jpg,1328389920463866.jpg,1328389920463866.jpg,1328389920463866.jpg,1328389920463866.jpg
1328389920663883,1328389920662611,1272,1328389920663883.bin,1328389920663883.jpg,1328389920663883.jpg,1328389920663883.jpg,1328389920663883.jpg,1328389920663883.jpg
1328389920863803,1328389920863722,81,1328389920863803.bin,1328389920863803.jpg,1328389920863803.jpg,1328389920863803.jpg,1328389920863803.jpg,1328389920863803.jpg
1328389921063932,1328389921063959,27,1328389921063932.bin,1328389921063932.jpg,1328389921063932.jpg,1328389921063932.jpg,1328389921063932.jpg,1328389921063932.jpg
1328389921263764,1328389921263610,154,1328389921263764.bin,1328389921263764.jpg,1328389921263764.jpg,1328389921263764.jpg,1328389921263764.jpg,1328389921263764.jpg
1328389921463705,1328389921463585,120,1328389921463705.bin,1328389921463705.jpg,1328389921463705.jpg,1328389921463705.jpg,1328389921463705.jpg,1328389921463705.jpg
1328389921663663,1328389921663853,190,1328389921663663.bin,1328389921663663.jpg,1328389921663663.jpg,1328389921663663.jpg,1328389921663663.jpg,1328389921663663.jpg
1328389921863649,1328389921863913,264,1328389921863649.bin,1328389921863649.jpg,1328389921863649.jpg,1328389921863649.jpg,1328389921863649.jpg,1328389921863649.jpg
1328389922063594,1328389922064108,514,1328389922063594.bin,1328389922063594.jpg,1328389922063594.jpg,1328389922063594.jpg,1328389922063594.jpg,1328389922063594.jpg
1328389922263574,1328389922263639,65,1328389922263574.bin,1328389922263574.jpg,1328389922263574.jpg,1328389922263574.jpg,1328389922263574.jpg,1328389922263574.jpg
1328389922463539,1328389922463739,200,1328389922463539.bin,1328389922463539.jpg,1328389922463539.jpg,1328389922463539.jpg,1328389922463539.jpg,1328389922463539.jpg
1328389922663508,1328389922664381,873,1328389922663508.bin,1328389922663508.jpg,1328389922663508.jpg,1328389922663508.jpg,1328389922663508.jpg,1328389922663508.jpg
1328389922863464,1328389922864658,1194,1328389922863464.bin,1328389922863464.jpg,1328389922863464.jpg,1328389922863464.jpg,1328389922863464.jpg,1328389922863464.jpg
1328389923063580,1328389923055573,8007,1328389923063580.bin,1328389923063580.jpg,1328389923063580.jpg,1328389923063580.jpg,1328389923063580.jpg,1328389923063580.jpg
1328389923263421,1328389923263788,367,1328389923263421.bin,1328389923263421.jpg,1328389923263421.jpg,1328389923263421.jpg,1328389923263421.jpg,1328389923263421.jpg
1328389923463509,1328389923464413,904,1328389923463509.bin,1328389923463509.jpg,1328389923463509.jpg,1328389923463509.jpg,1328389923463509.jpg,1328389923463509.jpg
1328389923663348,1328389923664127,779,1328389923663348.bin,1328389923663348.jpg,1328389923663348.jpg,1328389923663348.jpg,1328389923663348.jpg,1328389923663348.jpg
1328389923863312,1328389923864416,1104,1328389923863312.bin,1328389923863312.jpg,1328389923863312.jpg,1328389923863312.jpg,1328389923863312.jpg,1328389923863312.jpg
1328389924063284,1328389924063764,480,1328389924063284.bin,1328389924063284.jpg,1328389924063284.jpg,1328389924063284.jpg,1328389924063284.jpg,1328389924063284.jpg
1328389924263245,1328389924263799,554,1328389924263245.bin,1328389924263245.jpg,1328389924263245.jpg,1328389924263245.jpg,1328389924263245.jpg,1328389924263245.jpg
1328389924463212,1328389924463894,682,1328389924463212.bin,1328389924463212.jpg,1328389924463212.jpg,1328389924463212.jpg,1328389924463212.jpg,1328389924463212.jpg
1328389924663183,1328389924663827,644,1328389924663183.bin,1328389924663183.jpg,1328389924663183.jpg,1328389924663183.jpg,1328389924663183.jpg,1328389924663183.jpg
1328389924863151,1328389924863864,713,1328389924863151.bin,1328389924863151.jpg,1328389924863151.jpg,1328389924863151.jpg,1328389924863151.jpg,1328389924863151.jpg
1328389925063107,1328389925064206,1099,1328389925063107.bin,1328389925063107.jpg,1328389925063107.jpg,1328389925063107.jpg,1328389925063107.jpg,1328389925063107.jpg
1328389925263083,1328389925263942,859,1328389925263083.bin,1328389925263083.jpg,1328389925263083.jpg,1328389925263083.jpg,1328389925263083.jpg,1328389925263083.jpg
1328389925463051,1328389925463963,912,1328389925463051.bin,1328389925463051.jpg,1328389925463051.jpg,1328389925463051.jpg,1328389925463051.jpg,1328389925463051.jpg
1328389925663020,1328389925663915,895,1328389925663020.bin,1328389925663020.jpg,1328389925663020.jpg,1328389925663020.jpg,1328389925663020.jpg,1328389925663020.jpg
1328389925862984,1328389925863853,869,1328389925862984.bin,1328389925862984.jpg,1328389925862984.jpg,1328389925862984.jpg,1328389925862984.jpg,1328389925862984.jpg
1328389926062951,1328389926065405,2454,1328389926062951.bin,1328389926062951.jpg,1328389926062951.jpg,1328389926062951.jpg,1328389926062951.jpg,1328389926062951.jpg
1328389926262927,1328389926264060,1133,1328389926262927.bin,1328389926262927.jpg,1328389926262927.jpg,1328389926262927.jpg,1328389926262927.jpg,1328389926262927.jpg
1328389926463006,1328389926463605,599,1328389926463006.bin,1328389926463006.jpg,1328389926463006.jpg,1328389926463006.jpg,1328389926463006.jpg,1328389926463006.jpg
1328389926662851,1328389926663567,716,1328389926662851.bin,1328389926662851.jpg,1328389926662851.jpg,1328389926662851.jpg,1328389926662851.jpg,1328389926662851.jpg
1328389926862825,1328389926863930,1105,1328389926862825.bin,1328389926862825.jpg,1328389926862825.jpg,1328389926862825.jpg,1328389926862825.jpg,1328389926862825.jpg
1328389927062796,1328389927062228,568,1328389927062796.bin,1328389927062796.jpg,1328389927062796.jpg,1328389927062796.jpg,1328389927062796.jpg,1328389927062796.jpg
1328389927262761,1328389927263426,665,1328389927262761.bin,1328389927262761.jpg,1328389927262761.jpg,1328389927262761.jpg,1328389927262761.jpg,1328389927262761.jpg
1328389927462728,1328389927463571,843,1328389927462728.bin,1328389927462728.jpg,1328389927462728.jpg,1328389927462728.jpg,1328389927462728.jpg,1328389927462728.jpg
1328389927662683,1328389927663880,1197,1328389927662683.bin,1328389927662683.jpg,1328389927662683.jpg,1328389927662683.jpg,1328389927662683.jpg,1328389927662683.jpg
1328389927862671,1328389927864147,1476,1328389927862671.bin,1328389927862671.jpg,1328389927862671.jpg,1328389927862671.jpg,1328389927862671.jpg,1328389927862671.jpg
1328389928062630,1328389928063576,946,1328389928062630.bin,1328389928062630.jpg,1328389928062630.jpg,1328389928062630.jpg,1328389928062630.jpg,1328389928062630.jpg
1328389928262594,1328389928263687,1093,1328389928262594.bin,1328389928262594.jpg,1328389928262594.jpg,1328389928262594.jpg,1328389928262594.jpg,1328389928262594.jpg
1328389928462564,1328389928463838,1274,1328389928462564.bin,1328389928462564.jpg,1328389928462564.jpg,1328389928462564.jpg,1328389928462564.jpg,1328389928462564.jpg
1328389928662526,1328389928663941,1415,1328389928662526.bin,1328389928662526.jpg,1328389928662526.jpg,1328389928662526.jpg,1328389928662526.jpg,1328389928662526.jpg
1328389928862509,1328389928861585,924,1328389928862509.bin,1328389928862509.jpg,1328389928862509.jpg,1328389928862509.jpg,1328389928862509.jpg,1328389928862509.jpg
1328389929062465,1328389929062680,215,1328389929062465.bin,1328389929062465.jpg,1328389929062465.jpg,1328389929062465.jpg,1328389929062465.jpg,1328389929062465.jpg
1328389929262435,1328389929263797,1362,1328389929262435.bin,1328389929262435.jpg,1328389929262435.jpg,1328389929262435.jpg,1328389929262435.jpg,1328389929262435.jpg
1328389929462402,1328389929463908,1506,1328389929462402.bin,1328389929462402.jpg,1328389929462402.jpg,1328389929462402.jpg,1328389929462402.jpg,1328389929462402.jpg
1328389929662367,1328389929664312,1945,1328389929662367.bin,1328389929662367.jpg,1328389929662367.jpg,1328389929662367.jpg,1328389929662367.jpg,1328389929662367.jpg
1328389929862338,1328389929863655,1317,1328389929862338.bin,1328389929862338.jpg,1328389929862338.jpg,1328389929862338.jpg,1328389929862338.jpg,1328389929862338.jpg
1328389930062306,1328389930063909,1603,1328389930062306.bin,1328389930062306.jpg,1328389930062306.jpg,1328389930062306.jpg,1328389930062306.jpg,1328389930062306.jpg
1328389930262269,1328389930263922,1653,1328389930262269.bin,1328389930262269.jpg,1328389930262269.jpg,1328389930262269.jpg,1328389930262269.jpg,1328389930262269.jpg
1328389930462241,1328389930463537,1296,1328389930462241.bin,1328389930462241.jpg,1328389930462241.jpg,1328389930462241.jpg,1328389930462241.jpg,1328389930462241.jpg
1328389930662207,1328389930663664,1457,1328389930662207.bin,1328389930662207.jpg,1328389930662207.jpg,1328389930662207.jpg,1328389930662207.jpg,1328389930662207.jpg
1328389930862169,1328389930860790,1379,1328389930862169.bin,1328389930862169.jpg,1328389930862169.jpg,1328389930862169.jpg,1328389930862169.jpg,1328389930862169.jpg
1328389931062132,1328389931061990,142,1328389931062132.bin,1328389931062132.jpg,1328389931062132.jpg,1328389931062132.jpg,1328389931062132.jpg,1328389931062132.jpg
1328389931262109,1328389931263217,1108,1328389931262109.bin,1328389931262109.jpg,1328389931262109.jpg,1328389931262109.jpg,1328389931262109.jpg,1328389931262109.jpg
1328389931462072,1328389931463738,1666,1328389931462072.bin,1328389931462072.jpg,1328389931462072.jpg,1328389931462072.jpg,1328389931462072.jpg,1328389931462072.jpg
1328389931662039,1328389931664346,2307,1328389931662039.bin,1328389931662039.jpg,1328389931662039.jpg,1328389931662039.jpg,1328389931662039.jpg,1328389931662039.jpg
1328389931862015,1328389931863542,1527,1328389931862015.bin,1328389931862015.jpg,1328389931862015.jpg,1328389931862015.jpg,1328389931862015.jpg,1328389931862015.jpg
1328389932061976,1328389932059721,2255,1328389932061976.bin,1328389932061976.jpg,1328389932061976.jpg,1328389932061976.jpg,1328389932061976.jpg,1328389932061976.jpg
1328389932261968,1328389932260880,1088,1328389932261968.bin,1328389932261968.jpg,1328389932261968.jpg,1328389932261968.jpg,1328389932261968.jpg,1328389932261968.jpg
1328389932461909,1328389932462064,155,1328389932461909.bin,1328389932461909.jpg,1328389932461909.jpg,1328389932461909.jpg,1328389932461909.jpg,1328389932461909.jpg
1328389932661878,1328389932663318,1440,1328389932661878.bin,1328389932661878.jpg,1328389932661878.jpg,1328389932661878.jpg,1328389932661878.jpg,1328389932661878.jpg
1328389932861851,1328389932863950,2099,1328389932861851.bin,1328389932861851.jpg,1328389932861851.jpg,1328389932861851.jpg,1328389932861851.jpg,1328389932861851.jpg
1328389933061817,1328389933058120,3697,1328389933061817.bin,1328389933061817.jpg,1328389933061817.jpg,1328389933061817.jpg,1328389933061817.jpg,1328389933061817.jpg
1328389933261784,1328389933263635,1851,1328389933261784.bin,1328389933261784.jpg,1328389933261784.jpg,1328389933261784.jpg,1328389933261784.jpg,1328389933261784.jpg
1328389933461750,1328389933467826,6076,1328389933461750.bin,1328389933461750.jpg,1328389933461750.jpg,1328389933461750.jpg,1328389933461750.jpg,1328389933461750.jpg
1328389933661718,1328389933663975,2257,1328389933661718.bin,1328389933661718.jpg,1328389933661718.jpg,1328389933661718.jpg,1328389933661718.jpg,1328389933661718.jpg
1328389933861684,1328389933863609,1925,1328389933861684.bin,1328389933861684.jpg,1328389933861684.jpg,1328389933861684.jpg,1328389933861684.jpg,1328389933861684.jpg
1328389934061643,1328389934063665,2022,1328389934061643.bin,1328389934061643.jpg,1328389934061643.jpg,1328389934061643.jpg,1328389934061643.jpg,1328389934061643.jpg
1328389934261616,1328389934263817,2201,1328389934261616.bin,1328389934261616.jpg,1328389934261616.jpg,1328389934261616.jpg,1328389934261616.jpg,1328389934261616.jpg
1328389934461584,1328389934464069,2485,1328389934461584.bin,1328389934461584.jpg,1328389934461584.jpg,1328389934461584.jpg,1328389934461584.jpg,1328389934461584.jpg
1328389934661545,1328389934664138,2593,1328389934661545.bin,1328389934661545.jpg,1328389934661545.jpg,1328389934661545.jpg,1328389934661545.jpg,1328389934661545.jpg
1328389934861524,1328389934863680,2156,1328389934861524.bin,1328389934861524.jpg,1328389934861524.jpg,1328389934861524.jpg,1328389934861524.jpg,1328389934861524.jpg
1328389935061477,1328389935058969,2508,1328389935061477.bin,1328389935061477.jpg,1328389935061477.jpg,1328389935061477.jpg,1328389935061477.jpg,1328389935061477.jpg
1328389935261454,1328389935263904,2450,1328389935261454.bin,1328389935261454.jpg,1328389935261454.jpg,1328389935261454.jpg,1328389935261454.jpg,1328389935261454.jpg
1328389935461422,1328389935463684,2262,1328389935461422.bin,1328389935461422.jpg,1328389935461422.jpg,1328389935461422.jpg,1328389935461422.jpg,1328389935461422.jpg
1328389935661389,1328389935659869,1520,1328389935661389.bin,1328389935661389.jpg,1328389935661389.jpg,1328389935661389.jpg,1328389935661389.jpg,1328389935661389.jpg
1328389935862123,1328389935863913,1790,1328389935862123.bin,1328389935862123.jpg,1328389935862123.jpg,1328389935862123.jpg,1328389935862123.jpg,1328389935862123.jpg
1328389936061321,1328389936064176,2855,1328389936061321.bin,1328389936061321.jpg,1328389936061321.jpg,1328389936061321.jpg,1328389936061321.jpg,1328389936061321.jpg
1328389936261296,1328389936263554,2258,1328389936261296.bin,1328389936261296.jpg,1328389936261296.jpg,1328389936261296.jpg,1328389936261296.jpg,1328389936261296.jpg
1328389936461262,1328389936459357,1905,1328389936461262.bin,1328389936461262.jpg,1328389936461262.jpg,1328389936461262.jpg,1328389936461262.jpg,1328389936461262.jpg
1328389936661229,1328389936664051,2822,1328389936661229.bin,1328389936661229.jpg,1328389936661229.jpg,1328389936661229.jpg,1328389936661229.jpg,1328389936661229.jpg
1328389936861198,1328389936863923,2725,1328389936861198.bin,1328389936861198.jpg,1328389936861198.jpg,1328389936861198.jpg,1328389936861198.jpg,1328389936861198.jpg
1328389937061163,1328389937064048,2885,1328389937061163.bin,1328389937061163.jpg,1328389937061163.jpg,1328389937061163.jpg,1328389937061163.jpg,1328389937061163.jpg
1328389937261129,1328389937258875,2254,1328389937261129.bin,1328389937261129.jpg,1328389937261129.jpg,1328389937261129.jpg,1328389937261129.jpg,1328389937261129.jpg
1328389937461086,1328389937460330,756,1328389937461086.bin,1328389937461086.jpg,1328389937461086.jpg,1328389937461086.jpg,1328389937461086.jpg,1328389937461086.jpg
1328389937661062,1328389937661524,462,1328389937661062.bin,1328389937661062.jpg,1328389937661062.jpg,1328389937661062.jpg,1328389937661062.jpg,1328389937661062.jpg
1328389937861033,1328389937862644,1611,1328389937861033.bin,1328389937861033.jpg,1328389937861033.jpg,1328389937861033.jpg,1328389937861033.jpg,1328389937861033.jpg
1328389938060990,1328389938063916,2926,1328389938060990.bin,1328389938060990.jpg,1328389938060990.jpg,1328389938060990.jpg,1328389938060990.jpg,1328389938060990.jpg
1328389938260959,1328389938264157,3198,1328389938260959.bin,1328389938260959.jpg,1328389938260959.jpg,1328389938260959.jpg,1328389938260959.jpg,1328389938260959.jpg
1328389938460932,1328389938463509,2577,1328389938460932.bin,1328389938460932.jpg,1328389938460932.jpg,1328389938460932.jpg,1328389938460932.jpg,1328389938460932.jpg
1328389938660901,1328389938664036,3135,1328389938660901.bin,1328389938660901.jpg,1328389938660901.jpg,1328389938660901.jpg,1328389938660901.jpg,1328389938660901.jpg
1328389938860898,1328389938863628,2730,1328389938860898.bin,1328389938860898.jpg,1328389938860898.jpg,1328389938860898.jpg,1328389938860898.jpg,1328389938860898.jpg
1328389939060915,1328389939060545,370,1328389939060915.bin,1328389939060915.jpg,1328389939060915.jpg,1328389939060915.jpg,1328389939060915.jpg,1328389939060915.jpg
1328389939260820,1328389939260894,74,1328389939260820.bin,1328389939260820.jpg,1328389939260820.jpg,1328389939260820.jpg,1328389939260820.jpg,1328389939260820.jpg
1328389939461343,1328389939462025,682,1328389939461343.bin,1328389939461343.jpg,1328389939461343.jpg,1328389939461343.jpg,1328389939461343.jpg,1328389939461343.jpg
1328389939660742,1328389939663232,2490,1328389939660742.bin,1328389939660742.jpg,1328389939660742.jpg,1328389939660742.jpg,1328389939660742.jpg,1328389939660742.jpg
1328389939860709,1328389939863745,3036,1328389939860709.bin,1328389939860709.jpg,1328389939860709.jpg,1328389939860709.jpg,1328389939860709.jpg,1328389939860709.jpg
1328389940060671,1328389940066411,5740,1328389940060671.bin,1328389940060671.jpg,1328389940060671.jpg,1328389940060671.jpg,1328389940060671.jpg,1328389940060671.jpg
1328389940260640,1328389940263600,2960,1328389940260640.bin,1328389940260640.jpg,1328389940260640.jpg,1328389940260640.jpg,1328389940260640.jpg,1328389940260640.jpg
1328389940460611,1328389940463928,3317,1328389940460611.bin,1328389940460611.jpg,1328389940460611.jpg,1328389940460611.jpg,1328389940460611.jpg,1328389940460611.jpg
1328389940660584,1328389940664140,3556,1328389940660584.bin,1328389940660584.jpg,1328389940660584.jpg,1328389940660584.jpg,1328389940660584.jpg,1328389940660584.jpg
1328389940860543,1328389940863889,3346,1328389940860543.bin,1328389940860543.jpg,1328389940860543.jpg,1328389940860543.jpg,1328389940860543.jpg,1328389940860543.jpg
1328389941060501,1328389941064239,3738,1328389941060501.bin,1328389941060501.jpg,1328389941060501.jpg,1328389941060501.jpg,1328389941060501.jpg,1328389941060501.jpg
1328389941260478,1328389941258880,1598,1328389941260478.bin,1328389941260478.jpg,1328389941260478.jpg,1328389941260478.jpg,1328389941260478.jpg,1328389941260478.jpg
1328389941460449,1328389941459972,477,1328389941460449.bin,1328389941460449.jpg,1328389941460449.jpg,1328389941460449.jpg,1328389941460449.jpg,1328389941460449.jpg
1328389941660730,1328389941658071,2659,1328389941660730.bin,1328389941660730.jpg,1328389941660730.jpg,1328389941660730.jpg,1328389941660730.jpg,1328389941660730.jpg
1328389941860435,1328389941859144,1291,1328389941860435.bin,1328389941860435.jpg,1328389941860435.jpg,1328389941860435.jpg,1328389941860435.jpg,1328389941860435.jpg
1328389942060346,1328389942060406,60,1328389942060346.bin,1328389942060346.jpg,1328389942060346.jpg,1328389942060346.jpg,1328389942060346.jpg,1328389942060346.jpg
1328389942260316,1328389942261607,1291,1328389942260316.bin,1328389942260316.jpg,1328389942260316.jpg,1328389942260316.jpg,1328389942260316.jpg,1328389942260316.jpg
1328389942460283,1328389942462941,2658,1328389942460283.bin,1328389942460283.jpg,1328389942460283.jpg,1328389942460283.jpg,1328389942460283.jpg,1328389942460283.jpg
1328389942660259,1328389942664018,3759,1328389942660259.bin,1328389942660259.jpg,1328389942660259.jpg,1328389942660259.jpg,1328389942660259.jpg,1328389942660259.jpg
1328389942860232,1328389942864507,4275,1328389942860232.bin,1328389942860232.jpg,1328389942860232.jpg,1328389942860232.jpg,1328389942860232.jpg,1328389942860232.jpg
1328389943060186,1328389943063568,3382,1328389943060186.bin,1328389943060186.jpg,1328389943060186.jpg,1328389943060186.jpg,1328389943060186.jpg,1328389943060186.jpg
1328389943260152,1328389943263808,3656,1328389943260152.bin,1328389943260152.jpg,1328389943260152.jpg,1328389943260152.jpg,1328389943260152.jpg,1328389943260152.jpg
1328389943460116,1328389943463718,3602,1328389943460116.bin,1328389943460116.jpg,1328389943460116.jpg,1328389943460116.jpg,1328389943460116.jpg,1328389943460116.jpg
1328389943660104,1328389943657360,2744,1328389943660104.bin,1328389943660104.jpg,1328389943660104.jpg,1328389943660104.jpg,1328389943660104.jpg,1328389943660104.jpg
1328389943860066,1328389943858618,1448,1328389943860066.bin,1328389943860066.jpg,1328389943860066.jpg,1328389943860066.jpg,1328389943860066.jpg,1328389943860066.jpg
1328389944060064,1328389944059898,166,1328389944060064.bin,1328389944060064.jpg,1328389944060064.jpg,1328389944060064.jpg,1328389944060064.jpg,1328389944060064.jpg
1328389944259990,1328389944263876,3886,1328389944259990.bin,1328389944259990.jpg,1328389944259990.jpg,1328389944259990.jpg,1328389944259990.jpg,1328389944259990.jpg
1328389944459959,1328389944463539,3580,1328389944459959.bin,1328389944459959.jpg,1328389944459959.jpg,1328389944459959.jpg,1328389944459959.jpg,1328389944459959.jpg
1328389944659924,1328389944663550,3626,1328389944659924.bin,1328389944659924.jpg,1328389944659924.jpg,1328389944659924.jpg,1328389944659924.jpg,1328389944659924.jpg
1328389944859890,1328389944863686,3796,1328389944859890.bin,1328389944859890.jpg,1328389944859890.jpg,1328389944859890.jpg,1328389944859890.jpg,1328389944859890.jpg
1328389945059954,1328389945054191,5763,1328389945059954.bin,1328389945059954.jpg,1328389945059954.jpg,1328389945059954.jpg,1328389945059954.jpg,1328389945059954.jpg
1328389945259825,1328389945257344,2481,1328389945259825.bin,1328389945259825.jpg,1328389945259825.jpg,1328389945259825.jpg,1328389945259825.jpg,1328389945259825.jpg
1328389945459795,1328389945459825,30,1328389945459795.bin,1328389945459795.jpg,1328389945459795.jpg,1328389945459795.jpg,1328389945459795.jpg,1328389945459795.jpg
1328389945659760,1328389945663815,4055,1328389945659760.bin,1328389945659760.jpg,1328389945659760.jpg,1328389945659760.jpg,1328389945659760.jpg,1328389945659760.jpg
1328389945859792,1328389945856750,3042,1328389945859792.bin,1328389945859792.jpg,1328389945859792.jpg,1328389945859792.jpg,1328389945859792.jpg,1328389945859792.jpg
1328389946059693,1328389946057864,1829,1328389946059693.bin,1328389946059693.jpg,1328389946059693.jpg,1328389946059693.jpg,1328389946059693.jpg,1328389946059693.jpg
1328389946259661,1328389946256612,3049,1328389946259661.bin,1328389946259661.jpg,1328389946259661.jpg,1328389946259661.jpg,1328389946259661.jpg,1328389946259661.jpg
1328389946459631,1328389946459352,279,1328389946459631.bin,1328389946459631.jpg,1328389946459631.jpg,1328389946459631.jpg,1328389946459631.jpg,1328389946459631.jpg
1328389946659612,1328389946660512,900,1328389946659612.bin,1328389946659612.jpg,1328389946659612.jpg,1328389946659612.jpg,1328389946659612.jpg,1328389946659612.jpg
1328389946859582,1328389946858042,1540,1328389946859582.bin,1328389946859582.jpg,1328389946859582.jpg,1328389946859582.jpg,1328389946859582.jpg,1328389946859582.jpg
1328389947059528,1328389947063326,3798,1328389947059528.bin,1328389947059528.jpg,1328389947059528.jpg,1328389947059528.jpg,1328389947059528.jpg,1328389947059528.jpg
1328389947259513,1328389947264027,4514,1328389947259513.bin,1328389947259513.jpg,1328389947259513.jpg,1328389947259513.jpg,1328389947259513.jpg,1328389947259513.jpg
1328389947459483,1328389947463915,4432,1328389947459483.bin,1328389947459483.jpg,1328389947459483.jpg,1328389947459483.jpg,1328389947459483.jpg,1328389947459483.jpg
1328389947659434,1328389947664090,4656,1328389947659434.bin,1328389947659434.jpg,1328389947659434.jpg,1328389947659434.jpg,1328389947659434.jpg,1328389947659434.jpg
1328389947859421,1328389947864218,4797,1328389947859421.bin,1328389947859421.jpg,1328389947859421.jpg,1328389947859421.jpg,1328389947859421.jpg,1328389947859421.jpg
1328389948059373,1328389948055406,3967,1328389948059373.bin,1328389948059373.jpg,1328389948059373.jpg,1328389948059373.jpg,1328389948059373.jpg,1328389948059373.jpg
1328389948259331,1328389948263868,4537,1328389948259331.bin,1328389948259331.jpg,1328389948259331.jpg,1328389948259331.jpg,1328389948259331.jpg,1328389948259331.jpg
1328389948459296,1328389948463881,4585,1328389948459296.bin,1328389948459296.jpg,1328389948459296.jpg,1328389948459296.jpg,1328389948459296.jpg,1328389948459296.jpg
1328389948659274,1328389948664088,4814,1328389948659274.bin,1328389948659274.jpg,1328389948659274.jpg,1328389948659274.jpg,1328389948659274.jpg,1328389948659274.jpg
1328389948859242,1328389948863632,4390,1328389948859242.bin,1328389948859242.jpg,1328389948859242.jpg,1328389948859242.jpg,1328389948859242.jpg,1328389948859242.jpg
1328389949059198,1328389949054155,5043,1328389949059198.bin,1328389949059198.jpg,1328389949059198.jpg,1328389949059198.jpg,1328389949059198.jpg,1328389949059198.jpg
1328389949259174,1328389949256025,3149,1328389949259174.bin,1328389949259174.jpg,1328389949259174.jpg,1328389949259174.jpg,1328389949259174.jpg,1328389949259174.jpg
1328389949459161,1328389949457223,1938,1328389949459161.bin,1328389949459161.jpg,1328389949459161.jpg,1328389949459161.jpg,1328389949459161.jpg,1328389949459161.jpg
1328389949659110,1328389949658588,522,1328389949659110.bin,1328389949659110.jpg,1328389949659110.jpg,1328389949659110.jpg,1328389949659110.jpg,1328389949659110.jpg
1328389949859111,1328389949859740,629,1328389949859111.bin,1328389949859111.jpg,1328389949859111.jpg,1328389949859111.jpg,1328389949859111.jpg,1328389949859111.jpg
1328389950059044,1328389950061063,2019,1328389950059044.bin,1328389950059044.jpg,1328389950059044.jpg,1328389950059044.jpg,1328389950059044.jpg,1328389950059044.jpg
1328389950259012,1328389950262709,3697,1328389950259012.bin,1328389950259012.jpg,1328389950259012.jpg,1328389950259012.jpg,1328389950259012.jpg,1328389950259012.jpg
1328389950459008,1328389950454793,4215,1328389950459008.bin,1328389950459008.jpg,1328389950459008.jpg,1328389950459008.jpg,1328389950459008.jpg,1328389950459008.jpg
1328389950658965,1328389950655968,2997,1328389950658965.bin,1328389950658965.jpg,1328389950658965.jpg,1328389950658965.jpg,1328389950658965.jpg,1328389950658965.jpg
1328389950858915,1328389950857204,1711,1328389950858915.bin,1328389950858915.jpg,1328389950858915.jpg,1328389950858915.jpg,1328389950858915.jpg,1328389950858915.jpg
1328389951058880,1328389951058381,499,1328389951058880.bin,1328389951058880.jpg,1328389951058880.jpg,1328389951058880.jpg,1328389951058880.jpg,1328389951058880.jpg
1328389951258913,1328389951263666,4753,1328389951258913.bin,1328389951258913.jpg,1328389951258913.jpg,1328389951258913.jpg,1328389951258913.jpg,1328389951258913.jpg
1328389951458815,1328389951454841,3974,1328389951458815.bin,1328389951458815.jpg,1328389951458815.jpg,1328389951458815.jpg,1328389951458815.jpg,1328389951458815.jpg
1328389951658782,1328389951656320,2462,1328389951658782.bin,1328389951658782.jpg,1328389951658782.jpg,1328389951658782.jpg,1328389951658782.jpg,1328389951658782.jpg
1328389951858762,1328389951854187,4575,1328389951858762.bin,1328389951858762.jpg,1328389951858762.jpg,1328389951858762.jpg,1328389951858762.jpg,1328389951858762.jpg
1328389952058723,1328389952056197,2526,1328389952058723.bin,1328389952058723.jpg,1328389952058723.jpg,1328389952058723.jpg,1328389952058723.jpg,1328389952058723.jpg
1328389952258683,1328389952257317,1366,1328389952258683.bin,1328389952258683.jpg,1328389952258683.jpg,1328389952258683.jpg,1328389952258683.jpg,1328389952258683.jpg
1328389952458652,1328389952458549,103,1328389952458652.bin,1328389952458652.jpg,1328389952458652.jpg,1328389952458652.jpg,1328389952458652.jpg,1328389952458652.jpg
1328389952658612,1328389952654050,4562,1328389952658612.bin,1328389952658612.jpg,1328389952658612.jpg,1328389952658612.jpg,1328389952658612.jpg,1328389952658612.jpg
1328389952858589,1328389952863533,4944,1328389952858589.bin,1328389952858589.jpg,1328389952858589.jpg,1328389952858589.jpg,1328389952858589.jpg,1328389952858589.jpg
1328389953058556,1328389953053773,4783,1328389953058556.bin,1328389953058556.jpg,1328389953058556.jpg,1328389953058556.jpg,1328389953058556.jpg,1328389953058556.jpg
1328389953258526,1328389953253897,4629,1328389953258526.bin,1328389953258526.jpg,1328389953258526.jpg,1328389953258526.jpg,1328389953258526.jpg,1328389953258526.jpg
1328389953458491,1328389953454003,4488,1328389953458491.bin,1328389953458491.jpg,1328389953458491.jpg,1328389953458491.jpg,1328389953458491.jpg,1328389953458491.jpg
1328389953658457,1328389953663567,5110,1328389953658457.bin,1328389953658457.jpg,1328389953658457.jpg,1328389953658457.jpg,1328389953658457.jpg,1328389953658457.jpg
1328389953858426,1328389953853751,4675,1328389953858426.bin,1328389953858426.jpg,1328389953858426.jpg,1328389953858426.jpg,1328389953858426.jpg,1328389953858426.jpg
1328389954058390,1328389954055848,2542,1328389954058390.bin,1328389954058390.jpg,1328389954058390.jpg,1328389954058390.jpg,1328389954058390.jpg,1328389954058390.jpg
1328389954258361,1328389954253966,4395,1328389954258361.bin,1328389954258361.jpg,1328389954258361.jpg,1328389954258361.jpg,1328389954258361.jpg,1328389954258361.jpg
1328389954458340,1328389954454053,4287,1328389954458340.bin,1328389954458340.jpg,1328389954458340.jpg,1328389954458340.jpg,1328389954458340.jpg,1328389954458340.jpg
1328389954658294,1328389954653615,4679,1328389954658294.bin,1328389954658294.jpg,1328389954658294.jpg,1328389954658294.jpg,1328389954658294.jpg,1328389954658294.jpg
1328389954858265,1328389954853884,4381,1328389954858265.bin,1328389954858265.jpg,1328389954858265.jpg,1328389954858265.jpg,1328389954858265.jpg,1328389954858265.jpg
1328389955058228,1328389955054072,4156,1328389955058228.bin,1328389955058228.jpg,1328389955058228.jpg,1328389955058228.jpg,1328389955058228.jpg,1328389955058228.jpg
1328389955258196,1328389955255078,3118,1328389955258196.bin,1328389955258196.jpg,1328389955258196.jpg,1328389955258196.jpg,1328389955258196.jpg,1328389955258196.jpg
1328389955458167,1328389955456603,1564,1328389955458167.bin,1328389955458167.jpg,1328389955458167.jpg,1328389955458167.jpg,1328389955458167.jpg,1328389955458167.jpg
1328389955658131,1328389955657762,369,1328389955658131.bin,1328389955658131.jpg,1328389955658131.jpg,1328389955658131.jpg,1328389955658131.jpg,1328389955658131.jpg
1328389955858107,1328389955858923,816,1328389955858107.bin,1328389955858107.jpg,1328389955858107.jpg,1328389955858107.jpg,1328389955858107.jpg,1328389955858107.jpg
1328389956058069,1328389956060199,2130,1328389956058069.bin,1328389956058069.jpg,1328389956058069.jpg,1328389956058069.jpg,1328389956058069.jpg,1328389956058069.jpg
1328389956258033,1328389956261370,3337,1328389956258033.bin,1328389956258033.jpg,1328389956258033.jpg,1328389956258033.jpg,1328389956258033.jpg,1328389956258033.jpg
1328389956458001,1328389956455630,2371,1328389956458001.bin,1328389956458001.jpg,1328389956458001.jpg,1328389956458001.jpg,1328389956458001.jpg,1328389956458001.jpg
1328389956657970,1328389956653914,4056,1328389956657970.bin,1328389956657970.jpg,1328389956657970.jpg,1328389956657970.jpg,1328389956657970.jpg,1328389956657970.jpg
1328389956857936,1328389956862748,4812,1328389956857936.bin,1328389956857936.jpg,1328389956857936.jpg,1328389956857936.jpg,1328389956857936.jpg,1328389956857936.jpg
1328389957057893,1328389957053719,4174,1328389957057893.bin,1328389957057893.jpg,1328389957057893.jpg,1328389957057893.jpg,1328389957057893.jpg,1328389957057893.jpg
1328389957257876,1328389957254537,3339,1328389957257876.bin,1328389957257876.jpg,1328389957257876.jpg,1328389957257876.jpg,1328389957257876.jpg,1328389957257876.jpg
1328389957457838,1328389957453849,3989,1328389957457838.bin,1328389957457838.jpg,1328389957457838.jpg,1328389957457838.jpg,1328389957457838.jpg,1328389957457838.jpg
1328389957657812,1328389957653538,4274,1328389957657812.bin,1328389957657812.jpg,1328389957657812.jpg,1328389957657812.jpg,1328389957657812.jpg,1328389957657812.jpg
1328389957857775,1328389957854061,3714,1328389957857775.bin,1328389957857775.jpg,1328389957857775.jpg,1328389957857775.jpg,1328389957857775.jpg,1328389957857775.jpg
1328389958057740,1328389958055978,1762,1328389958057740.bin,1328389958057740.jpg,1328389958057740.jpg,1328389958057740.jpg,1328389958057740.jpg,1328389958057740.jpg
1328389958257715,1328389958253701,4014,1328389958257715.bin,1328389958257715.jpg,1328389958257715.jpg,1328389958257715.jpg,1328389958257715.jpg,1328389958257715.jpg
1328389958457700,1328389958454116,3584,1328389958457700.bin,1328389958457700.jpg,1328389958457700.jpg,1328389958457700.jpg,1328389958457700.jpg,1328389958457700.jpg
1328389958657643,1328389958654354,3289,1328389958657643.bin,1328389958657643.jpg,1328389958657643.jpg,1328389958657643.jpg,1328389958657643.jpg,1328389958657643.jpg
1328389958857610,1328389958853303,4307,1328389958857610.bin,1328389958857610.jpg,1328389958857610.jpg,1328389958857610.jpg,1328389958857610.jpg,1328389958857610.jpg
1328389959057569,1328389959053845,3724,1328389959057569.bin,1328389959057569.jpg,1328389959057569.jpg,1328389959057569.jpg,1328389959057569.jpg,1328389959057569.jpg
1328389959257543,1328389959253968,3575,1328389959257543.bin,1328389959257543.jpg,1328389959257543.jpg,1328389959257543.jpg,1328389959257543.jpg,1328389959257543.jpg
1328389959457510,1328389959453943,3567,1328389959457510.bin,1328389959457510.jpg,1328389959457510.jpg,1328389959457510.jpg,1328389959457510.jpg,1328389959457510.jpg
1328389959657477,1328389959653539,3938,1328389959657477.bin,1328389959657477.jpg,1328389959657477.jpg,1328389959657477.jpg,1328389959657477.jpg,1328389959657477.jpg
1328389959857465,1328389959853640,3825,1328389959857465.bin,1328389959857465.jpg,1328389959857465.jpg,1328389959857465.jpg,1328389959857465.jpg,1328389959857465.jpg
1328389960057413,1328389960055840,1573,1328389960057413.bin,1328389960057413.jpg,1328389960057413.jpg,1328389960057413.jpg,1328389960057413.jpg,1328389960057413.jpg
1328389960257379,1328389960256963,416,1328389960257379.bin,1328389960257379.jpg,1328389960257379.jpg,1328389960257379.jpg,1328389960257379.jpg,1328389960257379.jpg
1328389960457351,1328389960458241,890,1328389960457351.bin,1328389960457351.jpg,1328389960457351.jpg,1328389960457351.jpg,1328389960457351.jpg,1328389960457351.jpg
1328389960657322,1328389960659448,2126,1328389960657322.bin,1328389960657322.jpg,1328389960657322.jpg,1328389960657322.jpg,1328389960657322.jpg,1328389960657322.jpg
1328389960857288,1328389960856704,584,1328389960857288.bin,1328389960857288.jpg,1328389960857288.jpg,1328389960857288.jpg,1328389960857288.jpg,1328389960857288.jpg
1328389961057252,1328389961057998,746,1328389961057252.bin,1328389961057252.jpg,1328389961057252.jpg,1328389961057252.jpg,1328389961057252.jpg,1328389961057252.jpg
1328389961257217,1328389961259182,1965,1328389961257217.bin,1328389961257217.jpg,1328389961257217.jpg,1328389961257217.jpg,1328389961257217.jpg,1328389961257217.jpg
1328389961457185,1328389961454154,3031,1328389961457185.bin,1328389961457185.jpg,1328389961457185.jpg,1328389961457185.jpg,1328389961457185.jpg,1328389961457185.jpg
1328389961657153,1328389961653319,3834,1328389961657153.bin,1328389961657153.jpg,1328389961657153.jpg,1328389961657153.jpg,1328389961657153.jpg,1328389961657153.jpg
1328389961857122,1328389961853764,3358,1328389961857122.bin,1328389961857122.jpg,1328389961857122.jpg,1328389961857122.jpg,1328389961857122.jpg,1328389961857122.jpg
1328389962057090,1328389962053639,3451,1328389962057090.bin,1328389962057090.jpg,1328389962057090.jpg,1328389962057090.jpg,1328389962057090.jpg,1328389962057090.jpg
1328389962257054,1328389962253915,3139,1328389962257054.bin,1328389962257054.jpg,1328389962257054.jpg,1328389962257054.jpg,1328389962257054.jpg,1328389962257054.jpg
1328389962457088,1328389962455160,1928,1328389962457088.bin,1328389962457088.jpg,1328389962457088.jpg,1328389962457088.jpg,1328389962457088.jpg,1328389962457088.jpg
1328389962656991,1328389962655607,1384,1328389962656991.bin,1328389962656991.jpg,1328389962656991.jpg,1328389962656991.jpg,1328389962656991.jpg,1328389962656991.jpg
1328389962856962,1328389962856013,949,1328389962856962.bin,1328389962856962.jpg,1328389962856962.jpg,1328389962856962.jpg,1328389962856962.jpg,1328389962856962.jpg
1328389963056925,1328389963056655,270,1328389963056925.bin,1328389963056925.jpg,1328389963056925.jpg,1328389963056925.jpg,1328389963056925.jpg,1328389963056925.jpg
1328389963256897,1328389963257176,279,1328389963256897.bin,1328389963256897.jpg,1328389963256897.jpg,1328389963256897.jpg,1328389963256897.jpg,1328389963256897.jpg
1328389963456869,1328389963457699,830,1328389963456869.bin,1328389963456869.jpg,1328389963456869.jpg,1328389963456869.jpg,1328389963456869.jpg,1328389963456869.jpg
1328389963656828,1328389963658145,1317,1328389963656828.bin,1328389963656828.jpg,1328389963656828.jpg,1328389963656828.jpg,1328389963656828.jpg,1328389963656828.jpg
1328389963856799,1328389963858603,1804,1328389963856799.bin,1328389963856799.jpg,1328389963856799.jpg,1328389963856799.jpg,1328389963856799.jpg,1328389963856799.jpg
1328389964056757,1328389964059100,2343,1328389964056757.bin,1328389964056757.jpg,1328389964056757.jpg,1328389964056757.jpg,1328389964056757.jpg,1328389964056757.jpg
1328389964256732,1328389964253832,2900,1328389964256732.bin,1328389964256732.jpg,1328389964256732.jpg,1328389964256732.jpg,1328389964256732.jpg,1328389964256732.jpg
1328389964456696,1328389964453543,3153,1328389964456696.bin,1328389964456696.jpg,1328389964456696.jpg,1328389964456696.jpg,1328389964456696.jpg,1328389964456696.jpg
1328389964656666,1328389964653634,3032,1328389964656666.bin,1328389964656666.jpg,1328389964656666.jpg,1328389964656666.jpg,1328389964656666.jpg,1328389964656666.jpg
1328389964856632,1328389964853960,2672,1328389964856632.bin,1328389964856632.jpg,1328389964856632.jpg,1328389964856632.jpg,1328389964856632.jpg,1328389964856632.jpg
1328389965056599,1328389965056423,176,1328389965056599.bin,1328389965056599.jpg,1328389965056599.jpg,1328389965056599.jpg,1328389965056599.jpg,1328389965056599.jpg
1328389965256569,1328389965257678,1109,1328389965256569.bin,1328389965256569.jpg,1328389965256569.jpg,1328389965256569.jpg,1328389965256569.jpg,1328389965256569.jpg
1328389965456533,1328389965458857,2324,1328389965456533.bin,1328389965456533.jpg,1328389965456533.jpg,1328389965456533.jpg,1328389965456533.jpg,1328389965456533.jpg
1328389965656527,1328389965653770,2757,1328389965656527.bin,1328389965656527.jpg,1328389965656527.jpg,1328389965656527.jpg,1328389965656527.jpg,1328389965656527.jpg
1328389965856471,1328389965853847,2624,1328389965856471.bin,1328389965856471.jpg,1328389965856471.jpg,1328389965856471.jpg,1328389965856471.jpg,1328389965856471.jpg
1328389966056438,1328389966053652,2786,1328389966056438.bin,1328389966056438.jpg,1328389966056438.jpg,1328389966056438.jpg,1328389966056438.jpg,1328389966056438.jpg
1328389966256424,1328389966253541,2883,1328389966256424.bin,1328389966256424.jpg,1328389966256424.jpg,1328389966256424.jpg,1328389966256424.jpg,1328389966256424.jpg
1328389966456371,1328389966452985,3386,1328389966456371.bin,1328389966456371.jpg,1328389966456371.jpg,1328389966456371.jpg,1328389966456371.jpg,1328389966456371.jpg
1328389966656340,1328389966653932,2408,1328389966656340.bin,1328389966656340.jpg,1328389966656340.jpg,1328389966656340.jpg,1328389966656340.jpg,1328389966656340.jpg
1328389966856303,1328389966855390,913,1328389966856303.bin,1328389966856303.jpg,1328389966856303.jpg,1328389966856303.jpg,1328389966856303.jpg,1328389966856303.jpg
1328389967056276,1328389967054153,2123,1328389967056276.bin,1328389967056276.jpg,1328389967056276.jpg,1328389967056276.jpg,1328389967056276.jpg,1328389967056276.jpg
1328389967256241,1328389967253647,2594,1328389967256241.bin,1328389967256241.jpg,1328389967256241.jpg,1328389967256241.jpg,1328389967256241.jpg,1328389967256241.jpg
1328389967456223,1328389967453371,2852,1328389967456223.bin,1328389967456223.jpg,1328389967456223.jpg,1328389967456223.jpg,1328389967456223.jpg,1328389967456223.jpg
1328389967656205,1328389967654110,2095,1328389967656205.bin,1328389967656205.jpg,1328389967656205.jpg,1328389967656205.jpg,1328389967656205.jpg,1328389967656205.jpg
1328389967856182,1328389967853861,2321,1328389967856182.bin,1328389967856182.jpg,1328389967856182.jpg,1328389967856182.jpg,1328389967856182.jpg,1328389967856182.jpg
1328389968056122,1328389968057782,1660,1328389968056122.bin,1328389968056122.jpg,1328389968056122.jpg,1328389968056122.jpg,1328389968056122.jpg,1328389968056122.jpg
1328389968256078,1328389968253844,2234,1328389968256078.bin,1328389968256078.jpg,1328389968256078.jpg,1328389968256078.jpg,1328389968256078.jpg,1328389968256078.jpg
1328389968456043,1328389968454050,1993,1328389968456043.bin,1328389968456043.jpg,1328389968456043.jpg,1328389968456043.jpg,1328389968456043.jpg,1328389968456043.jpg
1328389968656012,1328389968654048,1964,1328389968656012.bin,1328389968656012.jpg,1328389968656012.jpg,1328389968656012.jpg,1328389968656012.jpg,1328389968656012.jpg
1328389968855981,1328389968854042,1939,1328389968855981.bin,1328389968855981.jpg,1328389968855981.jpg,1328389968855981.jpg,1328389968855981.jpg,1328389968855981.jpg
1328389969055945,1328389969053361,2584,1328389969055945.bin,1328389969055945.jpg,1328389969055945.jpg,1328389969055945.jpg,1328389969055945.jpg,1328389969055945.jpg
1328389969255912,1328389969253911,2001,1328389969255912.bin,1328389969255912.jpg,1328389969255912.jpg,1328389969255912.jpg,1328389969255912.jpg,1328389969255912.jpg
1328389969455885,1328389969455887,2,1328389969455885.bin,1328389969455885.jpg,1328389969455885.jpg,1328389969455885.jpg,1328389969455885.jpg,1328389969455885.jpg
1328389969655877,1328389969653642,2235,1328389969655877.bin,1328389969655877.jpg,1328389969655877.jpg,1328389969655877.jpg,1328389969655877.jpg,1328389969655877.jpg
1328389969855816,1328389969853744,2072,1328389969855816.bin,1328389969855816.jpg,1328389969855816.jpg,1328389969855816.jpg,1328389969855816.jpg,1328389969855816.jpg
1328389970055775,1328389970054250,1525,1328389970055775.bin,1328389970055775.jpg,1328389970055775.jpg,1328389970055775.jpg,1328389970055775.jpg,1328389970055775.jpg
1328389970255768,1328389970254043,1725,1328389970255768.bin,1328389970255768.jpg,1328389970255768.jpg,1328389970255768.jpg,1328389970255768.jpg,1328389970255768.jpg
1328389970455731,1328389970453628,2103,1328389970455731.bin,1328389970455731.jpg,1328389970455731.jpg,1328389970455731.jpg,1328389970455731.jpg,1328389970455731.jpg
1328389970655694,1328389970653946,1748,1328389970655694.bin,1328389970655694.jpg,1328389970655694.jpg,1328389970655694.jpg,1328389970655694.jpg,1328389970655694.jpg
1328389970855654,1328389970855354,300,1328389970855654.bin,1328389970855654.jpg,1328389970855654.jpg,1328389970855654.jpg,1328389970855654.jpg,1328389970855654.jpg
1328389971055629,1328389971056634,1005,1328389971055629.bin,1328389971055629.jpg,1328389971055629.jpg,1328389971055629.jpg,1328389971055629.jpg,1328389971055629.jpg
1328389971255588,1328389971253836,1752,1328389971255588.bin,1328389971255588.jpg,1328389971255588.jpg,1328389971255588.jpg,1328389971255588.jpg,1328389971255588.jpg
1328389971455556,1328389971453817,1739,1328389971455556.bin,1328389971455556.jpg,1328389971455556.jpg,1328389971455556.jpg,1328389971455556.jpg,1328389971455556.jpg
1328389971655515,1328389971654995,520,1328389971655515.bin,1328389971655515.jpg,1328389971655515.jpg,1328389971655515.jpg,1328389971655515.jpg,1328389971655515.jpg
1328389971855496,1328389971853705,1791,1328389971855496.bin,1328389971855496.jpg,1328389971855496.jpg,1328389971855496.jpg,1328389971855496.jpg,1328389971855496.jpg
1328389972055462,1328389972053798,1664,1328389972055462.bin,1328389972055462.jpg,1328389972055462.jpg,1328389972055462.jpg,1328389972055462.jpg,1328389972055462.jpg
1328389972255425,1328389972253787,1638,1328389972255425.bin,1328389972255425.jpg,1328389972255425.jpg,1328389972255425.jpg,1328389972255425.jpg,1328389972255425.jpg
1328389972455392,1328389972453889,1503,1328389972455392.bin,1328389972455392.jpg,1328389972455392.jpg,1328389972455392.jpg,1328389972455392.jpg,1328389972455392.jpg
1328389972655367,1328389972654037,1330,1328389972655367.bin,1328389972655367.jpg,1328389972655367.jpg,1328389972655367.jpg,1328389972655367.jpg,1328389972655367.jpg
1328389972855378,1328389972854129,1249,1328389972855378.bin,1328389972855378.jpg,1328389972855378.jpg,1328389972855378.jpg,1328389972855378.jpg,1328389972855378.jpg
1328389973055287,1328389973053636,1651,1328389973055287.bin,1328389973055287.jpg,1328389973055287.jpg,1328389973055287.jpg,1328389973055287.jpg,1328389973055287.jpg
1328389973255254,1328389973253130,2124,1328389973255254.bin,1328389973255254.jpg,1328389973255254.jpg,1328389973255254.jpg,1328389973255254.jpg,1328389973255254.jpg
1328389973455230,1328389973454220,1010,1328389973455230.bin,1328389973455230.jpg,1328389973455230.jpg,1328389973455230.jpg,1328389973455230.jpg,1328389973455230.jpg
1328389973655199,1328389973655341,142,1328389973655199.bin,1328389973655199.jpg,1328389973655199.jpg,1328389973655199.jpg,1328389973655199.jpg,1328389973655199.jpg
1328389973855168,1328389973853669,1499,1328389973855168.bin,1328389973855168.jpg,1328389973855168.jpg,1328389973855168.jpg,1328389973855168.jpg,1328389973855168.jpg
1328389974055137,1328389974053822,1315,1328389974055137.bin,1328389974055137.jpg,1328389974055137.jpg,1328389974055137.jpg,1328389974055137.jpg,1328389974055137.jpg
1328389974255098,1328389974254189,909,1328389974255098.bin,1328389974255098.jpg,1328389974255098.jpg,1328389974255098.jpg,1328389974255098.jpg,1328389974255098.jpg
1328389974455070,1328389974454159,911,1328389974455070.bin,1328389974455070.jpg,1328389974455070.jpg,1328389974455070.jpg,1328389974455070.jpg,1328389974455070.jpg
1328389974655039,1328389974654224,815,1328389974655039.bin,1328389974655039.jpg,1328389974655039.jpg,1328389974655039.jpg,1328389974655039.jpg,1328389974655039.jpg
1328389974855013,1328389974854279,734,1328389974855013.bin,1328389974855013.jpg,1328389974855013.jpg,1328389974855013.jpg,1328389974855013.jpg,1328389974855013.jpg
1328389975055031,1328389975055035,4,1328389975055031.bin,1328389975055031.jpg,1328389975055031.jpg,1328389975055031.jpg,1328389975055031.jpg,1328389975055031.jpg
1328389975254938,1328389975254655,283,1328389975254938.bin,1328389975254938.jpg,1328389975254938.jpg,1328389975254938.jpg,1328389975254938.jpg,1328389975254938.jpg
1328389975454923,1328389975453642,1281,1328389975454923.bin,1328389975454923.jpg,1328389975454923.jpg,1328389975454923.jpg,1328389975454923.jpg,1328389975454923.jpg
1328389975654872,1328389975653785,1087,1328389975654872.bin,1328389975654872.jpg,1328389975654872.jpg,1328389975654872.jpg,1328389975654872.jpg,1328389975654872.jpg
1328389975854846,1328389975853670,1176,1328389975854846.bin,1328389975854846.jpg,1328389975854846.jpg,1328389975854846.jpg,1328389975854846.jpg,1328389975854846.jpg
1328389976054812,1328389976054053,759,1328389976054812.bin,1328389976054812.jpg,1328389976054812.jpg,1328389976054812.jpg,1328389976054812.jpg,1328389976054812.jpg
1328389976254800,1328389976253642,1158,1328389976254800.bin,1328389976254800.jpg,1328389976254800.jpg,1328389976254800.jpg,1328389976254800.jpg,1328389976254800.jpg
1328389976454741,1328389976454831,90,1328389976454741.bin,1328389976454741.jpg,1328389976454741.jpg,1328389976454741.jpg,1328389976454741.jpg,1328389976454741.jpg
1328389976654711,1328389976653832,879,1328389976654711.bin,1328389976654711.jpg,1328389976654711.jpg,1328389976654711.jpg,1328389976654711.jpg,1328389976654711.jpg
1328389976854678,1328389976853735,943,1328389976854678.bin,1328389976854678.jpg,1328389976854678.jpg,1328389976854678.jpg,1328389976854678.jpg,1328389976854678.jpg
1328389977054643,1328389977052574,2069,1328389977054643.bin,1328389977054643.jpg,1328389977054643.jpg,1328389977054643.jpg,1328389977054643.jpg,1328389977054643.jpg
1328389977254613,1328389977254068,545,1328389977254613.bin,1328389977254613.jpg,1328389977254613.jpg,1328389977254613.jpg,1328389977254613.jpg,1328389977254613.jpg
1328389977454576,1328389977454715,139,1328389977454576.bin,1328389977454576.jpg,1328389977454576.jpg,1328389977454576.jpg,1328389977454576.jpg,1328389977454576.jpg
1328389977654585,1328389977653832,753,1328389977654585.bin,1328389977654585.jpg,1328389977654585.jpg,1328389977654585.jpg,1328389977654585.jpg,1328389977654585.jpg
1328389977854551,1328389977854677,126,1328389977854551.bin,1328389977854551.jpg,1328389977854551.jpg,1328389977854551.jpg,1328389977854551.jpg,1328389977854551.jpg
1328389978054471,1328389978054015,456,1328389978054471.bin,1328389978054471.jpg,1328389978054471.jpg,1328389978054471.jpg,1328389978054471.jpg,1328389978054471.jpg
1328389978254452,1328389978253797,655,1328389978254452.bin,1328389978254452.jpg,1328389978254452.jpg,1328389978254452.jpg,1328389978254452.jpg,1328389978254452.jpg
1328389978454415,1328389978454309,106,1328389978454415.bin,1328389978454415.jpg,1328389978454415.jpg,1328389978454415.jpg,1328389978454415.jpg,1328389978454415.jpg
1328389978654417,1328389978653773,644,1328389978654417.bin,1328389978654417.jpg,1328389978654417.jpg,1328389978654417.jpg,1328389978654417.jpg,1328389978654417.jpg
1328389978854352,1328389978853739,613,1328389978854352.bin,1328389978854352.jpg,1328389978854352.jpg,1328389978854352.jpg,1328389978854352.jpg,1328389978854352.jpg
1328389979054317,1328389979053815,502,1328389979054317.bin,1328389979054317.jpg,1328389979054317.jpg,1328389979054317.jpg,1328389979054317.jpg,1328389979054317.jpg
1328389979254284,1328389979254028,256,1328389979254284.bin,1328389979254284.jpg,1328389979254284.jpg,1328389979254284.jpg,1328389979254284.jpg,1328389979254284.jpg
1328389979454251,1328389979453607,644,1328389979454251.bin,1328389979454251.jpg,1328389979454251.jpg,1328389979454251.jpg,1328389979454251.jpg,1328389979454251.jpg
1328389979654210,1328389979653547,663,1328389979654210.bin,1328389979654210.jpg,1328389979654210.jpg,1328389979654210.jpg,1328389979654210.jpg,1328389979654210.jpg
1328389979854182,1328389979853681,501,1328389979854182.bin,1328389979854182.jpg,1328389979854182.jpg,1328389979854182.jpg,1328389979854182.jpg,1328389979854182.jpg
1328389980054150,1328389980053784,366,1328389980054150.bin,1328389980054150.jpg,1328389980054150.jpg,1328389980054150.jpg,1328389980054150.jpg,1328389980054150.jpg
1328389980254122,1328389980254070,52,1328389980254122.bin,1328389980254122.jpg,1328389980254122.jpg,1328389980254122.jpg,1328389980254122.jpg,1328389980254122.jpg
1328389980454090,1328389980454111,21,1328389980454090.bin,1328389980454090.jpg,1328389980454090.jpg,1328389980454090.jpg,1328389980454090.jpg,1328389980454090.jpg
1328389980654055,1328389980653777,278,1328389980654055.bin,1328389980654055.jpg,1328389980654055.jpg,1328389980654055.jpg,1328389980654055.jpg,1328389980654055.jpg
1328389980854051,1328389980853816,235,1328389980854051.bin,1328389980854051.jpg,1328389980854051.jpg,1328389980854051.jpg,1328389980854051.jpg,1328389980854051.jpg
1328389981053984,1328389981054102,118,1328389981053984.bin,1328389981053984.jpg,1328389981053984.jpg,1328389981053984.jpg,1328389981053984.jpg,1328389981053984.jpg
1328389981254030,1328389981253510,520,1328389981254030.bin,1328389981254030.jpg,1328389981254030.jpg,1328389981254030.jpg,1328389981254030.jpg,1328389981254030.jpg
1328389981453948,1328389981453838,110,1328389981453948.bin,1328389981453948.jpg,1328389981453948.jpg,1328389981453948.jpg,1328389981453948.jpg,1328389981453948.jpg
1328389981653894,1328389981653832,62,1328389981653894.bin,1328389981653894.jpg,1328389981653894.jpg,1328389981653894.jpg,1328389981653894.jpg,1328389981653894.jpg
1328389981853862,1328389981853987,125,1328389981853862.bin,1328389981853862.jpg,1328389981853862.jpg,1328389981853862.jpg,1328389981853862.jpg,1328389981853862.jpg
1328389982053850,1328389982054074,224,1328389982053850.bin,1328389982053850.jpg,1328389982053850.jpg,1328389982053850.jpg,1328389982053850.jpg,1328389982053850.jpg
1328389982253830,1328389982253844,14,1328389982253830.bin,1328389982253830.jpg,1328389982253830.jpg,1328389982253830.jpg,1328389982253830.jpg,1328389982253830.jpg
1328389982453931,1328389982453599,332,1328389982453931.bin,1328389982453931.jpg,1328389982453931.jpg,1328389982453931.jpg,1328389982453931.jpg,1328389982453931.jpg
1328389982653734,1328389982654047,313,1328389982653734.bin,1328389982653734.jpg,1328389982653734.jpg,1328389982653734.jpg,1328389982653734.jpg,1328389982653734.jpg
1328389982853698,1328389982853882,184,1328389982853698.bin,1328389982853698.jpg,1328389982853698.jpg,1328389982853698.jpg,1328389982853698.jpg,1328389982853698.jpg
1328389983053689,1328389983053723,34,1328389983053689.bin,1328389983053689.jpg,1328389983053689.jpg,1328389983053689.jpg,1328389983053689.jpg,1328389983053689.jpg
1328389983253636,1328389983254150,514,1328389983253636.bin,1328389983253636.jpg,1328389983253636.jpg,1328389983253636.jpg,1328389983253636.jpg,1328389983253636.jpg
1328389983453621,1328389983454163,542,1328389983453621.bin,1328389983453621.jpg,1328389983453621.jpg,1328389983453621.jpg,1328389983453621.jpg,1328389983453621.jpg
1328389983653567,1328389983654096,529,1328389983653567.bin,1328389983653567.jpg,1328389983653567.jpg,1328389983653567.jpg,1328389983653567.jpg,1328389983653567.jpg
1328389983853536,1328389983853630,94,1328389983853536.bin,1328389983853536.jpg,1328389983853536.jpg,1328389983853536.jpg,1328389983853536.jpg,1328389983853536.jpg
1328389984053492,1328389984053955,463,1328389984053492.bin,1328389984053492.jpg,1328389984053492.jpg,1328389984053492.jpg,1328389984053492.jpg,1328389984053492.jpg
1328389984253499,1328389984253765,266,1328389984253499.bin,1328389984253499.jpg,1328389984253499.jpg,1328389984253499.jpg,1328389984253499.jpg,1328389984253499.jpg
1328389984453468,1328389984455413,1945,1328389984453468.bin,1328389984453468.jpg,1328389984453468.jpg,1328389984453468.jpg,1328389984453468.jpg,1328389984453468.jpg
1328389984653447,1328389984653765,318,1328389984653447.bin,1328389984653447.jpg,1328389984653447.jpg,1328389984653447.jpg,1328389984653447.jpg,1328389984653447.jpg
1328389984853412,1328389984853766,354,1328389984853412.bin,1328389984853412.jpg,1328389984853412.jpg,1328389984853412.jpg,1328389984853412.jpg,1328389984853412.jpg
1328389985053340,1328389985055607,2267,1328389985053340.bin,1328389985053340.jpg,1328389985053340.jpg,1328389985053340.jpg,1328389985053340.jpg,1328389985053340.jpg
1328389985253306,1328389985253627,321,1328389985253306.bin,1328389985253306.jpg,1328389985253306.jpg,1328389985253306.jpg,1328389985253306.jpg,1328389985253306.jpg
1328389985453301,1328389985453121,180,1328389985453301.bin,1328389985453301.jpg,1328389985453301.jpg,1328389985453301.jpg,1328389985453301.jpg,1328389985453301.jpg
1328389985653241,1328389985654839,1598,1328389985653241.bin,1328389985653241.jpg,1328389985653241.jpg,1328389985653241.jpg,1328389985653241.jpg,1328389985653241.jpg
1328389985853209,1328389985853892,683,1328389985853209.bin,1328389985853209.jpg,1328389985853209.jpg,1328389985853209.jpg,1328389985853209.jpg,1328389985853209.jpg
1328389986253258,1328389986252508,750,1328389986253258.bin,1328389986253258.jpg,1328389986253258.jpg,1328389986253258.jpg,1328389986253258.jpg,1328389986253258.jpg
1328389986453135,1328389986453903,768,1328389986453135.bin,1328389986453135.jpg,1328389986453135.jpg,1328389986453135.jpg,1328389986453135.jpg,1328389986453135.jpg
1328389986653076,1328389986653934,858,1328389986653076.bin,1328389986653076.jpg,1328389986653076.jpg,1328389986653076.jpg,1328389986653076.jpg,1328389986653076.jpg
1328389986853044,1328389986853946,902,1328389986853044.bin,1328389986853044.jpg,1328389986853044.jpg,1328389986853044.jpg,1328389986853044.jpg,1328389986853044.jpg
1328389987053003,1328389987053136,133,1328389987053003.bin,1328389987053003.jpg,1328389987053003.jpg,1328389987053003.jpg,1328389987053003.jpg,1328389987053003.jpg
1328389987252980,1328389987253599,619,1328389987252980.bin,1328389987252980.jpg,1328389987252980.jpg,1328389987252980.jpg,1328389987252980.jpg,1328389987252980.jpg
1328389987452947,1328389987453947,1000,1328389987452947.bin,1328389987452947.jpg,1328389987452947.jpg,1328389987452947.jpg,1328389987452947.jpg,1328389987452947.jpg
1328389987652939,1328389987653954,1015,1328389987652939.bin,1328389987652939.jpg,1328389987652939.jpg,1328389987652939.jpg,1328389987652939.jpg,1328389987652939.jpg
1328389987852890,1328389987854198,1308,1328389987852890.bin,1328389987852890.jpg,1328389987852890.jpg,1328389987852890.jpg,1328389987852890.jpg,1328389987852890.jpg
1328389988052850,1328389988053992,1142,1328389988052850.bin,1328389988052850.jpg,1328389988052850.jpg,1328389988052850.jpg,1328389988052850.jpg,1328389988052850.jpg
1328389988252817,1328389988254271,1454,1328389988252817.bin,1328389988252817.jpg,1328389988252817.jpg,1328389988252817.jpg,1328389988252817.jpg,1328389988252817.jpg
1328389988452977,1328389988454134,1157,1328389988452977.bin,1328389988452977.jpg,1328389988452977.jpg,1328389988452977.jpg,1328389988452977.jpg,1328389988452977.jpg
1328389988652761,1328389988656287,3526,1328389988652761.bin,1328389988652761.jpg,1328389988652761.jpg,1328389988652761.jpg,1328389988652761.jpg,1328389988652761.jpg
1328389988852722,1328389988853899,1177,1328389988852722.bin,1328389988852722.jpg,1328389988852722.jpg,1328389988852722.jpg,1328389988852722.jpg,1328389988852722.jpg
1328389989052688,1328389989050537,2151,1328389989052688.bin,1328389989052688.jpg,1328389989052688.jpg,1328389989052688.jpg,1328389989052688.jpg,1328389989052688.jpg
1328389989252652,1328389989251853,799,1328389989252652.bin,1328389989252652.jpg,1328389989252652.jpg,1328389989252652.jpg,1328389989252652.jpg,1328389989252652.jpg
1328389989452624,1328389989454145,1521,1328389989452624.bin,1328389989452624.jpg,1328389989452624.jpg,1328389989452624.jpg,1328389989452624.jpg,1328389989452624.jpg
1328389989652581,1328389989655695,3114,1328389989652581.bin,1328389989652581.jpg,1328389989652581.jpg,1328389989652581.jpg,1328389989652581.jpg,1328389989652581.jpg
1328389989852557,1328389989854174,1617,1328389989852557.bin,1328389989852557.jpg,1328389989852557.jpg,1328389989852557.jpg,1328389989852557.jpg,1328389989852557.jpg
1328389990052525,1328389990054073,1548,1328389990052525.bin,1328389990052525.jpg,1328389990052525.jpg,1328389990052525.jpg,1328389990052525.jpg,1328389990052525.jpg
1328389990252494,1328389990254140,1646,1328389990252494.bin,1328389990252494.jpg,1328389990252494.jpg,1328389990252494.jpg,1328389990252494.jpg,1328389990252494.jpg
1328389990452458,1328389990454330,1872,1328389990452458.bin,1328389990452458.jpg,1328389990452458.jpg,1328389990452458.jpg,1328389990452458.jpg,1328389990452458.jpg
1328389990652424,1328389990653634,1210,1328389990652424.bin,1328389990652424.jpg,1328389990652424.jpg,1328389990652424.jpg,1328389990652424.jpg,1328389990652424.jpg
1328389990852496,1328389990854082,1586,1328389990852496.bin,1328389990852496.jpg,1328389990852496.jpg,1328389990852496.jpg,1328389990852496.jpg,1328389990852496.jpg
1328389991052363,1328389991054024,1661,1328389991052363.bin,1328389991052363.jpg,1328389991052363.jpg,1328389991052363.jpg,1328389991052363.jpg,1328389991052363.jpg
1328389991252328,1328389991252924,596,1328389991252328.bin,1328389991252328.jpg,1328389991252328.jpg,1328389991252328.jpg,1328389991252328.jpg,1328389991252328.jpg
1328389991452295,1328389991453729,1434,1328389991452295.bin,1328389991452295.jpg,1328389991452295.jpg,1328389991452295.jpg,1328389991452295.jpg,1328389991452295.jpg
1328389991652265,1328389991653790,1525,1328389991652265.bin,1328389991652265.jpg,1328389991652265.jpg,1328389991652265.jpg,1328389991652265.jpg,1328389991652265.jpg
1328389991852228,1328389991854098,1870,1328389991852228.bin,1328389991852228.jpg,1328389991852228.jpg,1328389991852228.jpg,1328389991852228.jpg,1328389991852228.jpg
1328389992052227,1328389992053581,1354,1328389992052227.bin,1328389992052227.jpg,1328389992052227.jpg,1328389992052227.jpg,1328389992052227.jpg,1328389992052227.jpg
1328389992252174,1328389992254017,1843,1328389992252174.bin,1328389992252174.jpg,1328389992252174.jpg,1328389992252174.jpg,1328389992252174.jpg,1328389992252174.jpg
1328389992452131,1328389992453557,1426,1328389992452131.bin,1328389992452131.jpg,1328389992452131.jpg,1328389992452131.jpg,1328389992452131.jpg,1328389992452131.jpg
1328389992652090,1328389992653907,1817,1328389992652090.bin,1328389992652090.jpg,1328389992652090.jpg,1328389992652090.jpg,1328389992652090.jpg,1328389992652090.jpg
1328389992852069,1328389992850259,1810,1328389992852069.bin,1328389992852069.jpg,1328389992852069.jpg,1328389992852069.jpg,1328389992852069.jpg,1328389992852069.jpg
1328389993052065,1328389993051396,669,1328389993052065.bin,1328389993052065.jpg,1328389993052065.jpg,1328389993052065.jpg,1328389993052065.jpg,1328389993052065.jpg
1328389993252001,1328389993252524,523,1328389993252001.bin,1328389993252001.jpg,1328389993252001.jpg,1328389993252001.jpg,1328389993252001.jpg,1328389993252001.jpg
1328389993451970,1328389993453608,1638,1328389993451970.bin,1328389993451970.jpg,1328389993451970.jpg,1328389993451970.jpg,1328389993451970.jpg,1328389993451970.jpg
1328389993651980,1328389993654113,2133,1328389993651980.bin,1328389993651980.jpg,1328389993651980.jpg,1328389993651980.jpg,1328389993651980.jpg,1328389993651980.jpg
1328389993851906,1328389993850689,1217,1328389993851906.bin,1328389993851906.jpg,1328389993851906.jpg,1328389993851906.jpg,1328389993851906.jpg,1328389993851906.jpg
1328389994051894,1328389994051817,77,1328389994051894.bin,1328389994051894.jpg,1328389994051894.jpg,1328389994051894.jpg,1328389994051894.jpg,1328389994051894.jpg
1328389994251836,1328389994253594,1758,1328389994251836.bin,1328389994251836.jpg,1328389994251836.jpg,1328389994251836.jpg,1328389994251836.jpg,1328389994251836.jpg
1328389994451805,1328389994454508,2703,1328389994451805.bin,1328389994451805.jpg,1328389994451805.jpg,1328389994451805.jpg,1328389994451805.jpg,1328389994451805.jpg
1328389994651762,1328389994655940,4178,1328389994651762.bin,1328389994651762.jpg,1328389994651762.jpg,1328389994651762.jpg,1328389994651762.jpg,1328389994651762.jpg
1328389994851740,1328389994853812,2072,1328389994851740.bin,1328389994851740.jpg,1328389994851740.jpg,1328389994851740.jpg,1328389994851740.jpg,1328389994851740.jpg
1328389995051699,1328389995049798,1901,1328389995051699.bin,1328389995051699.jpg,1328389995051699.jpg,1328389995051699.jpg,1328389995051699.jpg,1328389995051699.jpg
1328389995251676,1328389995253943,2267,1328389995251676.bin,1328389995251676.jpg,1328389995251676.jpg,1328389995251676.jpg,1328389995251676.jpg,1328389995251676.jpg
1328389995451644,1328389995450288,1356,1328389995451644.bin,1328389995451644.jpg,1328389995451644.jpg,1328389995451644.jpg,1328389995451644.jpg,1328389995451644.jpg
1328389995651611,1328389995651493,118,1328389995651611.bin,1328389995651611.jpg,1328389995651611.jpg,1328389995651611.jpg,1328389995651611.jpg,1328389995651611.jpg
1328389995851579,1328389995852695,1116,1328389995851579.bin,1328389995851579.jpg,1328389995851579.jpg,1328389995851579.jpg,1328389995851579.jpg,1328389995851579.jpg
1328389996051545,1328389996053901,2356,1328389996051545.bin,1328389996051545.jpg,1328389996051545.jpg,1328389996051545.jpg,1328389996051545.jpg,1328389996051545.jpg
1328389996251514,1328389996254159,2645,1328389996251514.bin,1328389996251514.jpg,1328389996251514.jpg,1328389996251514.jpg,1328389996251514.jpg,1328389996251514.jpg
1328389996451479,1328389996454263,2784,1328389996451479.bin,1328389996451479.jpg,1328389996451479.jpg,1328389996451479.jpg,1328389996451479.jpg,1328389996451479.jpg
1328389996651452,1328389996653827,2375,1328389996651452.bin,1328389996651452.jpg,1328389996651452.jpg,1328389996651452.jpg,1328389996651452.jpg,1328389996651452.jpg
1328389996851415,1328389996854167,2752,1328389996851415.bin,1328389996851415.jpg,1328389996851415.jpg,1328389996851415.jpg,1328389996851415.jpg,1328389996851415.jpg
1328389997051378,1328389997048771,2607,1328389997051378.bin,1328389997051378.jpg,1328389997051378.jpg,1328389997051378.jpg,1328389997051378.jpg,1328389997051378.jpg
1328389997251349,1328389997249977,1372,1328389997251349.bin,1328389997251349.jpg,1328389997251349.jpg,1328389997251349.jpg,1328389997251349.jpg,1328389997251349.jpg
1328389997451317,1328389997451031,286,1328389997451317.bin,1328389997451317.jpg,1328389997451317.jpg,1328389997451317.jpg,1328389997451317.jpg,1328389997451317.jpg
1328389997651285,1328389997655401,4116,1328389997651285.bin,1328389997651285.jpg,1328389997651285.jpg,1328389997651285.jpg,1328389997651285.jpg,1328389997651285.jpg
1328389997851250,1328389997853555,2305,1328389997851250.bin,1328389997851250.jpg,1328389997851250.jpg,1328389997851250.jpg,1328389997851250.jpg,1328389997851250.jpg
1328389998051217,1328389998049493,1724,1328389998051217.bin,1328389998051217.jpg,1328389998051217.jpg,1328389998051217.jpg,1328389998051217.jpg,1328389998051217.jpg
1328389998251188,1328389998250662,526,1328389998251188.bin,1328389998251188.jpg,1328389998251188.jpg,1328389998251188.jpg,1328389998251188.jpg,1328389998251188.jpg
1328389998451156,1328389998451817,661,1328389998451156.bin,1328389998451156.jpg,1328389998451156.jpg,1328389998451156.jpg,1328389998451156.jpg,1328389998451156.jpg
1328389998651120,1328389998653079,1959,1328389998651120.bin,1328389998651120.jpg,1328389998651120.jpg,1328389998651120.jpg,1328389998651120.jpg,1328389998651120.jpg
1328389998851089,1328389998853738,2649,1328389998851089.bin,1328389998851089.jpg,1328389998851089.jpg,1328389998851089.jpg,1328389998851089.jpg,1328389998851089.jpg
1328389999051054,1328389999053799,2745,1328389999051054.bin,1328389999051054.jpg,1328389999051054.jpg,1328389999051054.jpg,1328389999051054.jpg,1328389999051054.jpg
1328389999251024,1328389999253799,2775,1328389999251024.bin,1328389999251024.jpg,1328389999251024.jpg,1328389999251024.jpg,1328389999251024.jpg,1328389999251024.jpg
1328389999450989,1328389999448114,2875,1328389999450989.bin,1328389999450989.jpg,1328389999450989.jpg,1328389999450989.jpg,1328389999450989.jpg,1328389999450989.jpg
1328389999650991,1328389999653645,2654,1328389999650991.bin,1328389999650991.jpg,1328389999650991.jpg,1328389999650991.jpg,1328389999650991.jpg,1328389999650991.jpg
1328389999850933,1328389999853695,2762,1328389999850933.bin,1328389999850933.jpg,1328389999850933.jpg,1328389999850933.jpg,1328389999850933.jpg,1328389999850933.jpg
1328390000050884,1328390000048135,2749,1328390000050884.bin,1328390000050884.jpg,1328390000050884.jpg,1328390000050884.jpg,1328390000050884.jpg,1328390000050884.jpg
1328390000250861,1328390000249301,1560,1328390000250861.bin,1328390000250861.jpg,1328390000250861.jpg,1328390000250861.jpg,1328390000250861.jpg,1328390000250861.jpg
1328390000450828,1328390000450478,350,1328390000450828.bin,1328390000450828.jpg,1328390000450828.jpg,1328390000450828.jpg,1328390000450828.jpg,1328390000450828.jpg
1328390000650793,1328390000654156,3363,1328390000650793.bin,1328390000650793.jpg,1328390000650793.jpg,1328390000650793.jpg,1328390000650793.jpg,1328390000650793.jpg
1328390000850762,1328390000853530,2768,1328390000850762.bin,1328390000850762.jpg,1328390000850762.jpg,1328390000850762.jpg,1328390000850762.jpg,1328390000850762.jpg
1328390001050722,1328390001047969,2753,1328390001050722.bin,1328390001050722.jpg,1328390001050722.jpg,1328390001050722.jpg,1328390001050722.jpg,1328390001050722.jpg
1328390001250722,1328390001249210,1512,1328390001250722.bin,1328390001250722.jpg,1328390001250722.jpg,1328390001250722.jpg,1328390001250722.jpg,1328390001250722.jpg
1328390001450662,1328390001450361,301,1328390001450662.bin,1328390001450662.jpg,1328390001450662.jpg,1328390001450662.jpg,1328390001450662.jpg,1328390001450662.jpg
1328390001650772,1328390001651609,837,1328390001650772.bin,1328390001650772.jpg,1328390001650772.jpg,1328390001650772.jpg,1328390001650772.jpg,1328390001650772.jpg
1328390001850597,1328390001852735,2138,1328390001850597.bin,1328390001850597.jpg,1328390001850597.jpg,1328390001850597.jpg,1328390001850597.jpg,1328390001850597.jpg
1328390002050565,1328390002053759,3194,1328390002050565.bin,1328390002050565.jpg,1328390002050565.jpg,1328390002050565.jpg,1328390002050565.jpg,1328390002050565.jpg
1328390002250538,1328390002253657,3119,1328390002250538.bin,1328390002250538.jpg,1328390002250538.jpg,1328390002250538.jpg,1328390002250538.jpg,1328390002250538.jpg
1328390002450499,1328390002448892,1607,1328390002450499.bin,1328390002450499.jpg,1328390002450499.jpg,1328390002450499.jpg,1328390002450499.jpg,1328390002450499.jpg
1328390002650495,1328390002650133,362,1328390002650495.bin,1328390002650495.jpg,1328390002650495.jpg,1328390002650495.jpg,1328390002650495.jpg,1328390002650495.jpg
1328390002850437,1328390002851341,904,1328390002850437.bin,1328390002850437.jpg,1328390002850437.jpg,1328390002850437.jpg,1328390002850437.jpg,1328390002850437.jpg
1328390003050407,1328390003052614,2207,1328390003050407.bin,1328390003050407.jpg,1328390003050407.jpg,1328390003050407.jpg,1328390003050407.jpg,1328390003050407.jpg
1328390003250372,1328390003253709,3337,1328390003250372.bin,1328390003250372.jpg,1328390003250372.jpg,1328390003250372.jpg,1328390003250372.jpg,1328390003250372.jpg
1328390003450336,1328390003453882,3546,1328390003450336.bin,1328390003450336.jpg,1328390003450336.jpg,1328390003450336.jpg,1328390003450336.jpg,1328390003450336.jpg
1328390003650329,1328390003654049,3720,1328390003650329.bin,1328390003650329.jpg,1328390003650329.jpg,1328390003650329.jpg,1328390003650329.jpg,1328390003650329.jpg
1328390003850274,1328390003853773,3499,1328390003850274.bin,1328390003850274.jpg,1328390003850274.jpg,1328390003850274.jpg,1328390003850274.jpg,1328390003850274.jpg
1328390004050240,1328390004053694,3454,1328390004050240.bin,1328390004050240.jpg,1328390004050240.jpg,1328390004050240.jpg,1328390004050240.jpg,1328390004050240.jpg
1328390004250233,1328390004253878,3645,1328390004250233.bin,1328390004250233.jpg,1328390004250233.jpg,1328390004250233.jpg,1328390004250233.jpg,1328390004250233.jpg
1328390004450178,1328390004446999,3179,1328390004450178.bin,1328390004450178.jpg,1328390004450178.jpg,1328390004450178.jpg,1328390004450178.jpg,1328390004450178.jpg
1328390004650144,1328390004654191,4047,1328390004650144.bin,1328390004650144.jpg,1328390004650144.jpg,1328390004650144.jpg,1328390004650144.jpg,1328390004650144.jpg
1328390004850104,1328390004853804,3700,1328390004850104.bin,1328390004850104.jpg,1328390004850104.jpg,1328390004850104.jpg,1328390004850104.jpg,1328390004850104.jpg
1328390005050095,1328390005045458,4637,1328390005050095.bin,1328390005050095.jpg,1328390005050095.jpg,1328390005050095.jpg,1328390005050095.jpg,1328390005050095.jpg
1328390005250043,1328390005254512,4469,1328390005250043.bin,1328390005250043.jpg,1328390005250043.jpg,1328390005250043.jpg,1328390005250043.jpg,1328390005250043.jpg
1328390005450010,1328390005453655,3645,1328390005450010.bin,1328390005450010.jpg,1328390005450010.jpg,1328390005450010.jpg,1328390005450010.jpg,1328390005450010.jpg
1328390005650008,1328390005653695,3687,1328390005650008.bin,1328390005650008.jpg,1328390005650008.jpg,1328390005650008.jpg,1328390005650008.jpg,1328390005650008.jpg
1328390005849946,1328390005846824,3122,1328390005849946.bin,1328390005849946.jpg,1328390005849946.jpg,1328390005849946.jpg,1328390005849946.jpg,1328390005849946.jpg
1328390006049903,1328390006047937,1966,1328390006049903.bin,1328390006049903.jpg,1328390006049903.jpg,1328390006049903.jpg,1328390006049903.jpg,1328390006049903.jpg
1328390006249880,1328390006249310,570,1328390006249880.bin,1328390006249880.jpg,1328390006249880.jpg,1328390006249880.jpg,1328390006249880.jpg,1328390006249880.jpg
1328390006449884,1328390006450468,584,1328390006449884.bin,1328390006449884.jpg,1328390006449884.jpg,1328390006449884.jpg,1328390006449884.jpg,1328390006449884.jpg
1328390006649816,1328390006651662,1846,1328390006649816.bin,1328390006649816.jpg,1328390006649816.jpg,1328390006649816.jpg,1328390006649816.jpg,1328390006649816.jpg
1328390006849784,1328390006852856,3072,1328390006849784.bin,1328390006849784.jpg,1328390006849784.jpg,1328390006849784.jpg,1328390006849784.jpg,1328390006849784.jpg
1328390007049754,1328390007045610,4144,1328390007049754.bin,1328390007049754.jpg,1328390007049754.jpg,1328390007049754.jpg,1328390007049754.jpg,1328390007049754.jpg
1328390007249719,1328390007253661,3942,1328390007249719.bin,1328390007249719.jpg,1328390007249719.jpg,1328390007249719.jpg,1328390007249719.jpg,1328390007249719.jpg
1328390007449685,1328390007446243,3442,1328390007449685.bin,1328390007449685.jpg,1328390007449685.jpg,1328390007449685.jpg,1328390007449685.jpg,1328390007449685.jpg
1328390007649663,1328390007647447,2216,1328390007649663.bin,1328390007649663.jpg,1328390007649663.jpg,1328390007649663.jpg,1328390007649663.jpg,1328390007649663.jpg
1328390007849619,1328390007854074,4455,1328390007849619.bin,1328390007849619.jpg,1328390007849619.jpg,1328390007849619.jpg,1328390007849619.jpg,1328390007849619.jpg
1328390008049577,1328390008053631,4054,1328390008049577.bin,1328390008049577.jpg,1328390008049577.jpg,1328390008049577.jpg,1328390008049577.jpg,1328390008049577.jpg
1328390008249556,1328390008253707,4151,1328390008249556.bin,1328390008249556.jpg,1328390008249556.jpg,1328390008249556.jpg,1328390008249556.jpg,1328390008249556.jpg
1328390008449525,1328390008453538,4013,1328390008449525.bin,1328390008449525.jpg,1328390008449525.jpg,1328390008449525.jpg,1328390008449525.jpg,1328390008449525.jpg
1328390008649491,1328390008645727,3764,1328390008649491.bin,1328390008649491.jpg,1328390008649491.jpg,1328390008649491.jpg,1328390008649491.jpg,1328390008649491.jpg
1328390008849460,1328390008847294,2166,1328390008849460.bin,1328390008849460.jpg,1328390008849460.jpg,1328390008849460.jpg,1328390008849460.jpg,1328390008849460.jpg
1328390009049415,1328390009048447,968,1328390009049415.bin,1328390009049415.jpg,1328390009049415.jpg,1328390009049415.jpg,1328390009049415.jpg,1328390009049415.jpg
1328390009249428,1328390009249671,243,1328390009249428.bin,1328390009249428.jpg,1328390009249428.jpg,1328390009249428.jpg,1328390009249428.jpg,1328390009249428.jpg
1328390009449375,1328390009450769,1394,1328390009449375.bin,1328390009449375.jpg,1328390009449375.jpg,1328390009449375.jpg,1328390009449375.jpg,1328390009449375.jpg
1328390009649330,1328390009652096,2766,1328390009649330.bin,1328390009649330.jpg,1328390009649330.jpg,1328390009649330.jpg,1328390009649330.jpg,1328390009649330.jpg
1328390009849293,1328390009853726,4433,1328390009849293.bin,1328390009849293.jpg,1328390009849293.jpg,1328390009849293.jpg,1328390009849293.jpg,1328390009849293.jpg
1328390010049261,1328390010043924,5337,1328390010049261.bin,1328390010049261.jpg,1328390010049261.jpg,1328390010049261.jpg,1328390010049261.jpg,1328390010049261.jpg
1328390010249236,1328390010253921,4685,1328390010249236.bin,1328390010249236.jpg,1328390010249236.jpg,1328390010249236.jpg,1328390010249236.jpg,1328390010249236.jpg
1328390010449197,1328390010444358,4839,1328390010449197.bin,1328390010449197.jpg,1328390010449197.jpg,1328390010449197.jpg,1328390010449197.jpg,1328390010449197.jpg
1328390010649162,1328390010654206,5044,1328390010649162.bin,1328390010649162.jpg,1328390010649162.jpg,1328390010649162.jpg,1328390010649162.jpg,1328390010649162.jpg
1328390010849132,1328390010846784,2348,1328390010849132.bin,1328390010849132.jpg,1328390010849132.jpg,1328390010849132.jpg,1328390010849132.jpg,1328390010849132.jpg
1328390011049091,1328390011045465,3626,1328390011049091.bin,1328390011049091.jpg,1328390011049091.jpg,1328390011049091.jpg,1328390011049091.jpg,1328390011049091.jpg
1328390011249070,1328390011245077,3993,1328390011249070.bin,1328390011249070.jpg,1328390011249070.jpg,1328390011249070.jpg,1328390011249070.jpg,1328390011249070.jpg
1328390011449036,1328390011446234,2802,1328390011449036.bin,1328390011449036.jpg,1328390011449036.jpg,1328390011449036.jpg,1328390011449036.jpg,1328390011449036.jpg
1328390011649002,1328390011647438,1564,1328390011649002.bin,1328390011649002.jpg,1328390011649002.jpg,1328390011649002.jpg,1328390011649002.jpg,1328390011649002.jpg
1328390011848968,1328390011844094,4874,1328390011848968.bin,1328390011848968.jpg,1328390011848968.jpg,1328390011848968.jpg,1328390011848968.jpg,1328390011848968.jpg
1328390012048928,1328390012045408,3520,1328390012048928.bin,1328390012048928.jpg,1328390012048928.jpg,1328390012048928.jpg,1328390012048928.jpg,1328390012048928.jpg
1328390012248903,1328390012253577,4674,1328390012248903.bin,1328390012248903.jpg,1328390012248903.jpg,1328390012248903.jpg,1328390012248903.jpg,1328390012248903.jpg
1328390012448899,1328390012453800,4901,1328390012448899.bin,1328390012448899.jpg,1328390012448899.jpg,1328390012448899.jpg,1328390012448899.jpg,1328390012448899.jpg
1328390012648837,1328390012653525,4688,1328390012648837.bin,1328390012648837.jpg,1328390012648837.jpg,1328390012648837.jpg,1328390012648837.jpg,1328390012648837.jpg
1328390012848811,1328390012844013,4798,1328390012848811.bin,1328390012848811.jpg,1328390012848811.jpg,1328390012848811.jpg,1328390012848811.jpg,1328390012848811.jpg
1328390013048792,1328390013043866,4926,1328390013048792.bin,1328390013048792.jpg,1328390013048792.jpg,1328390013048792.jpg,1328390013048792.jpg,1328390013048792.jpg
1328390013248743,1328390013245402,3341,1328390013248743.bin,1328390013248743.jpg,1328390013248743.jpg,1328390013248743.jpg,1328390013248743.jpg,1328390013248743.jpg
1328390013448710,1328390013446194,2516,1328390013448710.bin,1328390013448710.jpg,1328390013448710.jpg,1328390013448710.jpg,1328390013448710.jpg,1328390013448710.jpg
1328390013648689,1328390013646675,2014,1328390013648689.bin,1328390013648689.jpg,1328390013648689.jpg,1328390013648689.jpg,1328390013648689.jpg,1328390013648689.jpg
1328390013848664,1328390013847988,676,1328390013848664.bin,1328390013848664.jpg,1328390013848664.jpg,1328390013848664.jpg,1328390013848664.jpg,1328390013848664.jpg
1328390014048610,1328390014043786,4824,1328390014048610.bin,1328390014048610.jpg,1328390014048610.jpg,1328390014048610.jpg,1328390014048610.jpg,1328390014048610.jpg
1328390014248578,1328390014243899,4679,1328390014248578.bin,1328390014248578.jpg,1328390014248578.jpg,1328390014248578.jpg,1328390014248578.jpg,1328390014248578.jpg
1328390014448543,1328390014443994,4549,1328390014448543.bin,1328390014448543.jpg,1328390014448543.jpg,1328390014448543.jpg,1328390014448543.jpg,1328390014448543.jpg
1328390014648512,1328390014645435,3077,1328390014648512.bin,1328390014648512.jpg,1328390014648512.jpg,1328390014648512.jpg,1328390014648512.jpg,1328390014648512.jpg
1328390014848477,1328390014845919,2558,1328390014848477.bin,1328390014848477.jpg,1328390014848477.jpg,1328390014848477.jpg,1328390014848477.jpg,1328390014848477.jpg
1328390015048445,1328390015043947,4498,1328390015048445.bin,1328390015048445.jpg,1328390015048445.jpg,1328390015048445.jpg,1328390015048445.jpg,1328390015048445.jpg
1328390015248412,1328390015246059,2353,1328390015248412.bin,1328390015248412.jpg,1328390015248412.jpg,1328390015248412.jpg,1328390015248412.jpg,1328390015248412.jpg
1328390015448381,1328390015447187,1194,1328390015448381.bin,1328390015448381.jpg,1328390015448381.jpg,1328390015448381.jpg,1328390015448381.jpg,1328390015448381.jpg
1328390015648376,1328390015648343,33,1328390015648376.bin,1328390015648376.jpg,1328390015648376.jpg,1328390015648376.jpg,1328390015648376.jpg,1328390015648376.jpg
1328390015848314,1328390015843997,4317,1328390015848314.bin,1328390015848314.jpg,1328390015848314.jpg,1328390015848314.jpg,1328390015848314.jpg,1328390015848314.jpg
1328390016048362,1328390016045107,3255,1328390016048362.bin,1328390016048362.jpg,1328390016048362.jpg,1328390016048362.jpg,1328390016048362.jpg,1328390016048362.jpg
1328390016248250,1328390016246177,2073,1328390016248250.bin,1328390016248250.jpg,1328390016248250.jpg,1328390016248250.jpg,1328390016248250.jpg,1328390016248250.jpg
1328390016448214,1328390016447387,827,1328390016448214.bin,1328390016448214.jpg,1328390016448214.jpg,1328390016448214.jpg,1328390016448214.jpg,1328390016448214.jpg
1328390016648182,1328390016644241,3941,1328390016648182.bin,1328390016648182.jpg,1328390016648182.jpg,1328390016648182.jpg,1328390016648182.jpg,1328390016648182.jpg
1328390016848151,1328390016844819,3332,1328390016848151.bin,1328390016848151.jpg,1328390016848151.jpg,1328390016848151.jpg,1328390016848151.jpg,1328390016848151.jpg
1328390017048116,1328390017045911,2205,1328390017048116.bin,1328390017048116.jpg,1328390017048116.jpg,1328390017048116.jpg,1328390017048116.jpg,1328390017048116.jpg
1328390017248084,1328390017247563,521,1328390017248084.bin,1328390017248084.jpg,1328390017248084.jpg,1328390017248084.jpg,1328390017248084.jpg,1328390017248084.jpg
1328390017448053,1328390017443578,4475,1328390017448053.bin,1328390017448053.jpg,1328390017448053.jpg,1328390017448053.jpg,1328390017448053.jpg,1328390017448053.jpg
1328390017648026,1328390017646079,1947,1328390017648026.bin,1328390017648026.jpg,1328390017648026.jpg,1328390017648026.jpg,1328390017648026.jpg,1328390017648026.jpg
1328390017847988,1328390017847205,783,1328390017847988.bin,1328390017847988.jpg,1328390017847988.jpg,1328390017847988.jpg,1328390017847988.jpg,1328390017847988.jpg
1328390018047968,1328390018048619,651,1328390018047968.bin,1328390018047968.jpg,1328390018047968.jpg,1328390018047968.jpg,1328390018047968.jpg,1328390018047968.jpg
1328390018247923,1328390018245443,2480,1328390018247923.bin,1328390018247923.jpg,1328390018247923.jpg,1328390018247923.jpg,1328390018247923.jpg,1328390018247923.jpg
1328390018447925,1328390018444004,3921,1328390018447925.bin,1328390018447925.jpg,1328390018447925.jpg,1328390018447925.jpg,1328390018447925.jpg,1328390018447925.jpg
1328390018647860,1328390018655139,7279,1328390018647860.bin,1328390018647860.jpg,1328390018647860.jpg,1328390018647860.jpg,1328390018647860.jpg,1328390018647860.jpg
1328390018847825,1328390018845138,2687,1328390018847825.bin,1328390018847825.jpg,1328390018847825.jpg,1328390018847825.jpg,1328390018847825.jpg,1328390018847825.jpg
1328390019047787,1328390019043780,4007,1328390019047787.bin,1328390019047787.jpg,1328390019047787.jpg,1328390019047787.jpg,1328390019047787.jpg,1328390019047787.jpg
1328390019247762,1328390019243964,3798,1328390019247762.bin,1328390019247762.jpg,1328390019247762.jpg,1328390019247762.jpg,1328390019247762.jpg,1328390019247762.jpg
1328390019447730,1328390019445320,2410,1328390019447730.bin,1328390019447730.jpg,1328390019447730.jpg,1328390019447730.jpg,1328390019447730.jpg,1328390019447730.jpg
1328390019647694,1328390019645586,2108,1328390019647694.bin,1328390019647694.jpg,1328390019647694.jpg,1328390019647694.jpg,1328390019647694.jpg,1328390019647694.jpg
1328390019847661,1328390019843789,3872,1328390019847661.bin,1328390019847661.jpg,1328390019847661.jpg,1328390019847661.jpg,1328390019847661.jpg,1328390019847661.jpg
1328390020047638,1328390020043902,3736,1328390020047638.bin,1328390020047638.jpg,1328390020047638.jpg,1328390020047638.jpg,1328390020047638.jpg,1328390020047638.jpg
1328390020247596,1328390020244134,3462,1328390020247596.bin,1328390020247596.jpg,1328390020247596.jpg,1328390020247596.jpg,1328390020247596.jpg,1328390020247596.jpg
1328390020447567,1328390020444274,3293,1328390020447567.bin,1328390020447567.jpg,1328390020447567.jpg,1328390020447567.jpg,1328390020447567.jpg,1328390020447567.jpg
1328390020647541,1328390020643799,3742,1328390020647541.bin,1328390020647541.jpg,1328390020647541.jpg,1328390020647541.jpg,1328390020647541.jpg,1328390020647541.jpg
1328390020847499,1328390020844031,3468,1328390020847499.bin,1328390020847499.jpg,1328390020847499.jpg,1328390020847499.jpg,1328390020847499.jpg,1328390020847499.jpg
1328390021047469,1328390021044101,3368,1328390021047469.bin,1328390021047469.jpg,1328390021047469.jpg,1328390021047469.jpg,1328390021047469.jpg,1328390021047469.jpg
1328390021247436,1328390021247257,179,1328390021247436.bin,1328390021247436.jpg,1328390021247436.jpg,1328390021247436.jpg,1328390021247436.jpg,1328390021247436.jpg
1328390021447405,1328390021448461,1056,1328390021447405.bin,1328390021447405.jpg,1328390021447405.jpg,1328390021447405.jpg,1328390021447405.jpg,1328390021447405.jpg
1328390021647369,1328390021650063,2694,1328390021647369.bin,1328390021647369.jpg,1328390021647369.jpg,1328390021647369.jpg,1328390021647369.jpg,1328390021647369.jpg
1328390021847335,1328390021844028,3307,1328390021847335.bin,1328390021847335.jpg,1328390021847335.jpg,1328390021847335.jpg,1328390021847335.jpg,1328390021847335.jpg
1328390022047304,1328390022045355,1949,1328390022047304.bin,1328390022047304.jpg,1328390022047304.jpg,1328390022047304.jpg,1328390022047304.jpg,1328390022047304.jpg
1328390022247281,1328390022246782,499,1328390022247281.bin,1328390022247281.jpg,1328390022247281.jpg,1328390022247281.jpg,1328390022247281.jpg,1328390022247281.jpg
1328390022447245,1328390022445096,2149,1328390022447245.bin,1328390022447245.jpg,1328390022447245.jpg,1328390022447245.jpg,1328390022447245.jpg,1328390022447245.jpg
1328390022647203,1328390022646288,915,1328390022647203.bin,1328390022647203.jpg,1328390022647203.jpg,1328390022647203.jpg,1328390022647203.jpg,1328390022647203.jpg
1328390023047141,1328390023048669,1528,1328390023047141.bin,1328390023047141.jpg,1328390023047141.jpg,1328390023047141.jpg,1328390023047141.jpg,1328390023047141.jpg
1328390023247107,1328390023245425,1682,1328390023247107.bin,1328390023247107.jpg,1328390023247107.jpg,1328390023247107.jpg,1328390023247107.jpg,1328390023247107.jpg
1328390023447074,1328390023443938,3136,1328390023447074.bin,1328390023447074.jpg,1328390023447074.jpg,1328390023447074.jpg,1328390023447074.jpg,1328390023447074.jpg
1328390023647043,1328390023643677,3366,1328390023647043.bin,1328390023647043.jpg,1328390023647043.jpg,1328390023647043.jpg,1328390023647043.jpg,1328390023647043.jpg
1328390023847013,1328390023843593,3420,1328390023847013.bin,1328390023847013.jpg,1328390023847013.jpg,1328390023847013.jpg,1328390023847013.jpg,1328390023847013.jpg
1328390024046977,1328390024043394,3583,1328390024046977.bin,1328390024046977.jpg,1328390024046977.jpg,1328390024046977.jpg,1328390024046977.jpg,1328390024046977.jpg
1328390024246944,1328390024243825,3119,1328390024246944.bin,1328390024246944.jpg,1328390024246944.jpg,1328390024246944.jpg,1328390024246944.jpg,1328390024246944.jpg
1328390024446911,1328390024443996,2915,1328390024446911.bin,1328390024446911.jpg,1328390024446911.jpg,1328390024446911.jpg,1328390024446911.jpg,1328390024446911.jpg
1328390024646878,1328390024643834,3044,1328390024646878.bin,1328390024646878.jpg,1328390024646878.jpg,1328390024646878.jpg,1328390024646878.jpg,1328390024646878.jpg
1328390024846845,1328390024844811,2034,1328390024846845.bin,1328390024846845.jpg,1328390024846845.jpg,1328390024846845.jpg,1328390024846845.jpg,1328390024846845.jpg
1328390025046805,1328390025046082,723,1328390025046805.bin,1328390025046805.jpg,1328390025046805.jpg,1328390025046805.jpg,1328390025046805.jpg,1328390025046805.jpg
1328390025246781,1328390025247216,435,1328390025246781.bin,1328390025246781.jpg,1328390025246781.jpg,1328390025246781.jpg,1328390025246781.jpg,1328390025246781.jpg
1328390025446746,1328390025448441,1695,1328390025446746.bin,1328390025446746.jpg,1328390025446746.jpg,1328390025446746.jpg,1328390025446746.jpg,1328390025446746.jpg
1328390025646715,1328390025649749,3034,1328390025646715.bin,1328390025646715.jpg,1328390025646715.jpg,1328390025646715.jpg,1328390025646715.jpg,1328390025646715.jpg
1328390025846680,1328390025843892,2788,1328390025846680.bin,1328390025846680.jpg,1328390025846680.jpg,1328390025846680.jpg,1328390025846680.jpg,1328390025846680.jpg
1328390026046641,1328390026045906,735,1328390026046641.bin,1328390026046641.jpg,1328390026046641.jpg,1328390026046641.jpg,1328390026046641.jpg,1328390026046641.jpg
1328390026246618,1328390026247101,483,1328390026246618.bin,1328390026246618.jpg,1328390026246618.jpg,1328390026246618.jpg,1328390026246618.jpg,1328390026246618.jpg
1328390026446582,1328390026443601,2981,1328390026446582.bin,1328390026446582.jpg,1328390026446582.jpg,1328390026446582.jpg,1328390026446582.jpg,1328390026446582.jpg
1328390026646579,1328390026645881,698,1328390026646579.bin,1328390026646579.jpg,1328390026646579.jpg,1328390026646579.jpg,1328390026646579.jpg,1328390026646579.jpg
1328390026846518,1328390026843834,2684,1328390026846518.bin,1328390026846518.jpg,1328390026846518.jpg,1328390026846518.jpg,1328390026846518.jpg,1328390026846518.jpg
1328390027046486,1328390027045720,766,1328390027046486.bin,1328390027046486.jpg,1328390027046486.jpg,1328390027046486.jpg,1328390027046486.jpg,1328390027046486.jpg
1328390027246453,1328390027245923,530,1328390027246453.bin,1328390027246453.jpg,1328390027246453.jpg,1328390027246453.jpg,1328390027246453.jpg,1328390027246453.jpg
1328390027446423,1328390027443776,2647,1328390027446423.bin,1328390027446423.jpg,1328390027446423.jpg,1328390027446423.jpg,1328390027446423.jpg,1328390027446423.jpg
1328390027646390,1328390027643987,2403,1328390027646390.bin,1328390027646390.jpg,1328390027646390.jpg,1328390027646390.jpg,1328390027646390.jpg,1328390027646390.jpg
1328390027846356,1328390027844038,2318,1328390027846356.bin,1328390027846356.jpg,1328390027846356.jpg,1328390027846356.jpg,1328390027846356.jpg,1328390027846356.jpg
1328390028046323,1328390028043607,2716,1328390028046323.bin,1328390028046323.jpg,1328390028046323.jpg,1328390028046323.jpg,1328390028046323.jpg,1328390028046323.jpg
1328390028246293,1328390028244142,2151,1328390028246293.bin,1328390028246293.jpg,1328390028246293.jpg,1328390028246293.jpg,1328390028246293.jpg,1328390028246293.jpg
1328390028446257,1328390028443887,2370,1328390028446257.bin,1328390028446257.jpg,1328390028446257.jpg,1328390028446257.jpg,1328390028446257.jpg,1328390028446257.jpg
1328390028646229,1328390028643960,2269,1328390028646229.bin,1328390028646229.jpg,1328390028646229.jpg,1328390028646229.jpg,1328390028646229.jpg,1328390028646229.jpg
1328390028846195,1328390028842601,3594,1328390028846195.bin,1328390028846195.jpg,1328390028846195.jpg,1328390028846195.jpg,1328390028846195.jpg,1328390028846195.jpg
1328390029046162,1328390029043833,2329,1328390029046162.bin,1328390029046162.jpg,1328390029046162.jpg,1328390029046162.jpg,1328390029046162.jpg,1328390029046162.jpg
1328390029246127,1328390029245052,1075,1328390029246127.bin,1328390029246127.jpg,1328390029246127.jpg,1328390029246127.jpg,1328390029246127.jpg,1328390029246127.jpg
1328390029446097,1328390029446124,27,1328390029446097.bin,1328390029446097.jpg,1328390029446097.jpg,1328390029446097.jpg,1328390029446097.jpg,1328390029446097.jpg
1328390029646062,1328390029647281,1219,1328390029646062.bin,1328390029646062.jpg,1328390029646062.jpg,1328390029646062.jpg,1328390029646062.jpg,1328390029646062.jpg
1328390029846029,1328390029848462,2433,1328390029846029.bin,1328390029846029.jpg,1328390029846029.jpg,1328390029846029.jpg,1328390029846029.jpg,1328390029846029.jpg
1328390030045999,1328390030043694,2305,1328390030045999.bin,1328390030045999.jpg,1328390030045999.jpg,1328390030045999.jpg,1328390030045999.jpg,1328390030045999.jpg
1328390030245964,1328390030243956,2008,1328390030245964.bin,1328390030245964.jpg,1328390030245964.jpg,1328390030245964.jpg,1328390030245964.jpg,1328390030245964.jpg
1328390030445932,1328390030446553,621,1328390030445932.bin,1328390030445932.jpg,1328390030445932.jpg,1328390030445932.jpg,1328390030445932.jpg,1328390030445932.jpg
1328390030645898,1328390030647019,1121,1328390030645898.bin,1328390030645898.jpg,1328390030645898.jpg,1328390030645898.jpg,1328390030645898.jpg,1328390030645898.jpg
1328390030845867,1328390030847900,2033,1328390030845867.bin,1328390030845867.jpg,1328390030845867.jpg,1328390030845867.jpg,1328390030845867.jpg,1328390030845867.jpg
1328390031045832,1328390031044012,1820,1328390031045832.bin,1328390031045832.jpg,1328390031045832.jpg,1328390031045832.jpg,1328390031045832.jpg,1328390031045832.jpg
1328390031245802,1328390031243526,2276,1328390031245802.bin,1328390031245802.jpg,1328390031245802.jpg,1328390031245802.jpg,1328390031245802.jpg,1328390031245802.jpg
1328390031445768,1328390031443880,1888,1328390031445768.bin,1328390031445768.jpg,1328390031445768.jpg,1328390031445768.jpg,1328390031445768.jpg,1328390031445768.jpg
1328390031645754,1328390031642756,2998,1328390031645754.bin,1328390031645754.jpg,1328390031645754.jpg,1328390031645754.jpg,1328390031645754.jpg,1328390031645754.jpg
1328390031845717,1328390031843937,1780,1328390031845717.bin,1328390031845717.jpg,1328390031845717.jpg,1328390031845717.jpg,1328390031845717.jpg,1328390031845717.jpg
1328390032045665,1328390032043526,2139,1328390032045665.bin,1328390032045665.jpg,1328390032045665.jpg,1328390032045665.jpg,1328390032045665.jpg,1328390032045665.jpg
1328390032245682,1328390032244245,1437,1328390032245682.bin,1328390032245682.jpg,1328390032245682.jpg,1328390032245682.jpg,1328390032245682.jpg,1328390032245682.jpg
1328390032445605,1328390032446040,435,1328390032445605.bin,1328390032445605.jpg,1328390032445605.jpg,1328390032445605.jpg,1328390032445605.jpg,1328390032445605.jpg
1328390032645564,1328390032647197,1633,1328390032645564.bin,1328390032645564.jpg,1328390032645564.jpg,1328390032645564.jpg,1328390032645564.jpg,1328390032645564.jpg
1328390032845540,1328390032843757,1783,1328390032845540.bin,1328390032845540.jpg,1328390032845540.jpg,1328390032845540.jpg,1328390032845540.jpg,1328390032845540.jpg
1328390033045520,1328390033043532,1988,1328390033045520.bin,1328390033045520.jpg,1328390033045520.jpg,1328390033045520.jpg,1328390033045520.jpg,1328390033045520.jpg
1328390033245475,1328390033243714,1761,1328390033245475.bin,1328390033245475.jpg,1328390033245475.jpg,1328390033245475.jpg,1328390033245475.jpg,1328390033245475.jpg
1328390033445443,1328390033445145,298,1328390033445443.bin,1328390033445443.jpg,1328390033445443.jpg,1328390033445443.jpg,1328390033445443.jpg,1328390033445443.jpg
1328390033645416,1328390033646318,902,1328390033645416.bin,1328390033645416.jpg,1328390033645416.jpg,1328390033645416.jpg,1328390033645416.jpg,1328390033645416.jpg
1328390033845379,1328390033843589,1790,1328390033845379.bin,1328390033845379.jpg,1328390033845379.jpg,1328390033845379.jpg,1328390033845379.jpg,1328390033845379.jpg
1328390034045349,1328390034043787,1562,1328390034045349.bin,1328390034045349.jpg,1328390034045349.jpg,1328390034045349.jpg,1328390034045349.jpg,1328390034045349.jpg
1328390034245311,1328390034243860,1451,1328390034245311.bin,1328390034245311.jpg,1328390034245311.jpg,1328390034245311.jpg,1328390034245311.jpg,1328390034245311.jpg
1328390034445283,1328390034443970,1313,1328390034445283.bin,1328390034445283.jpg,1328390034445283.jpg,1328390034445283.jpg,1328390034445283.jpg,1328390034445283.jpg
1328390034645276,1328390034643583,1693,1328390034645276.bin,1328390034645276.jpg,1328390034645276.jpg,1328390034645276.jpg,1328390034645276.jpg,1328390034645276.jpg
1328390034845213,1328390034845492,279,1328390034845213.bin,1328390034845213.jpg,1328390034845213.jpg,1328390034845213.jpg,1328390034845213.jpg,1328390034845213.jpg
1328390035045174,1328390035043884,1290,1328390035045174.bin,1328390035045174.jpg,1328390035045174.jpg,1328390035045174.jpg,1328390035045174.jpg,1328390035045174.jpg
1328390035245148,1328390035243953,1195,1328390035245148.bin,1328390035245148.jpg,1328390035245148.jpg,1328390035245148.jpg,1328390035245148.jpg,1328390035245148.jpg
1328390035445119,1328390035443817,1302,1328390035445119.bin,1328390035445119.jpg,1328390035445119.jpg,1328390035445119.jpg,1328390035445119.jpg,1328390035445119.jpg
1328390035645098,1328390035643021,2077,1328390035645098.bin,1328390035645098.jpg,1328390035645098.jpg,1328390035645098.jpg,1328390035645098.jpg,1328390035645098.jpg
1328390035845067,1328390035844373,694,1328390035845067.bin,1328390035845067.jpg,1328390035845067.jpg,1328390035845067.jpg,1328390035845067.jpg,1328390035845067.jpg
1328390036045010,1328390036045292,282,1328390036045010.bin,1328390036045010.jpg,1328390036045010.jpg,1328390036045010.jpg,1328390036045010.jpg,1328390036045010.jpg
1328390036244989,1328390036243932,1057,1328390036244989.bin,1328390036244989.jpg,1328390036244989.jpg,1328390036244989.jpg,1328390036244989.jpg,1328390036244989.jpg
1328390036444952,1328390036443549,1403,1328390036444952.bin,1328390036444952.jpg,1328390036444952.jpg,1328390036444952.jpg,1328390036444952.jpg,1328390036444952.jpg
1328390036644919,1328390036643930,989,1328390036644919.bin,1328390036644919.jpg,1328390036644919.jpg,1328390036644919.jpg,1328390036644919.jpg,1328390036644919.jpg
1328390036844887,1328390036843898,989,1328390036844887.bin,1328390036844887.jpg,1328390036844887.jpg,1328390036844887.jpg,1328390036844887.jpg,1328390036844887.jpg
1328390037044846,1328390037044107,739,1328390037044846.bin,1328390037044846.jpg,1328390037044846.jpg,1328390037044846.jpg,1328390037044846.jpg,1328390037044846.jpg
1328390037244824,1328390037243787,1037,1328390037244824.bin,1328390037244824.jpg,1328390037244824.jpg,1328390037244824.jpg,1328390037244824.jpg,1328390037244824.jpg
1328390037444828,1328390037445130,302,1328390037444828.bin,1328390037444828.jpg,1328390037444828.jpg,1328390037444828.jpg,1328390037444828.jpg,1328390037444828.jpg
1328390037644857,1328390037643949,908,1328390037644857.bin,1328390037644857.jpg,1328390037644857.jpg,1328390037644857.jpg,1328390037644857.jpg,1328390037644857.jpg
1328390037844734,1328390037844018,716,1328390037844734.bin,1328390037844734.jpg,1328390037844734.jpg,1328390037844734.jpg,1328390037844734.jpg,1328390037844734.jpg
1328390038044730,1328390038043938,792,1328390038044730.bin,1328390038044730.jpg,1328390038044730.jpg,1328390038044730.jpg,1328390038044730.jpg,1328390038044730.jpg
1328390038244664,1328390038243785,879,1328390038244664.bin,1328390038244664.jpg,1328390038244664.jpg,1328390038244664.jpg,1328390038244664.jpg,1328390038244664.jpg
1328390038444627,1328390038443988,639,1328390038444627.bin,1328390038444627.jpg,1328390038444627.jpg,1328390038444627.jpg,1328390038444627.jpg,1328390038444627.jpg
1328390038644596,1328390038643269,1327,1328390038644596.bin,1328390038644596.jpg,1328390038644596.jpg,1328390038644596.jpg,1328390038644596.jpg,1328390038644596.jpg
1328390038844564,1328390038843578,986,1328390038844564.bin,1328390038844564.jpg,1328390038844564.jpg,1328390038844564.jpg,1328390038844564.jpg,1328390038844564.jpg
1328390039044530,1328390039043748,782,1328390039044530.bin,1328390039044530.jpg,1328390039044530.jpg,1328390039044530.jpg,1328390039044530.jpg,1328390039044530.jpg
1328390039244498,1328390039243835,663,1328390039244498.bin,1328390039244498.jpg,1328390039244498.jpg,1328390039244498.jpg,1328390039244498.jpg,1328390039244498.jpg
1328390039444462,1328390039443970,492,1328390039444462.bin,1328390039444462.jpg,1328390039444462.jpg,1328390039444462.jpg,1328390039444462.jpg,1328390039444462.jpg
1328390039644429,1328390039643438,991,1328390039644429.bin,1328390039644429.jpg,1328390039644429.jpg,1328390039644429.jpg,1328390039644429.jpg,1328390039644429.jpg
1328390039844400,1328390039843876,524,1328390039844400.bin,1328390039844400.jpg,1328390039844400.jpg,1328390039844400.jpg,1328390039844400.jpg,1328390039844400.jpg
1328390040044368,1328390040043971,397,1328390040044368.bin,1328390040044368.jpg,1328390040044368.jpg,1328390040044368.jpg,1328390040044368.jpg,1328390040044368.jpg
1328390040244344,1328390040243986,358,1328390040244344.bin,1328390040244344.jpg,1328390040244344.jpg,1328390040244344.jpg,1328390040244344.jpg,1328390040244344.jpg
1328390040444300,1328390040443948,352,1328390040444300.bin,1328390040444300.jpg,1328390040444300.jpg,1328390040444300.jpg,1328390040444300.jpg,1328390040444300.jpg
1328390040644259,1328390040643971,288,1328390040644259.bin,1328390040644259.jpg,1328390040644259.jpg,1328390040644259.jpg,1328390040644259.jpg,1328390040644259.jpg
1328390040844263,1328390040843852,411,1328390040844263.bin,1328390040844263.jpg,1328390040844263.jpg,1328390040844263.jpg,1328390040844263.jpg,1328390040844263.jpg
1328390041044194,1328390041043488,706,1328390041044194.bin,1328390041044194.jpg,1328390041044194.jpg,1328390041044194.jpg,1328390041044194.jpg,1328390041044194.jpg
1328390041244173,1328390041244053,120,1328390041244173.bin,1328390041244173.jpg,1328390041244173.jpg,1328390041244173.jpg,1328390041244173.jpg,1328390041244173.jpg
1328390041444137,1328390041443685,452,1328390041444137.bin,1328390041444137.jpg,1328390041444137.jpg,1328390041444137.jpg,1328390041444137.jpg,1328390041444137.jpg
1328390041644104,1328390041643968,136,1328390041644104.bin,1328390041644104.jpg,1328390041644104.jpg,1328390041644104.jpg,1328390041644104.jpg,1328390041644104.jpg
1328390041844075,1328390041843898,177,1328390041844075.bin,1328390041844075.jpg,1328390041844075.jpg,1328390041844075.jpg,1328390041844075.jpg,1328390041844075.jpg
1328390042244006,1328390042243552,454,1328390042244006.bin,1328390042244006.jpg,1328390042244006.jpg,1328390042244006.jpg,1328390042244006.jpg,1328390042244006.jpg
1328390042443973,1328390042443724,249,1328390042443973.bin,1328390042443973.jpg,1328390042443973.jpg,1328390042443973.jpg,1328390042443973.jpg,1328390042443973.jpg
1328390042643958,1328390042643881,77,1328390042643958.bin,1328390042643958.jpg,1328390042643958.jpg,1328390042643958.jpg,1328390042643958.jpg,1328390042643958.jpg
1328390042843928,1328390042844065,137,1328390042843928.bin,1328390042843928.jpg,1328390042843928.jpg,1328390042843928.jpg,1328390042843928.jpg,1328390042843928.jpg
1328390043043889,1328390043043679,210,1328390043043889.bin,1328390043043889.jpg,1328390043043889.jpg,1328390043043889.jpg,1328390043043889.jpg,1328390043043889.jpg
1328390043243843,1328390043243673,170,1328390043243843.bin,1328390043243843.jpg,1328390043243843.jpg,1328390043243843.jpg,1328390043243843.jpg,1328390043243843.jpg
1328390043443834,1328390043443922,88,1328390043443834.bin,1328390043443834.jpg,1328390043443834.jpg,1328390043443834.jpg,1328390043443834.jpg,1328390043443834.jpg
1328390043643776,1328390043643979,203,1328390043643776.bin,1328390043643776.jpg,1328390043643776.jpg,1328390043643776.jpg,1328390043643776.jpg,1328390043643776.jpg
1328390043843744,1328390043843604,140,1328390043843744.bin,1328390043843744.jpg,1328390043843744.jpg,1328390043843744.jpg,1328390043843744.jpg,1328390043843744.jpg
1328390044043705,1328390044043761,56,1328390044043705.bin,1328390044043705.jpg,1328390044043705.jpg,1328390044043705.jpg,1328390044043705.jpg,1328390044043705.jpg
1328390044243681,1328390044243877,196,1328390044243681.bin,1328390044243681.jpg,1328390044243681.jpg,1328390044243681.jpg,1328390044243681.jpg,1328390044243681.jpg
1328390044643615,1328390044644123,508,1328390044643615.bin,1328390044643615.jpg,1328390044643615.jpg,1328390044643615.jpg,1328390044643615.jpg,1328390044643615.jpg
1328390044843629,1328390044843227,402,1328390044843629.bin,1328390044843629.jpg,1328390044843629.jpg,1328390044843629.jpg,1328390044843629.jpg,1328390044843629.jpg
1328390045043545,1328390045044753,1208,1328390045043545.bin,1328390045043545.jpg,1328390045043545.jpg,1328390045043545.jpg,1328390045043545.jpg,1328390045043545.jpg
1328390045243518,1328390045243896,378,1328390045243518.bin,1328390045243518.jpg,1328390045243518.jpg,1328390045243518.jpg,1328390045243518.jpg,1328390045243518.jpg
1328390045443487,1328390045443675,188,1328390045443487.bin,1328390045443487.jpg,1328390045443487.jpg,1328390045443487.jpg,1328390045443487.jpg,1328390045443487.jpg
1328390045643450,1328390045643872,422,1328390045643450.bin,1328390045643450.jpg,1328390045643450.jpg,1328390045643450.jpg,1328390045643450.jpg,1328390045643450.jpg
1328390045843498,1328390045843790,292,1328390045843498.bin,1328390045843498.jpg,1328390045843498.jpg,1328390045843498.jpg,1328390045843498.jpg,1328390045843498.jpg
1328390046043379,1328390046044196,817,1328390046043379.bin,1328390046043379.jpg,1328390046043379.jpg,1328390046043379.jpg,1328390046043379.jpg,1328390046043379.jpg
1328390046243358,1328390046243696,338,1328390046243358.bin,1328390046243358.jpg,1328390046243358.jpg,1328390046243358.jpg,1328390046243358.jpg,1328390046243358.jpg
1328390046443335,1328390046443537,202,1328390046443335.bin,1328390046443335.jpg,1328390046443335.jpg,1328390046443335.jpg,1328390046443335.jpg,1328390046443335.jpg
1328390046643285,1328390046643854,569,1328390046643285.bin,1328390046643285.jpg,1328390046643285.jpg,1328390046643285.jpg,1328390046643285.jpg,1328390046643285.jpg
1328390046843257,1328390046844135,878,1328390046843257.bin,1328390046843257.jpg,1328390046843257.jpg,1328390046843257.jpg,1328390046843257.jpg,1328390046843257.jpg
1328390047043225,1328390047044073,848,1328390047043225.bin,1328390047043225.jpg,1328390047043225.jpg,1328390047043225.jpg,1328390047043225.jpg,1328390047043225.jpg
1328390047243191,1328390047243584,393,1328390047243191.bin,1328390047243191.jpg,1328390047243191.jpg,1328390047243191.jpg,1328390047243191.jpg,1328390047243191.jpg
1328390047443161,1328390047443733,572,1328390047443161.bin,1328390047443161.jpg,1328390047443161.jpg,1328390047443161.jpg,1328390047443161.jpg,1328390047443161.jpg
1328390047643137,1328390047643937,800,1328390047643137.bin,1328390047643137.jpg,1328390047643137.jpg,1328390047643137.jpg,1328390047643137.jpg,1328390047643137.jpg
1328390047843092,1328390047844078,986,1328390047843092.bin,1328390047843092.jpg,1328390047843092.jpg,1328390047843092.jpg,1328390047843092.jpg,1328390047843092.jpg
1328390048043061,1328390048042947,114,1328390048043061.bin,1328390048043061.jpg,1328390048043061.jpg,1328390048043061.jpg,1328390048043061.jpg,1328390048043061.jpg
1328390048243029,1328390048244002,973,1328390048243029.bin,1328390048243029.jpg,1328390048243029.jpg,1328390048243029.jpg,1328390048243029.jpg,1328390048243029.jpg
1328390048442994,1328390048444057,1063,1328390048442994.bin,1328390048442994.jpg,1328390048442994.jpg,1328390048442994.jpg,1328390048442994.jpg,1328390048442994.jpg
1328390048643070,1328390048643558,488,1328390048643070.bin,1328390048643070.jpg,1328390048643070.jpg,1328390048643070.jpg,1328390048643070.jpg,1328390048643070.jpg
1328390048842927,1328390048843621,694,1328390048842927.bin,1328390048842927.jpg,1328390048842927.jpg,1328390048842927.jpg,1328390048842927.jpg,1328390048842927.jpg
1328390049042899,1328390049045420,2521,1328390049042899.bin,1328390049042899.jpg,1328390049042899.jpg,1328390049042899.jpg,1328390049042899.jpg,1328390049042899.jpg
1328390049242869,1328390049243879,1010,1328390049242869.bin,1328390049242869.jpg,1328390049242869.jpg,1328390049242869.jpg,1328390049242869.jpg,1328390049242869.jpg
1328390049442830,1328390049444050,1220,1328390049442830.bin,1328390049442830.jpg,1328390049442830.jpg,1328390049442830.jpg,1328390049442830.jpg,1328390049442830.jpg
1328390049642799,1328390049643560,761,1328390049642799.bin,1328390049642799.jpg,1328390049642799.jpg,1328390049642799.jpg,1328390049642799.jpg,1328390049642799.jpg
1328390049842769,1328390049844786,2017,1328390049842769.bin,1328390049842769.jpg,1328390049842769.jpg,1328390049842769.jpg,1328390049842769.jpg,1328390049842769.jpg
1328390050042724,1328390050043753,1029,1328390050042724.bin,1328390050042724.jpg,1328390050042724.jpg,1328390050042724.jpg,1328390050042724.jpg,1328390050042724.jpg
1328390050242710,1328390050244234,1524,1328390050242710.bin,1328390050242710.jpg,1328390050242710.jpg,1328390050242710.jpg,1328390050242710.jpg,1328390050242710.jpg
1328390050442670,1328390050443815,1145,1328390050442670.bin,1328390050442670.jpg,1328390050442670.jpg,1328390050442670.jpg,1328390050442670.jpg,1328390050442670.jpg
1328390050642637,1328390050643650,1013,1328390050642637.bin,1328390050642637.jpg,1328390050642637.jpg,1328390050642637.jpg,1328390050642637.jpg,1328390050642637.jpg
1328390050842606,1328390050843981,1375,1328390050842606.bin,1328390050842606.jpg,1328390050842606.jpg,1328390050842606.jpg,1328390050842606.jpg,1328390050842606.jpg
1328390051042570,1328390051041589,981,1328390051042570.bin,1328390051042570.jpg,1328390051042570.jpg,1328390051042570.jpg,1328390051042570.jpg,1328390051042570.jpg
1328390051242540,1328390051242790,250,1328390051242540.bin,1328390051242540.jpg,1328390051242540.jpg,1328390051242540.jpg,1328390051242540.jpg,1328390051242540.jpg
1328390051442509,1328390051443554,1045,1328390051442509.bin,1328390051442509.jpg,1328390051442509.jpg,1328390051442509.jpg,1328390051442509.jpg,1328390051442509.jpg
1328390051642475,1328390051644043,1568,1328390051642475.bin,1328390051642475.jpg,1328390051642475.jpg,1328390051642475.jpg,1328390051642475.jpg,1328390051642475.jpg
1328390051842442,1328390051843944,1502,1328390051842442.bin,1328390051842442.jpg,1328390051842442.jpg,1328390051842442.jpg,1328390051842442.jpg,1328390051842442.jpg
1328390052042427,1328390052044203,1776,1328390052042427.bin,1328390052042427.jpg,1328390052042427.jpg,1328390052042427.jpg,1328390052042427.jpg,1328390052042427.jpg
1328390052242378,1328390052243533,1155,1328390052242378.bin,1328390052242378.jpg,1328390052242378.jpg,1328390052242378.jpg,1328390052242378.jpg,1328390052242378.jpg
1328390052442344,1328390052441007,1337,1328390052442344.bin,1328390052442344.jpg,1328390052442344.jpg,1328390052442344.jpg,1328390052442344.jpg,1328390052442344.jpg
1328390052642309,1328390052642416,107,1328390052642309.bin,1328390052642309.jpg,1328390052642309.jpg,1328390052642309.jpg,1328390052642309.jpg,1328390052642309.jpg
1328390052842279,1328390052843588,1309,1328390052842279.bin,1328390052842279.jpg,1328390052842279.jpg,1328390052842279.jpg,1328390052842279.jpg,1328390052842279.jpg
1328390053042252,1328390053043870,1618,1328390053042252.bin,1328390053042252.jpg,1328390053042252.jpg,1328390053042252.jpg,1328390053042252.jpg,1328390053042252.jpg
1328390053242213,1328390053243768,1555,1328390053242213.bin,1328390053242213.jpg,1328390053242213.jpg,1328390053242213.jpg,1328390053242213.jpg,1328390053242213.jpg
1328390053442180,1328390053443924,1744,1328390053442180.bin,1328390053442180.jpg,1328390053442180.jpg,1328390053442180.jpg,1328390053442180.jpg,1328390053442180.jpg
1328390053642151,1328390053643787,1636,1328390053642151.bin,1328390053642151.jpg,1328390053642151.jpg,1328390053642151.jpg,1328390053642151.jpg,1328390053642151.jpg
1328390053842116,1328390053843799,1683,1328390053842116.bin,1328390053842116.jpg,1328390053842116.jpg,1328390053842116.jpg,1328390053842116.jpg,1328390053842116.jpg
1328390054042074,1328390054041142,932,1328390054042074.bin,1328390054042074.jpg,1328390054042074.jpg,1328390054042074.jpg,1328390054042074.jpg,1328390054042074.jpg
1328390054242046,1328390054243012,966,1328390054242046.bin,1328390054242046.jpg,1328390054242046.jpg,1328390054242046.jpg,1328390054242046.jpg,1328390054242046.jpg
1328390054442018,1328390054443935,1917,1328390054442018.bin,1328390054442018.jpg,1328390054442018.jpg,1328390054442018.jpg,1328390054442018.jpg,1328390054442018.jpg
1328390054641986,1328390054643784,1798,1328390054641986.bin,1328390054641986.jpg,1328390054641986.jpg,1328390054641986.jpg,1328390054641986.jpg,1328390054641986.jpg
1328390054841951,1328390054843747,1796,1328390054841951.bin,1328390054841951.jpg,1328390054841951.jpg,1328390054841951.jpg,1328390054841951.jpg,1328390054841951.jpg
1328390055041931,1328390055045625,3694,1328390055041931.bin,1328390055041931.jpg,1328390055041931.jpg,1328390055041931.jpg,1328390055041931.jpg,1328390055041931.jpg
1328390055241885,1328390055243901,2016,1328390055241885.bin,1328390055241885.jpg,1328390055241885.jpg,1328390055241885.jpg,1328390055241885.jpg,1328390055241885.jpg
1328390055441855,1328390055444238,2383,1328390055441855.bin,1328390055441855.jpg,1328390055441855.jpg,1328390055441855.jpg,1328390055441855.jpg,1328390055441855.jpg
1328390055641824,1328390055643718,1894,1328390055641824.bin,1328390055641824.jpg,1328390055641824.jpg,1328390055641824.jpg,1328390055641824.jpg,1328390055641824.jpg
1328390055841787,1328390055843760,1973,1328390055841787.bin,1328390055841787.jpg,1328390055841787.jpg,1328390055841787.jpg,1328390055841787.jpg,1328390055841787.jpg
1328390056041745,1328390056043893,2148,1328390056041745.bin,1328390056041745.jpg,1328390056041745.jpg,1328390056041745.jpg,1328390056041745.jpg,1328390056041745.jpg
1328390056241737,1328390056244101,2364,1328390056241737.bin,1328390056241737.jpg,1328390056241737.jpg,1328390056241737.jpg,1328390056241737.jpg,1328390056241737.jpg
1328390056441690,1328390056433062,8628,1328390056441690.bin,1328390056441690.jpg,1328390056441690.jpg,1328390056441690.jpg,1328390056441690.jpg,1328390056441690.jpg
1328390056641693,1328390056643731,2038,1328390056641693.bin,1328390056641693.jpg,1328390056641693.jpg,1328390056641693.jpg,1328390056641693.jpg,1328390056641693.jpg
1328390056841625,1328390056843942,2317,1328390056841625.bin,1328390056841625.jpg,1328390056841625.jpg,1328390056841625.jpg,1328390056841625.jpg,1328390056841625.jpg
1328390057041592,1328390057039302,2290,1328390057041592.bin,1328390057041592.jpg,1328390057041592.jpg,1328390057041592.jpg,1328390057041592.jpg,1328390057041592.jpg
1328390057241560,1328390057241011,549,1328390057241560.bin,1328390057241560.jpg,1328390057241560.jpg,1328390057241560.jpg,1328390057241560.jpg,1328390057241560.jpg
1328390057441526,1328390057443537,2011,1328390057441526.bin,1328390057441526.jpg,1328390057441526.jpg,1328390057441526.jpg,1328390057441526.jpg,1328390057441526.jpg
1328390057641496,1328390057643945,2449,1328390057641496.bin,1328390057641496.jpg,1328390057641496.jpg,1328390057641496.jpg,1328390057641496.jpg,1328390057641496.jpg
1328390057841468,1328390057844045,2577,1328390057841468.bin,1328390057841468.jpg,1328390057841468.jpg,1328390057841468.jpg,1328390057841468.jpg,1328390057841468.jpg
1328390058041426,1328390058043411,1985,1328390058041426.bin,1328390058041426.jpg,1328390058041426.jpg,1328390058041426.jpg,1328390058041426.jpg,1328390058041426.jpg
1328390058241412,1328390058243709,2297,1328390058241412.bin,1328390058241412.jpg,1328390058241412.jpg,1328390058241412.jpg,1328390058241412.jpg,1328390058241412.jpg
1328390058441366,1328390058443819,2453,1328390058441366.bin,1328390058441366.jpg,1328390058441366.jpg,1328390058441366.jpg,1328390058441366.jpg,1328390058441366.jpg
1328390058641333,1328390058643942,2609,1328390058641333.bin,1328390058641333.jpg,1328390058641333.jpg,1328390058641333.jpg,1328390058641333.jpg,1328390058641333.jpg
1328390058841296,1328390058843602,2306,1328390058841296.bin,1328390058841296.jpg,1328390058841296.jpg,1328390058841296.jpg,1328390058841296.jpg,1328390058841296.jpg
1328390059041257,1328390059045421,4164,1328390059041257.bin,1328390059041257.jpg,1328390059041257.jpg,1328390059041257.jpg,1328390059041257.jpg,1328390059041257.jpg
1328390059241232,1328390059245423,4191,1328390059241232.bin,1328390059241232.jpg,1328390059241232.jpg,1328390059241232.jpg,1328390059241232.jpg,1328390059241232.jpg
1328390059441202,1328390059443967,2765,1328390059441202.bin,1328390059441202.jpg,1328390059441202.jpg,1328390059441202.jpg,1328390059441202.jpg,1328390059441202.jpg
1328390059641167,1328390059643886,2719,1328390059641167.bin,1328390059641167.jpg,1328390059641167.jpg,1328390059641167.jpg,1328390059641167.jpg,1328390059641167.jpg
1328390059841148,1328390059839572,1576,1328390059841148.bin,1328390059841148.jpg,1328390059841148.jpg,1328390059841148.jpg,1328390059841148.jpg,1328390059841148.jpg
1328390060041096,1328390060038595,2501,1328390060041096.bin,1328390060041096.jpg,1328390060041096.jpg,1328390060041096.jpg,1328390060041096.jpg,1328390060041096.jpg
1328390060241069,1328390060239803,1266,1328390060241069.bin,1328390060241069.jpg,1328390060241069.jpg,1328390060241069.jpg,1328390060241069.jpg,1328390060241069.jpg
1328390060441035,1328390060440950,85,1328390060441035.bin,1328390060441035.jpg,1328390060441035.jpg,1328390060441035.jpg,1328390060441035.jpg,1328390060441035.jpg
1328390060641005,1328390060642191,1186,1328390060641005.bin,1328390060641005.jpg,1328390060641005.jpg,1328390060641005.jpg,1328390060641005.jpg,1328390060641005.jpg
1328390060840975,1328390060843394,2419,1328390060840975.bin,1328390060840975.jpg,1328390060840975.jpg,1328390060840975.jpg,1328390060840975.jpg,1328390060840975.jpg
1328390061040930,1328390061044572,3642,1328390061040930.bin,1328390061040930.jpg,1328390061040930.jpg,1328390061040930.jpg,1328390061040930.jpg,1328390061040930.jpg
1328390061240906,1328390061243578,2672,1328390061240906.bin,1328390061240906.jpg,1328390061240906.jpg,1328390061240906.jpg,1328390061240906.jpg,1328390061240906.jpg
1328390061440871,1328390061443587,2716,1328390061440871.bin,1328390061440871.jpg,1328390061440871.jpg,1328390061440871.jpg,1328390061440871.jpg,1328390061440871.jpg
1328390061640841,1328390061643748,2907,1328390061640841.bin,1328390061640841.jpg,1328390061640841.jpg,1328390061640841.jpg,1328390061640841.jpg,1328390061640841.jpg
1328390061840807,1328390061843915,3108,1328390061840807.bin,1328390061840807.jpg,1328390061840807.jpg,1328390061840807.jpg,1328390061840807.jpg,1328390061840807.jpg
1328390062040777,1328390062044674,3897,1328390062040777.bin,1328390062040777.jpg,1328390062040777.jpg,1328390062040777.jpg,1328390062040777.jpg,1328390062040777.jpg
1328390062240741,1328390062244158,3417,1328390062240741.bin,1328390062240741.jpg,1328390062240741.jpg,1328390062240741.jpg,1328390062240741.jpg,1328390062240741.jpg
1328390062440730,1328390062439315,1415,1328390062440730.bin,1328390062440730.jpg,1328390062440730.jpg,1328390062440730.jpg,1328390062440730.jpg,1328390062440730.jpg
1328390062640680,1328390062640518,162,1328390062640680.bin,1328390062640680.jpg,1328390062640680.jpg,1328390062640680.jpg,1328390062640680.jpg,1328390062640680.jpg
1328390062840643,1328390062841746,1103,1328390062840643.bin,1328390062840643.jpg,1328390062840643.jpg,1328390062840643.jpg,1328390062840643.jpg,1328390062840643.jpg
1328390063040617,1328390063043359,2742,1328390063040617.bin,1328390063040617.jpg,1328390063040617.jpg,1328390063040617.jpg,1328390063040617.jpg,1328390063040617.jpg
1328390063240581,1328390063239632,949,1328390063240581.bin,1328390063240581.jpg,1328390063240581.jpg,1328390063240581.jpg,1328390063240581.jpg,1328390063240581.jpg
1328390063440545,1328390063440777,232,1328390063440545.bin,1328390063440545.jpg,1328390063440545.jpg,1328390063440545.jpg,1328390063440545.jpg,1328390063440545.jpg
1328390063640524,1328390063642644,2120,1328390063640524.bin,1328390063640524.jpg,1328390063640524.jpg,1328390063640524.jpg,1328390063640524.jpg,1328390063640524.jpg
1328390063840481,1328390063844129,3648,1328390063840481.bin,1328390063840481.jpg,1328390063840481.jpg,1328390063840481.jpg,1328390063840481.jpg,1328390063840481.jpg
1328390064040450,1328390064037414,3036,1328390064040450.bin,1328390064040450.jpg,1328390064040450.jpg,1328390064040450.jpg,1328390064040450.jpg,1328390064040450.jpg
1328390064240417,1328390064238537,1880,1328390064240417.bin,1328390064240417.jpg,1328390064240417.jpg,1328390064240417.jpg,1328390064240417.jpg,1328390064240417.jpg
1328390064440395,1328390064439750,645,1328390064440395.bin,1328390064440395.jpg,1328390064440395.jpg,1328390064440395.jpg,1328390064440395.jpg,1328390064440395.jpg
1328390064640371,1328390064640876,505,1328390064640371.bin,1328390064640371.jpg,1328390064640371.jpg,1328390064640371.jpg,1328390064640371.jpg,1328390064640371.jpg
1328390064840321,1328390064842195,1874,1328390064840321.bin,1328390064840321.jpg,1328390064840321.jpg,1328390064840321.jpg,1328390064840321.jpg,1328390064840321.jpg
1328390065040277,1328390065043731,3454,1328390065040277.bin,1328390065040277.jpg,1328390065040277.jpg,1328390065040277.jpg,1328390065040277.jpg,1328390065040277.jpg
1328390065240254,1328390065238250,2004,1328390065240254.bin,1328390065240254.jpg,1328390065240254.jpg,1328390065240254.jpg,1328390065240254.jpg,1328390065240254.jpg
1328390065440219,1328390065439267,952,1328390065440219.bin,1328390065440219.jpg,1328390065440219.jpg,1328390065440219.jpg,1328390065440219.jpg,1328390065440219.jpg
1328390065640186,1328390065643945,3759,1328390065640186.bin,1328390065640186.jpg,1328390065640186.jpg,1328390065640186.jpg,1328390065640186.jpg,1328390065640186.jpg
1328390065840158,1328390065836889,3269,1328390065840158.bin,1328390065840158.jpg,1328390065840158.jpg,1328390065840158.jpg,1328390065840158.jpg,1328390065840158.jpg
1328390066040113,1328390066038101,2012,1328390066040113.bin,1328390066040113.jpg,1328390066040113.jpg,1328390066040113.jpg,1328390066040113.jpg,1328390066040113.jpg
1328390066240091,1328390066239437,654,1328390066240091.bin,1328390066240091.jpg,1328390066240091.jpg,1328390066240091.jpg,1328390066240091.jpg,1328390066240091.jpg
1328390066440057,1328390066440797,740,1328390066440057.bin,1328390066440057.jpg,1328390066440057.jpg,1328390066440057.jpg,1328390066440057.jpg,1328390066440057.jpg
1328390066640040,1328390066641969,1929,1328390066640040.bin,1328390066640040.jpg,1328390066640040.jpg,1328390066640040.jpg,1328390066640040.jpg,1328390066640040.jpg
1328390066839993,1328390066843206,3213,1328390066839993.bin,1328390066839993.jpg,1328390066839993.jpg,1328390066839993.jpg,1328390066839993.jpg,1328390066839993.jpg
1328390067039957,1328390067044041,4084,1328390067039957.bin,1328390067039957.jpg,1328390067039957.jpg,1328390067039957.jpg,1328390067039957.jpg,1328390067039957.jpg
1328390067239926,1328390067243619,3693,1328390067239926.bin,1328390067239926.jpg,1328390067239926.jpg,1328390067239926.jpg,1328390067239926.jpg,1328390067239926.jpg
1328390067439916,1328390067444789,4873,1328390067439916.bin,1328390067439916.jpg,1328390067439916.jpg,1328390067439916.jpg,1328390067439916.jpg,1328390067439916.jpg
1328390067639862,1328390067637268,2594,1328390067639862.bin,1328390067639862.jpg,1328390067639862.jpg,1328390067639862.jpg,1328390067639862.jpg,1328390067639862.jpg
1328390067839827,1328390067843637,3810,1328390067839827.bin,1328390067839827.jpg,1328390067839827.jpg,1328390067839827.jpg,1328390067839827.jpg,1328390067839827.jpg
1328390068039794,1328390068043772,3978,1328390068039794.bin,1328390068039794.jpg,1328390068039794.jpg,1328390068039794.jpg,1328390068039794.jpg,1328390068039794.jpg
1328390068239765,1328390068243641,3876,1328390068239765.bin,1328390068239765.jpg,1328390068239765.jpg,1328390068239765.jpg,1328390068239765.jpg,1328390068239765.jpg
1328390068439732,1328390068436813,2919,1328390068439732.bin,1328390068439732.jpg,1328390068439732.jpg,1328390068439732.jpg,1328390068439732.jpg,1328390068439732.jpg
1328390068639696,1328390068643851,4155,1328390068639696.bin,1328390068639696.jpg,1328390068639696.jpg,1328390068639696.jpg,1328390068639696.jpg,1328390068639696.jpg
1328390068839692,1328390068843632,3940,1328390068839692.bin,1328390068839692.jpg,1328390068839692.jpg,1328390068839692.jpg,1328390068839692.jpg,1328390068839692.jpg
1328390069039625,1328390069036146,3479,1328390069039625.bin,1328390069039625.jpg,1328390069039625.jpg,1328390069039625.jpg,1328390069039625.jpg,1328390069039625.jpg
1328390069239602,1328390069237278,2324,1328390069239602.bin,1328390069239602.jpg,1328390069239602.jpg,1328390069239602.jpg,1328390069239602.jpg,1328390069239602.jpg
1328390069439565,1328390069438414,1151,1328390069439565.bin,1328390069439565.jpg,1328390069439565.jpg,1328390069439565.jpg,1328390069439565.jpg,1328390069439565.jpg
1328390069639596,1328390069639478,118,1328390069639596.bin,1328390069639596.jpg,1328390069639596.jpg,1328390069639596.jpg,1328390069639596.jpg,1328390069639596.jpg
1328390069839530,1328390069841152,1622,1328390069839530.bin,1328390069839530.jpg,1328390069839530.jpg,1328390069839530.jpg,1328390069839530.jpg,1328390069839530.jpg
1328390070039470,1328390070040966,1496,1328390070039470.bin,1328390070039470.jpg,1328390070039470.jpg,1328390070039470.jpg,1328390070039470.jpg,1328390070039470.jpg
1328390070239434,1328390070242185,2751,1328390070239434.bin,1328390070239434.jpg,1328390070239434.jpg,1328390070239434.jpg,1328390070239434.jpg,1328390070239434.jpg
1328390070439403,1328390070443409,4006,1328390070439403.bin,1328390070439403.jpg,1328390070439403.jpg,1328390070439403.jpg,1328390070439403.jpg,1328390070439403.jpg
1328390070639371,1328390070643697,4326,1328390070639371.bin,1328390070639371.jpg,1328390070639371.jpg,1328390070639371.jpg,1328390070639371.jpg,1328390070639371.jpg
1328390070839340,1328390070836753,2587,1328390070839340.bin,1328390070839340.jpg,1328390070839340.jpg,1328390070839340.jpg,1328390070839340.jpg,1328390070839340.jpg
1328390071039305,1328390071044069,4764,1328390071039305.bin,1328390071039305.jpg,1328390071039305.jpg,1328390071039305.jpg,1328390071039305.jpg,1328390071039305.jpg
1328390071239275,1328390071235126,4149,1328390071239275.bin,1328390071239275.jpg,1328390071239275.jpg,1328390071239275.jpg,1328390071239275.jpg,1328390071239275.jpg
1328390071439243,1328390071436337,2906,1328390071439243.bin,1328390071439243.jpg,1328390071439243.jpg,1328390071439243.jpg,1328390071439243.jpg,1328390071439243.jpg
1328390071639208,1328390071637621,1587,1328390071639208.bin,1328390071639208.jpg,1328390071639208.jpg,1328390071639208.jpg,1328390071639208.jpg,1328390071639208.jpg
1328390071839175,1328390071843965,4790,1328390071839175.bin,1328390071839175.jpg,1328390071839175.jpg,1328390071839175.jpg,1328390071839175.jpg,1328390071839175.jpg
1328390072039145,1328390072043574,4429,1328390072039145.bin,1328390072039145.jpg,1328390072039145.jpg,1328390072039145.jpg,1328390072039145.jpg,1328390072039145.jpg
1328390072239108,1328390072235012,4096,1328390072239108.bin,1328390072239108.jpg,1328390072239108.jpg,1328390072239108.jpg,1328390072239108.jpg,1328390072239108.jpg
1328390072439081,1328390072437063,2018,1328390072439081.bin,1328390072439081.jpg,1328390072439081.jpg,1328390072439081.jpg,1328390072439081.jpg,1328390072439081.jpg
1328390072639044,1328390072644027,4983,1328390072639044.bin,1328390072639044.jpg,1328390072639044.jpg,1328390072639044.jpg,1328390072639044.jpg,1328390072639044.jpg
1328390072839013,1328390072833673,5340,1328390072839013.bin,1328390072839013.jpg,1328390072839013.jpg,1328390072839013.jpg,1328390072839013.jpg,1328390072839013.jpg
1328390073038974,1328390073035449,3525,1328390073038974.bin,1328390073038974.jpg,1328390073038974.jpg,1328390073038974.jpg,1328390073038974.jpg,1328390073038974.jpg
1328390073238959,1328390073235414,3545,1328390073238959.bin,1328390073238959.jpg,1328390073238959.jpg,1328390073238959.jpg,1328390073238959.jpg,1328390073238959.jpg
1328390073438915,1328390073434014,4901,1328390073438915.bin,1328390073438915.jpg,1328390073438915.jpg,1328390073438915.jpg,1328390073438915.jpg,1328390073438915.jpg
1328390073638887,1328390073635385,3502,1328390073638887.bin,1328390073638887.jpg,1328390073638887.jpg,1328390073638887.jpg,1328390073638887.jpg,1328390073638887.jpg
1328390073838850,1328390073836514,2336,1328390073838850.bin,1328390073838850.jpg,1328390073838850.jpg,1328390073838850.jpg,1328390073838850.jpg,1328390073838850.jpg
1328390074038816,1328390074033897,4919,1328390074038816.bin,1328390074038816.jpg,1328390074038816.jpg,1328390074038816.jpg,1328390074038816.jpg,1328390074038816.jpg
1328390074238782,1328390074235431,3351,1328390074238782.bin,1328390074238782.jpg,1328390074238782.jpg,1328390074238782.jpg,1328390074238782.jpg,1328390074238782.jpg
1328390074438752,1328390074436883,1869,1328390074438752.bin,1328390074438752.jpg,1328390074438752.jpg,1328390074438752.jpg,1328390074438752.jpg,1328390074438752.jpg
1328390074638718,1328390074638045,673,1328390074638718.bin,1328390074638718.jpg,1328390074638718.jpg,1328390074638718.jpg,1328390074638718.jpg,1328390074638718.jpg
1328390074838703,1328390074839204,501,1328390074838703.bin,1328390074838703.jpg,1328390074838703.jpg,1328390074838703.jpg,1328390074838703.jpg,1328390074838703.jpg
1328390075038646,1328390075040413,1767,1328390075038646.bin,1328390075038646.jpg,1328390075038646.jpg,1328390075038646.jpg,1328390075038646.jpg,1328390075038646.jpg
1328390075238624,1328390075241727,3103,1328390075238624.bin,1328390075238624.jpg,1328390075238624.jpg,1328390075238624.jpg,1328390075238624.jpg,1328390075238624.jpg
1328390075438589,1328390075443308,4719,1328390075438589.bin,1328390075438589.jpg,1328390075438589.jpg,1328390075438589.jpg,1328390075438589.jpg,1328390075438589.jpg
1328390075638545,1328390075634069,4476,1328390075638545.bin,1328390075638545.jpg,1328390075638545.jpg,1328390075638545.jpg,1328390075638545.jpg,1328390075638545.jpg
1328390075838530,1328390075833877,4653,1328390075838530.bin,1328390075838530.jpg,1328390075838530.jpg,1328390075838530.jpg,1328390075838530.jpg,1328390075838530.jpg
1328390076038495,1328390076034083,4412,1328390076038495.bin,1328390076038495.jpg,1328390076038495.jpg,1328390076038495.jpg,1328390076038495.jpg,1328390076038495.jpg
1328390076238457,1328390076234162,4295,1328390076238457.bin,1328390076238457.jpg,1328390076238457.jpg,1328390076238457.jpg,1328390076238457.jpg,1328390076238457.jpg
1328390076438427,1328390076436455,1972,1328390076438427.bin,1328390076438427.jpg,1328390076438427.jpg,1328390076438427.jpg,1328390076438427.jpg,1328390076438427.jpg
1328390076638396,1328390076637697,699,1328390076638396.bin,1328390076638396.jpg,1328390076638396.jpg,1328390076638396.jpg,1328390076638396.jpg,1328390076638396.jpg
1328390076838364,1328390076839036,672,1328390076838364.bin,1328390076838364.jpg,1328390076838364.jpg,1328390076838364.jpg,1328390076838364.jpg,1328390076838364.jpg
1328390077038328,1328390077040164,1836,1328390077038328.bin,1328390077038328.jpg,1328390077038328.jpg,1328390077038328.jpg,1328390077038328.jpg,1328390077038328.jpg
1328390077238286,1328390077241310,3024,1328390077238286.bin,1328390077238286.jpg,1328390077238286.jpg,1328390077238286.jpg,1328390077238286.jpg,1328390077238286.jpg
1328390077438270,1328390077433842,4428,1328390077438270.bin,1328390077438270.jpg,1328390077438270.jpg,1328390077438270.jpg,1328390077438270.jpg,1328390077438270.jpg
1328390077638228,1328390077633835,4393,1328390077638228.bin,1328390077638228.jpg,1328390077638228.jpg,1328390077638228.jpg,1328390077638228.jpg,1328390077638228.jpg
1328390077838219,1328390077833926,4293,1328390077838219.bin,1328390077838219.jpg,1328390077838219.jpg,1328390077838219.jpg,1328390077838219.jpg,1328390077838219.jpg
1328390078038161,1328390078033737,4424,1328390078038161.bin,1328390078038161.jpg,1328390078038161.jpg,1328390078038161.jpg,1328390078038161.jpg,1328390078038161.jpg
1328390078238130,1328390078234807,3323,1328390078238130.bin,1328390078238130.jpg,1328390078238130.jpg,1328390078238130.jpg,1328390078238130.jpg,1328390078238130.jpg
1328390078438126,1328390078433790,4336,1328390078438126.bin,1328390078438126.jpg,1328390078438126.jpg,1328390078438126.jpg,1328390078438126.jpg,1328390078438126.jpg
1328390078638067,1328390078635027,3040,1328390078638067.bin,1328390078638067.jpg,1328390078638067.jpg,1328390078638067.jpg,1328390078638067.jpg,1328390078638067.jpg
1328390078838052,1328390078836184,1868,1328390078838052.bin,1328390078838052.jpg,1328390078838052.jpg,1328390078838052.jpg,1328390078838052.jpg,1328390078838052.jpg
1328390079038002,1328390079037414,588,1328390079038002.bin,1328390079038002.jpg,1328390079038002.jpg,1328390079038002.jpg,1328390079038002.jpg,1328390079038002.jpg
1328390079237968,1328390079235550,2418,1328390079237968.bin,1328390079237968.jpg,1328390079237968.jpg,1328390079237968.jpg,1328390079237968.jpg,1328390079237968.jpg
1328390079437937,1328390079436679,1258,1328390079437937.bin,1328390079437937.jpg,1328390079437937.jpg,1328390079437937.jpg,1328390079437937.jpg,1328390079437937.jpg
1328390079637905,1328390079639746,1841,1328390079637905.bin,1328390079637905.jpg,1328390079637905.jpg,1328390079637905.jpg,1328390079637905.jpg,1328390079637905.jpg
1328390079837871,1328390079840932,3061,1328390079837871.bin,1328390079837871.jpg,1328390079837871.jpg,1328390079837871.jpg,1328390079837871.jpg,1328390079837871.jpg
1328390080037870,1328390080033950,3920,1328390080037870.bin,1328390080037870.jpg,1328390080037870.jpg,1328390080037870.jpg,1328390080037870.jpg,1328390080037870.jpg
1328390080237817,1328390080234219,3598,1328390080237817.bin,1328390080237817.jpg,1328390080237817.jpg,1328390080237817.jpg,1328390080237817.jpg,1328390080237817.jpg
1328390080437812,1328390080433541,4271,1328390080437812.bin,1328390080437812.jpg,1328390080437812.jpg,1328390080437812.jpg,1328390080437812.jpg,1328390080437812.jpg
1328390080637729,1328390080633837,3892,1328390080637729.bin,1328390080637729.jpg,1328390080637729.jpg,1328390080637729.jpg,1328390080637729.jpg,1328390080637729.jpg
1328390080837707,1328390080834070,3637,1328390080837707.bin,1328390080837707.jpg,1328390080837707.jpg,1328390080837707.jpg,1328390080837707.jpg,1328390080837707.jpg
1328390081037707,1328390081035430,2277,1328390081037707.bin,1328390081037707.jpg,1328390081037707.jpg,1328390081037707.jpg,1328390081037707.jpg,1328390081037707.jpg
1328390081237658,1328390081235636,2022,1328390081237658.bin,1328390081237658.jpg,1328390081237658.jpg,1328390081237658.jpg,1328390081237658.jpg,1328390081237658.jpg
1328390081437612,1328390081433823,3789,1328390081437612.bin,1328390081437612.jpg,1328390081437612.jpg,1328390081437612.jpg,1328390081437612.jpg,1328390081437612.jpg
1328390081637575,1328390081635891,1684,1328390081637575.bin,1328390081637575.jpg,1328390081637575.jpg,1328390081637575.jpg,1328390081637575.jpg,1328390081637575.jpg
1328390081837543,1328390081837028,515,1328390081837543.bin,1328390081837543.jpg,1328390081837543.jpg,1328390081837543.jpg,1328390081837543.jpg,1328390081837543.jpg
1328390082037512,1328390082038276,764,1328390082037512.bin,1328390082037512.jpg,1328390082037512.jpg,1328390082037512.jpg,1328390082037512.jpg,1328390082037512.jpg
1328390082237480,1328390082239489,2009,1328390082237480.bin,1328390082237480.jpg,1328390082237480.jpg,1328390082237480.jpg,1328390082237480.jpg,1328390082237480.jpg
1328390082437446,1328390082440732,3286,1328390082437446.bin,1328390082437446.jpg,1328390082437446.jpg,1328390082437446.jpg,1328390082437446.jpg,1328390082437446.jpg
1328390082637700,1328390082634000,3700,1328390082637700.bin,1328390082637700.jpg,1328390082637700.jpg,1328390082637700.jpg,1328390082637700.jpg,1328390082637700.jpg
1328390082837382,1328390082833822,3560,1328390082837382.bin,1328390082837382.jpg,1328390082837382.jpg,1328390082837382.jpg,1328390082837382.jpg,1328390082837382.jpg
1328390083037348,1328390083035996,1352,1328390083037348.bin,1328390083037348.jpg,1328390083037348.jpg,1328390083037348.jpg,1328390083037348.jpg,1328390083037348.jpg
1328390083237317,1328390083235369,1948,1328390083237317.bin,1328390083237317.jpg,1328390083237317.jpg,1328390083237317.jpg,1328390083237317.jpg,1328390083237317.jpg
1328390083437280,1328390083436837,443,1328390083437280.bin,1328390083437280.jpg,1328390083437280.jpg,1328390083437280.jpg,1328390083437280.jpg,1328390083437280.jpg
1328390083637247,1328390083638099,852,1328390083637247.bin,1328390083637247.jpg,1328390083637247.jpg,1328390083637247.jpg,1328390083637247.jpg,1328390083637247.jpg
1328390083837217,1328390083840346,3129,1328390083837217.bin,1328390083837217.jpg,1328390083837217.jpg,1328390083837217.jpg,1328390083837217.jpg,1328390083837217.jpg
1328390084037186,1328390084036157,1029,1328390084037186.bin,1328390084037186.jpg,1328390084037186.jpg,1328390084037186.jpg,1328390084037186.jpg,1328390084037186.jpg
1328390084237152,1328390084237517,365,1328390084237152.bin,1328390084237152.jpg,1328390084237152.jpg,1328390084237152.jpg,1328390084237152.jpg,1328390084237152.jpg
1328390084437117,1328390084438767,1650,1328390084437117.bin,1328390084437117.jpg,1328390084437117.jpg,1328390084437117.jpg,1328390084437117.jpg,1328390084437117.jpg
1328390084637088,1328390084639997,2909,1328390084637088.bin,1328390084637088.jpg,1328390084637088.jpg,1328390084637088.jpg,1328390084637088.jpg,1328390084637088.jpg
1328390084837072,1328390084836706,366,1328390084837072.bin,1328390084837072.jpg,1328390084837072.jpg,1328390084837072.jpg,1328390084837072.jpg,1328390084837072.jpg
1328390085037022,1328390085037878,856,1328390085037022.bin,1328390085037022.jpg,1328390085037022.jpg,1328390085037022.jpg,1328390085037022.jpg,1328390085037022.jpg
1328390085236992,1328390085239405,2413,1328390085236992.bin,1328390085236992.jpg,1328390085236992.jpg,1328390085236992.jpg,1328390085236992.jpg,1328390085236992.jpg
1328390085436953,1328390085433755,3198,1328390085436953.bin,1328390085436953.jpg,1328390085436953.jpg,1328390085436953.jpg,1328390085436953.jpg,1328390085436953.jpg
1328390085636923,1328390085633767,3156,1328390085636923.bin,1328390085636923.jpg,1328390085636923.jpg,1328390085636923.jpg,1328390085636923.jpg,1328390085636923.jpg
1328390085836894,1328390085833932,2962,1328390085836894.bin,1328390085836894.jpg,1328390085836894.jpg,1328390085836894.jpg,1328390085836894.jpg,1328390085836894.jpg
1328390086036909,1328390086035478,1431,1328390086036909.bin,1328390086036909.jpg,1328390086036909.jpg,1328390086036909.jpg,1328390086036909.jpg,1328390086036909.jpg
1328390086236824,1328390086233548,3276,1328390086236824.bin,1328390086236824.jpg,1328390086236824.jpg,1328390086236824.jpg,1328390086236824.jpg,1328390086236824.jpg
1328390086436792,1328390086433701,3091,1328390086436792.bin,1328390086436792.jpg,1328390086436792.jpg,1328390086436792.jpg,1328390086436792.jpg,1328390086436792.jpg
1328390086636761,1328390086633838,2923,1328390086636761.bin,1328390086636761.jpg,1328390086636761.jpg,1328390086636761.jpg,1328390086636761.jpg,1328390086636761.jpg
1328390086836727,1328390086834650,2077,1328390086836727.bin,1328390086836727.jpg,1328390086836727.jpg,1328390086836727.jpg,1328390086836727.jpg,1328390086836727.jpg
1328390087036696,1328390087035833,863,1328390087036696.bin,1328390087036696.jpg,1328390087036696.jpg,1328390087036696.jpg,1328390087036696.jpg,1328390087036696.jpg
1328390087236682,1328390087233858,2824,1328390087236682.bin,1328390087236682.jpg,1328390087236682.jpg,1328390087236682.jpg,1328390087236682.jpg,1328390087236682.jpg
1328390087436627,1328390087433329,3298,1328390087436627.bin,1328390087436627.jpg,1328390087436627.jpg,1328390087436627.jpg,1328390087436627.jpg,1328390087436627.jpg
1328390087636596,1328390087634019,2577,1328390087636596.bin,1328390087636596.jpg,1328390087636596.jpg,1328390087636596.jpg,1328390087636596.jpg,1328390087636596.jpg
1328390087836567,1328390087833555,3012,1328390087836567.bin,1328390087836567.jpg,1328390087836567.jpg,1328390087836567.jpg,1328390087836567.jpg,1328390087836567.jpg
1328390088036534,1328390088033684,2850,1328390088036534.bin,1328390088036534.jpg,1328390088036534.jpg,1328390088036534.jpg,1328390088036534.jpg,1328390088036534.jpg
1328390088236497,1328390088235543,954,1328390088236497.bin,1328390088236497.jpg,1328390088236497.jpg,1328390088236497.jpg,1328390088236497.jpg,1328390088236497.jpg
1328390088436480,1328390088434244,2236,1328390088436480.bin,1328390088436480.jpg,1328390088436480.jpg,1328390088436480.jpg,1328390088436480.jpg,1328390088436480.jpg
1328390088636443,1328390088635548,895,1328390088636443.bin,1328390088636443.jpg,1328390088636443.jpg,1328390088636443.jpg,1328390088636443.jpg,1328390088636443.jpg
1328390088836403,1328390088836688,285,1328390088836403.bin,1328390088836403.jpg,1328390088836403.jpg,1328390088836403.jpg,1328390088836403.jpg,1328390088836403.jpg
1328390089036361,1328390089037877,1516,1328390089036361.bin,1328390089036361.jpg,1328390089036361.jpg,1328390089036361.jpg,1328390089036361.jpg,1328390089036361.jpg
1328390089236340,1328390089233888,2452,1328390089236340.bin,1328390089236340.jpg,1328390089236340.jpg,1328390089236340.jpg,1328390089236340.jpg,1328390089236340.jpg
1328390089436303,1328390089433728,2575,1328390089436303.bin,1328390089436303.jpg,1328390089436303.jpg,1328390089436303.jpg,1328390089436303.jpg,1328390089436303.jpg
1328390089636295,1328390089633536,2759,1328390089636295.bin,1328390089636295.jpg,1328390089636295.jpg,1328390089636295.jpg,1328390089636295.jpg,1328390089636295.jpg
1328390089836239,1328390089833794,2445,1328390089836239.bin,1328390089836239.jpg,1328390089836239.jpg,1328390089836239.jpg,1328390089836239.jpg,1328390089836239.jpg
1328390090036195,1328390090033777,2418,1328390090036195.bin,1328390090036195.jpg,1328390090036195.jpg,1328390090036195.jpg,1328390090036195.jpg,1328390090036195.jpg
1328390090236175,1328390090234182,1993,1328390090236175.bin,1328390090236175.jpg,1328390090236175.jpg,1328390090236175.jpg,1328390090236175.jpg,1328390090236175.jpg
1328390090436139,1328390090433865,2274,1328390090436139.bin,1328390090436139.jpg,1328390090436139.jpg,1328390090436139.jpg,1328390090436139.jpg,1328390090436139.jpg
1328390090636105,1328390090633728,2377,1328390090636105.bin,1328390090636105.jpg,1328390090636105.jpg,1328390090636105.jpg,1328390090636105.jpg,1328390090636105.jpg
1328390090836075,1328390090833585,2490,1328390090836075.bin,1328390090836075.jpg,1328390090836075.jpg,1328390090836075.jpg,1328390090836075.jpg,1328390090836075.jpg
1328390091036042,1328390091034134,1908,1328390091036042.bin,1328390091036042.jpg,1328390091036042.jpg,1328390091036042.jpg,1328390091036042.jpg,1328390091036042.jpg
1328390091236012,1328390091235115,897,1328390091236012.bin,1328390091236012.jpg,1328390091236012.jpg,1328390091236012.jpg,1328390091236012.jpg,1328390091236012.jpg
1328390091435975,1328390091436831,856,1328390091435975.bin,1328390091435975.jpg,1328390091435975.jpg,1328390091435975.jpg,1328390091435975.jpg,1328390091435975.jpg
1328390091635943,1328390091633931,2012,1328390091635943.bin,1328390091635943.jpg,1328390091635943.jpg,1328390091635943.jpg,1328390091635943.jpg,1328390091635943.jpg
1328390091835912,1328390091833975,1937,1328390091835912.bin,1328390091835912.jpg,1328390091835912.jpg,1328390091835912.jpg,1328390091835912.jpg,1328390091835912.jpg
1328390092035878,1328390092033694,2184,1328390092035878.bin,1328390092035878.jpg,1328390092035878.jpg,1328390092035878.jpg,1328390092035878.jpg,1328390092035878.jpg
1328390092235843,1328390092234141,1702,1328390092235843.bin,1328390092235843.jpg,1328390092235843.jpg,1328390092235843.jpg,1328390092235843.jpg,1328390092235843.jpg
1328390092435813,1328390092433902,1911,1328390092435813.bin,1328390092435813.jpg,1328390092435813.jpg,1328390092435813.jpg,1328390092435813.jpg,1328390092435813.jpg
1328390092635780,1328390092633980,1800,1328390092635780.bin,1328390092635780.jpg,1328390092635780.jpg,1328390092635780.jpg,1328390092635780.jpg,1328390092635780.jpg
1328390092835748,1328390092833807,1941,1328390092835748.bin,1328390092835748.jpg,1328390092835748.jpg,1328390092835748.jpg,1328390092835748.jpg,1328390092835748.jpg
1328390093035713,1328390093033632,2081,1328390093035713.bin,1328390093035713.jpg,1328390093035713.jpg,1328390093035713.jpg,1328390093035713.jpg,1328390093035713.jpg
1328390093235682,1328390093235425,257,1328390093235682.bin,1328390093235682.jpg,1328390093235682.jpg,1328390093235682.jpg,1328390093235682.jpg,1328390093235682.jpg
1328390093435648,1328390093434289,1359,1328390093435648.bin,1328390093435648.jpg,1328390093435648.jpg,1328390093435648.jpg,1328390093435648.jpg,1328390093435648.jpg
1328390093635631,1328390093633688,1943,1328390093635631.bin,1328390093635631.jpg,1328390093635631.jpg,1328390093635631.jpg,1328390093635631.jpg,1328390093635631.jpg
1328390093835590,1328390093833647,1943,1328390093835590.bin,1328390093835590.jpg,1328390093835590.jpg,1328390093835590.jpg,1328390093835590.jpg,1328390093835590.jpg
1328390094035553,1328390094033612,1941,1328390094035553.bin,1328390094035553.jpg,1328390094035553.jpg,1328390094035553.jpg,1328390094035553.jpg,1328390094035553.jpg
1328390094235529,1328390094234819,710,1328390094235529.bin,1328390094235529.jpg,1328390094235529.jpg,1328390094235529.jpg,1328390094235529.jpg,1328390094235529.jpg
1328390094435485,1328390094433723,1762,1328390094435485.bin,1328390094435485.jpg,1328390094435485.jpg,1328390094435485.jpg,1328390094435485.jpg,1328390094435485.jpg
1328390094635472,1328390094634232,1240,1328390094635472.bin,1328390094635472.jpg,1328390094635472.jpg,1328390094635472.jpg,1328390094635472.jpg,1328390094635472.jpg
1328390094835438,1328390094832693,2745,1328390094835438.bin,1328390094835438.jpg,1328390094835438.jpg,1328390094835438.jpg,1328390094835438.jpg,1328390094835438.jpg
1328390095035390,1328390095036049,659,1328390095035390.bin,1328390095035390.jpg,1328390095035390.jpg,1328390095035390.jpg,1328390095035390.jpg,1328390095035390.jpg
1328390095235386,1328390095235962,576,1328390095235386.bin,1328390095235386.jpg,1328390095235386.jpg,1328390095235386.jpg,1328390095235386.jpg,1328390095235386.jpg
1328390095435322,1328390095433629,1693,1328390095435322.bin,1328390095435322.jpg,1328390095435322.jpg,1328390095435322.jpg,1328390095435322.jpg,1328390095435322.jpg
1328390095635291,1328390095635063,228,1328390095635291.bin,1328390095635291.jpg,1328390095635291.jpg,1328390095635291.jpg,1328390095635291.jpg,1328390095635291.jpg
1328390095835256,1328390095834405,851,1328390095835256.bin,1328390095835256.jpg,1328390095835256.jpg,1328390095835256.jpg,1328390095835256.jpg,1328390095835256.jpg
1328390096035243,1328390096033733,1510,1328390096035243.bin,1328390096035243.jpg,1328390096035243.jpg,1328390096035243.jpg,1328390096035243.jpg,1328390096035243.jpg
1328390096235195,1328390096235528,333,1328390096235195.bin,1328390096235195.jpg,1328390096235195.jpg,1328390096235195.jpg,1328390096235195.jpg,1328390096235195.jpg
1328390096435162,1328390096433848,1314,1328390096435162.bin,1328390096435162.jpg,1328390096435162.jpg,1328390096435162.jpg,1328390096435162.jpg,1328390096435162.jpg
1328390096635117,1328390096634095,1022,1328390096635117.bin,1328390096635117.jpg,1328390096635117.jpg,1328390096635117.jpg,1328390096635117.jpg,1328390096635117.jpg
1328390096835307,1328390096833996,1311,1328390096835307.bin,1328390096835307.jpg,1328390096835307.jpg,1328390096835307.jpg,1328390096835307.jpg,1328390096835307.jpg
1328390097035065,1328390097035736,671,1328390097035065.bin,1328390097035065.jpg,1328390097035065.jpg,1328390097035065.jpg,1328390097035065.jpg,1328390097035065.jpg
1328390097235035,1328390097233757,1278,1328390097235035.bin,1328390097235035.jpg,1328390097235035.jpg,1328390097235035.jpg,1328390097235035.jpg,1328390097235035.jpg
1328390097434999,1328390097433816,1183,1328390097434999.bin,1328390097434999.jpg,1328390097434999.jpg,1328390097434999.jpg,1328390097434999.jpg,1328390097434999.jpg
1328390097634954,1328390097634005,949,1328390097634954.bin,1328390097634954.jpg,1328390097634954.jpg,1328390097634954.jpg,1328390097634954.jpg,1328390097634954.jpg
1328390097834929,1328390097835093,164,1328390097834929.bin,1328390097834929.jpg,1328390097834929.jpg,1328390097834929.jpg,1328390097834929.jpg,1328390097834929.jpg
1328390098034904,1328390098033653,1251,1328390098034904.bin,1328390098034904.jpg,1328390098034904.jpg,1328390098034904.jpg,1328390098034904.jpg,1328390098034904.jpg
1328390098234885,1328390098235438,553,1328390098234885.bin,1328390098234885.jpg,1328390098234885.jpg,1328390098234885.jpg,1328390098234885.jpg,1328390098234885.jpg
1328390098434838,1328390098434066,772,1328390098434838.bin,1328390098434838.jpg,1328390098434838.jpg,1328390098434838.jpg,1328390098434838.jpg,1328390098434838.jpg
1328390098634800,1328390098633884,916,1328390098634800.bin,1328390098634800.jpg,1328390098634800.jpg,1328390098634800.jpg,1328390098634800.jpg,1328390098634800.jpg
1328390098834801,1328390098833667,1134,1328390098834801.bin,1328390098834801.jpg,1328390098834801.jpg,1328390098834801.jpg,1328390098834801.jpg,1328390098834801.jpg
1328390099034728,1328390099033804,924,1328390099034728.bin,1328390099034728.jpg,1328390099034728.jpg,1328390099034728.jpg,1328390099034728.jpg,1328390099034728.jpg
1328390099234703,1328390099235442,739,1328390099234703.bin,1328390099234703.jpg,1328390099234703.jpg,1328390099234703.jpg,1328390099234703.jpg,1328390099234703.jpg
1328390099434663,1328390099434062,601,1328390099434663.bin,1328390099434663.jpg,1328390099434663.jpg,1328390099434663.jpg,1328390099434663.jpg,1328390099434663.jpg
1328390099634636,1328390099633610,1026,1328390099634636.bin,1328390099634636.jpg,1328390099634636.jpg,1328390099634636.jpg,1328390099634636.jpg,1328390099634636.jpg
1328390099834603,1328390099833633,970,1328390099834603.bin,1328390099834603.jpg,1328390099834603.jpg,1328390099834603.jpg,1328390099834603.jpg,1328390099834603.jpg
1328390100034573,1328390100033894,679,1328390100034573.bin,1328390100034573.jpg,1328390100034573.jpg,1328390100034573.jpg,1328390100034573.jpg,1328390100034573.jpg
1328390100234538,1328390100235228,690,1328390100234538.bin,1328390100234538.jpg,1328390100234538.jpg,1328390100234538.jpg,1328390100234538.jpg,1328390100234538.jpg
1328390100434511,1328390100433656,855,1328390100434511.bin,1328390100434511.jpg,1328390100434511.jpg,1328390100434511.jpg,1328390100434511.jpg,1328390100434511.jpg
1328390100634489,1328390100633691,798,1328390100634489.bin,1328390100634489.jpg,1328390100634489.jpg,1328390100634489.jpg,1328390100634489.jpg,1328390100634489.jpg
1328390100834472,1328390100833924,548,1328390100834472.bin,1328390100834472.jpg,1328390100834472.jpg,1328390100834472.jpg,1328390100834472.jpg,1328390100834472.jpg
1328390101034412,1328390101034002,410,1328390101034412.bin,1328390101034412.jpg,1328390101034412.jpg,1328390101034412.jpg,1328390101034412.jpg,1328390101034412.jpg
1328390101234379,1328390101234204,175,1328390101234379.bin,1328390101234379.jpg,1328390101234379.jpg,1328390101234379.jpg,1328390101234379.jpg,1328390101234379.jpg
1328390101434344,1328390101433751,593,1328390101434344.bin,1328390101434344.jpg,1328390101434344.jpg,1328390101434344.jpg,1328390101434344.jpg,1328390101434344.jpg
1328390101634312,1328390101633532,780,1328390101634312.bin,1328390101634312.jpg,1328390101634312.jpg,1328390101634312.jpg,1328390101634312.jpg,1328390101634312.jpg
1328390101834293,1328390101833965,328,1328390101834293.bin,1328390101834293.jpg,1328390101834293.jpg,1328390101834293.jpg,1328390101834293.jpg,1328390101834293.jpg
1328390102034246,1328390102033063,1183,1328390102034246.bin,1328390102034246.jpg,1328390102034246.jpg,1328390102034246.jpg,1328390102034246.jpg,1328390102034246.jpg
1328390102234213,1328390102233980,233,1328390102234213.bin,1328390102234213.jpg,1328390102234213.jpg,1328390102234213.jpg,1328390102234213.jpg,1328390102234213.jpg
1328390102434193,1328390102433965,228,1328390102434193.bin,1328390102434193.jpg,1328390102434193.jpg,1328390102434193.jpg,1328390102434193.jpg,1328390102434193.jpg
1328390102634153,1328390102633918,235,1328390102634153.bin,1328390102634153.jpg,1328390102634153.jpg,1328390102634153.jpg,1328390102634153.jpg,1328390102634153.jpg
1328390102834123,1328390102834641,518,1328390102834123.bin,1328390102834123.jpg,1328390102834123.jpg,1328390102834123.jpg,1328390102834123.jpg,1328390102834123.jpg
1328390103034079,1328390103033702,377,1328390103034079.bin,1328390103034079.jpg,1328390103034079.jpg,1328390103034079.jpg,1328390103034079.jpg,1328390103034079.jpg
1328390103234081,1328390103233801,280,1328390103234081.bin,1328390103234081.jpg,1328390103234081.jpg,1328390103234081.jpg,1328390103234081.jpg,1328390103234081.jpg
1328390103434018,1328390103434001,17,1328390103434018.bin,1328390103434018.jpg,1328390103434018.jpg,1328390103434018.jpg,1328390103434018.jpg,1328390103434018.jpg
1328390103634052,1328390103634138,86,1328390103634052.bin,1328390103634052.jpg,1328390103634052.jpg,1328390103634052.jpg,1328390103634052.jpg,1328390103634052.jpg
1328390103833952,1328390103833556,396,1328390103833952.bin,1328390103833952.jpg,1328390103833952.jpg,1328390103833952.jpg,1328390103833952.jpg,1328390103833952.jpg
1328390104033920,1328390104033969,49,1328390104033920.bin,1328390104033920.jpg,1328390104033920.jpg,1328390104033920.jpg,1328390104033920.jpg,1328390104033920.jpg
1328390104233890,1328390104233905,15,1328390104233890.bin,1328390104233890.jpg,1328390104233890.jpg,1328390104233890.jpg,1328390104233890.jpg,1328390104233890.jpg
1328390104433892,1328390104433967,75,1328390104433892.bin,1328390104433892.jpg,1328390104433892.jpg,1328390104433892.jpg,1328390104433892.jpg,1328390104433892.jpg
1328390104633821,1328390104633893,72,1328390104633821.bin,1328390104633821.jpg,1328390104633821.jpg,1328390104633821.jpg,1328390104633821.jpg,1328390104633821.jpg
1328390104833792,1328390104833786,6,1328390104833792.bin,1328390104833792.jpg,1328390104833792.jpg,1328390104833792.jpg,1328390104833792.jpg,1328390104833792.jpg
1328390105033757,1328390105032412,1345,1328390105033757.bin,1328390105033757.jpg,1328390105033757.jpg,1328390105033757.jpg,1328390105033757.jpg,1328390105033757.jpg
1328390105233750,1328390105235023,1273,1328390105233750.bin,1328390105233750.jpg,1328390105233750.jpg,1328390105233750.jpg,1328390105233750.jpg,1328390105233750.jpg
1328390105433689,1328390105433647,42,1328390105433689.bin,1328390105433689.jpg,1328390105433689.jpg,1328390105433689.jpg,1328390105433689.jpg,1328390105433689.jpg
1328390105633684,1328390105633751,67,1328390105633684.bin,1328390105633684.jpg,1328390105633684.jpg,1328390105633684.jpg,1328390105633684.jpg,1328390105633684.jpg
1328390105833626,1328390105833902,276,1328390105833626.bin,1328390105833626.jpg,1328390105833626.jpg,1328390105833626.jpg,1328390105833626.jpg,1328390105833626.jpg
1328390106033583,1328390106034232,649,1328390106033583.bin,1328390106033583.jpg,1328390106033583.jpg,1328390106033583.jpg,1328390106033583.jpg,1328390106033583.jpg
1328390106233560,1328390106235423,1863,1328390106233560.bin,1328390106233560.jpg,1328390106233560.jpg,1328390106233560.jpg,1328390106233560.jpg,1328390106233560.jpg
1328390106433531,1328390106433669,138,1328390106433531.bin,1328390106433531.jpg,1328390106433531.jpg,1328390106433531.jpg,1328390106433531.jpg,1328390106433531.jpg
1328390106633494,1328390106633476,18,1328390106633494.bin,1328390106633494.jpg,1328390106633494.jpg,1328390106633494.jpg,1328390106633494.jpg,1328390106633494.jpg
1328390106833479,1328390106833764,285,1328390106833479.bin,1328390106833479.jpg,1328390106833479.jpg,1328390106833479.jpg,1328390106833479.jpg,1328390106833479.jpg
1328390107033540,1328390107033590,50,1328390107033540.bin,1328390107033540.jpg,1328390107033540.jpg,1328390107033540.jpg,1328390107033540.jpg,1328390107033540.jpg
1328390107233395,1328390107233666,271,1328390107233395.bin,1328390107233395.jpg,1328390107233395.jpg,1328390107233395.jpg,1328390107233395.jpg,1328390107233395.jpg
1328390107433362,1328390107433541,179,1328390107433362.bin,1328390107433362.jpg,1328390107433362.jpg,1328390107433362.jpg,1328390107433362.jpg,1328390107433362.jpg
1328390107633335,1328390107634016,681,1328390107633335.bin,1328390107633335.jpg,1328390107633335.jpg,1328390107633335.jpg,1328390107633335.jpg,1328390107633335.jpg
1328390107833400,1328390107834725,1325,1328390107833400.bin,1328390107833400.jpg,1328390107833400.jpg,1328390107833400.jpg,1328390107833400.jpg,1328390107833400.jpg
1328390108033267,1328390108033588,321,1328390108033267.bin,1328390108033267.jpg,1328390108033267.jpg,1328390108033267.jpg,1328390108033267.jpg,1328390108033267.jpg
1328390108233231,1328390108232014,1217,1328390108233231.bin,1328390108233231.jpg,1328390108233231.jpg,1328390108233231.jpg,1328390108233231.jpg,1328390108233231.jpg
1328390108433222,1328390108433617,395,1328390108433222.bin,1328390108433222.jpg,1328390108433222.jpg,1328390108433222.jpg,1328390108433222.jpg,1328390108433222.jpg
1328390108633184,1328390108633824,640,1328390108633184.bin,1328390108633184.jpg,1328390108633184.jpg,1328390108633184.jpg,1328390108633184.jpg,1328390108633184.jpg
1328390108833136,1328390108833867,731,1328390108833136.bin,1328390108833136.jpg,1328390108833136.jpg,1328390108833136.jpg,1328390108833136.jpg,1328390108833136.jpg
1328390109033102,1328390109033784,682,1328390109033102.bin,1328390109033102.jpg,1328390109033102.jpg,1328390109033102.jpg,1328390109033102.jpg,1328390109033102.jpg
1328390109233116,1328390109233927,811,1328390109233116.bin,1328390109233116.jpg,1328390109233116.jpg,1328390109233116.jpg,1328390109233116.jpg,1328390109233116.jpg
1328390109433035,1328390109434040,1005,1328390109433035.bin,1328390109433035.jpg,1328390109433035.jpg,1328390109433035.jpg,1328390109433035.jpg,1328390109433035.jpg
1328390109633005,1328390109633635,630,1328390109633005.bin,1328390109633005.jpg,1328390109633005.jpg,1328390109633005.jpg,1328390109633005.jpg,1328390109633005.jpg
1328390109832971,1328390109833032,61,1328390109832971.bin,1328390109832971.jpg,1328390109832971.jpg,1328390109832971.jpg,1328390109832971.jpg,1328390109832971.jpg
1328390110032953,1328390110034283,1330,1328390110032953.bin,1328390110032953.jpg,1328390110032953.jpg,1328390110032953.jpg,1328390110032953.jpg,1328390110032953.jpg
1328390110232907,1328390110234082,1175,1328390110232907.bin,1328390110232907.jpg,1328390110232907.jpg,1328390110232907.jpg,1328390110232907.jpg,1328390110232907.jpg
1328390110432874,1328390110433647,773,1328390110432874.bin,1328390110432874.jpg,1328390110432874.jpg,1328390110432874.jpg,1328390110432874.jpg,1328390110432874.jpg
1328390110632857,1328390110633769,912,1328390110632857.bin,1328390110632857.jpg,1328390110632857.jpg,1328390110632857.jpg,1328390110632857.jpg,1328390110632857.jpg
1328390110832811,1328390110833916,1105,1328390110832811.bin,1328390110832811.jpg,1328390110832811.jpg,1328390110832811.jpg,1328390110832811.jpg,1328390110832811.jpg
1328390111032822,1328390111033991,1169,1328390111032822.bin,1328390111032822.jpg,1328390111032822.jpg,1328390111032822.jpg,1328390111032822.jpg,1328390111032822.jpg
1328390111232743,1328390111235406,2663,1328390111232743.bin,1328390111232743.jpg,1328390111232743.jpg,1328390111232743.jpg,1328390111232743.jpg,1328390111232743.jpg
1328390111432710,1328390111433530,820,1328390111432710.bin,1328390111432710.jpg,1328390111432710.jpg,1328390111432710.jpg,1328390111432710.jpg,1328390111432710.jpg
1328390111632676,1328390111632230,446,1328390111632676.bin,1328390111632676.jpg,1328390111632676.jpg,1328390111632676.jpg,1328390111632676.jpg,1328390111632676.jpg
1328390111832644,1328390111833919,1275,1328390111832644.bin,1328390111832644.jpg,1328390111832644.jpg,1328390111832644.jpg,1328390111832644.jpg,1328390111832644.jpg
1328390112032617,1328390112033848,1231,1328390112032617.bin,1328390112032617.jpg,1328390112032617.jpg,1328390112032617.jpg,1328390112032617.jpg,1328390112032617.jpg
1328390112232582,1328390112233564,982,1328390112232582.bin,1328390112232582.jpg,1328390112232582.jpg,1328390112232582.jpg,1328390112232582.jpg,1328390112232582.jpg
1328390112432550,1328390112433954,1404,1328390112432550.bin,1328390112432550.jpg,1328390112432550.jpg,1328390112432550.jpg,1328390112432550.jpg,1328390112432550.jpg
1328390112634295,1328390112633998,297,1328390112634295.bin,1328390112634295.jpg,1328390112634295.jpg,1328390112634295.jpg,1328390112634295.jpg,1328390112634295.jpg
1328390112832482,1328390112834225,1743,1328390112832482.bin,1328390112832482.jpg,1328390112832482.jpg,1328390112832482.jpg,1328390112832482.jpg,1328390112832482.jpg
1328390113032451,1328390113031194,1257,1328390113032451.bin,1328390113032451.jpg,1328390113032451.jpg,1328390113032451.jpg,1328390113032451.jpg,1328390113032451.jpg
1328390113232417,1328390113235339,2922,1328390113232417.bin,1328390113232417.jpg,1328390113232417.jpg,1328390113232417.jpg,1328390113232417.jpg,1328390113232417.jpg
1328390113432383,1328390113433893,1510,1328390113432383.bin,1328390113432383.jpg,1328390113432383.jpg,1328390113432383.jpg,1328390113432383.jpg,1328390113432383.jpg
1328390113632350,1328390113633673,1323,1328390113632350.bin,1328390113632350.jpg,1328390113632350.jpg,1328390113632350.jpg,1328390113632350.jpg,1328390113632350.jpg
1328390113832317,1328390113833579,1262,1328390113832317.bin,1328390113832317.jpg,1328390113832317.jpg,1328390113832317.jpg,1328390113832317.jpg,1328390113832317.jpg
1328390114032277,1328390114034112,1835,1328390114032277.bin,1328390114032277.jpg,1328390114032277.jpg,1328390114032277.jpg,1328390114032277.jpg,1328390114032277.jpg
1328390114232253,1328390114235422,3169,1328390114232253.bin,1328390114232253.jpg,1328390114232253.jpg,1328390114232253.jpg,1328390114232253.jpg,1328390114232253.jpg
1328390114432223,1328390114433980,1757,1328390114432223.bin,1328390114432223.jpg,1328390114432223.jpg,1328390114432223.jpg,1328390114432223.jpg,1328390114432223.jpg
1328390114632190,1328390114633535,1345,1328390114632190.bin,1328390114632190.jpg,1328390114632190.jpg,1328390114632190.jpg,1328390114632190.jpg,1328390114632190.jpg
1328390114832159,1328390114833869,1710,1328390114832159.bin,1328390114832159.jpg,1328390114832159.jpg,1328390114832159.jpg,1328390114832159.jpg,1328390114832159.jpg
1328390115032114,1328390115034598,2484,1328390115032114.bin,1328390115032114.jpg,1328390115032114.jpg,1328390115032114.jpg,1328390115032114.jpg,1328390115032114.jpg
1328390115232090,1328390115235426,3336,1328390115232090.bin,1328390115232090.jpg,1328390115232090.jpg,1328390115232090.jpg,1328390115232090.jpg,1328390115232090.jpg
1328390115432059,1328390115433712,1653,1328390115432059.bin,1328390115432059.jpg,1328390115432059.jpg,1328390115432059.jpg,1328390115432059.jpg,1328390115432059.jpg
1328390115632024,1328390115631168,856,1328390115632024.bin,1328390115632024.jpg,1328390115632024.jpg,1328390115632024.jpg,1328390115632024.jpg,1328390115632024.jpg
1328390115831992,1328390115830498,1494,1328390115831992.bin,1328390115831992.jpg,1328390115831992.jpg,1328390115831992.jpg,1328390115831992.jpg,1328390115831992.jpg
1328390116031959,1328390116034977,3018,1328390116031959.bin,1328390116031959.jpg,1328390116031959.jpg,1328390116031959.jpg,1328390116031959.jpg,1328390116031959.jpg
1328390116231924,1328390116233517,1593,1328390116231924.bin,1328390116231924.jpg,1328390116231924.jpg,1328390116231924.jpg,1328390116231924.jpg,1328390116231924.jpg
1328390116431896,1328390116433570,1674,1328390116431896.bin,1328390116431896.jpg,1328390116431896.jpg,1328390116431896.jpg,1328390116431896.jpg,1328390116431896.jpg
1328390116631862,1328390116631211,651,1328390116631862.bin,1328390116631862.jpg,1328390116631862.jpg,1328390116631862.jpg,1328390116631862.jpg,1328390116631862.jpg
1328390116831831,1328390116832401,570,1328390116831831.bin,1328390116831831.jpg,1328390116831831.jpg,1328390116831831.jpg,1328390116831831.jpg,1328390116831831.jpg
1328390117031792,1328390117033596,1804,1328390117031792.bin,1328390117031792.jpg,1328390117031792.jpg,1328390117031792.jpg,1328390117031792.jpg,1328390117031792.jpg
1328390117231765,1328390117234262,2497,1328390117231765.bin,1328390117231765.jpg,1328390117231765.jpg,1328390117231765.jpg,1328390117231765.jpg,1328390117231765.jpg
1328390117431732,1328390117433876,2144,1328390117431732.bin,1328390117431732.jpg,1328390117431732.jpg,1328390117431732.jpg,1328390117431732.jpg,1328390117431732.jpg
1328390117631696,1328390117633717,2021,1328390117631696.bin,1328390117631696.jpg,1328390117631696.jpg,1328390117631696.jpg,1328390117631696.jpg,1328390117631696.jpg
1328390117831668,1328390117834175,2507,1328390117831668.bin,1328390117831668.jpg,1328390117831668.jpg,1328390117831668.jpg,1328390117831668.jpg,1328390117831668.jpg
1328390118031634,1328390118033609,1975,1328390118031634.bin,1328390118031634.jpg,1328390118031634.jpg,1328390118031634.jpg,1328390118031634.jpg,1328390118031634.jpg
1328390118231598,1328390118230304,1294,1328390118231598.bin,1328390118231598.jpg,1328390118231598.jpg,1328390118231598.jpg,1328390118231598.jpg,1328390118231598.jpg
1328390118431566,1328390118433867,2301,1328390118431566.bin,1328390118431566.jpg,1328390118431566.jpg,1328390118431566.jpg,1328390118431566.jpg,1328390118431566.jpg
1328390118631534,1328390118634063,2529,1328390118631534.bin,1328390118631534.jpg,1328390118631534.jpg,1328390118631534.jpg,1328390118631534.jpg,1328390118631534.jpg
1328390118831503,1328390118829683,1820,1328390118831503.bin,1328390118831503.jpg,1328390118831503.jpg,1328390118831503.jpg,1328390118831503.jpg,1328390118831503.jpg
1328390119031460,1328390119030939,521,1328390119031460.bin,1328390119031460.jpg,1328390119031460.jpg,1328390119031460.jpg,1328390119031460.jpg,1328390119031460.jpg
1328390119231458,1328390119227919,3539,1328390119231458.bin,1328390119231458.jpg,1328390119231458.jpg,1328390119231458.jpg,1328390119231458.jpg,1328390119231458.jpg
1328390119431405,1328390119429031,2374,1328390119431405.bin,1328390119431405.jpg,1328390119431405.jpg,1328390119431405.jpg,1328390119431405.jpg,1328390119431405.jpg
1328390119631699,1328390119630207,1492,1328390119631699.bin,1328390119631699.jpg,1328390119631699.jpg,1328390119631699.jpg,1328390119631699.jpg,1328390119631699.jpg
1328390119831338,1328390119831457,119,1328390119831338.bin,1328390119831338.jpg,1328390119831338.jpg,1328390119831338.jpg,1328390119831338.jpg,1328390119831338.jpg
1328390120031297,1328390120032989,1692,1328390120031297.bin,1328390120031297.jpg,1328390120031297.jpg,1328390120031297.jpg,1328390120031297.jpg,1328390120031297.jpg
1328390120231294,1328390120233888,2594,1328390120231294.bin,1328390120231294.jpg,1328390120231294.jpg,1328390120231294.jpg,1328390120231294.jpg,1328390120231294.jpg
1328390120431239,1328390120433595,2356,1328390120431239.bin,1328390120431239.jpg,1328390120431239.jpg,1328390120431239.jpg,1328390120431239.jpg,1328390120431239.jpg
1328390120631223,1328390120633555,2332,1328390120631223.bin,1328390120631223.jpg,1328390120631223.jpg,1328390120631223.jpg,1328390120631223.jpg,1328390120631223.jpg
1328390120831178,1328390120833806,2628,1328390120831178.bin,1328390120831178.jpg,1328390120831178.jpg,1328390120831178.jpg,1328390120831178.jpg,1328390120831178.jpg
1328390121031141,1328390121034114,2973,1328390121031141.bin,1328390121031141.jpg,1328390121031141.jpg,1328390121031141.jpg,1328390121031141.jpg,1328390121031141.jpg
1328390121231109,1328390121228603,2506,1328390121231109.bin,1328390121231109.jpg,1328390121231109.jpg,1328390121231109.jpg,1328390121231109.jpg,1328390121231109.jpg
1328390121431079,1328390121433548,2469,1328390121431079.bin,1328390121431079.jpg,1328390121431079.jpg,1328390121431079.jpg,1328390121431079.jpg,1328390121431079.jpg
1328390121631047,1328390121629876,1171,1328390121631047.bin,1328390121631047.jpg,1328390121631047.jpg,1328390121631047.jpg,1328390121631047.jpg,1328390121631047.jpg
1328390121831015,1328390121831089,74,1328390121831015.bin,1328390121831015.jpg,1328390121831015.jpg,1328390121831015.jpg,1328390121831015.jpg,1328390121831015.jpg
1328390122030971,1328390122032858,1887,1328390122030971.bin,1328390122030971.jpg,1328390122030971.jpg,1328390122030971.jpg,1328390122030971.jpg,1328390122030971.jpg
1328390122230946,1328390122234078,3132,1328390122230946.bin,1328390122230946.jpg,1328390122230946.jpg,1328390122230946.jpg,1328390122230946.jpg,1328390122230946.jpg
1328390122430914,1328390122429528,1386,1328390122430914.bin,1328390122430914.jpg,1328390122430914.jpg,1328390122430914.jpg,1328390122430914.jpg,1328390122430914.jpg
1328390122630878,1328390122630976,98,1328390122630878.bin,1328390122630878.jpg,1328390122630878.jpg,1328390122630878.jpg,1328390122630878.jpg,1328390122630878.jpg
1328390122830864,1328390122832102,1238,1328390122830864.bin,1328390122830864.jpg,1328390122830864.jpg,1328390122830864.jpg,1328390122830864.jpg,1328390122830864.jpg
1328390123030815,1328390123028106,2709,1328390123030815.bin,1328390123030815.jpg,1328390123030815.jpg,1328390123030815.jpg,1328390123030815.jpg,1328390123030815.jpg
1328390123230783,1328390123233835,3052,1328390123230783.bin,1328390123230783.jpg,1328390123230783.jpg,1328390123230783.jpg,1328390123230783.jpg,1328390123230783.jpg
1328390123430755,1328390123434037,3282,1328390123430755.bin,1328390123430755.jpg,1328390123430755.jpg,1328390123430755.jpg,1328390123430755.jpg,1328390123430755.jpg
1328390123630719,1328390123628352,2367,1328390123630719.bin,1328390123630719.jpg,1328390123630719.jpg,1328390123630719.jpg,1328390123630719.jpg,1328390123630719.jpg
1328390123830682,1328390123834994,4312,1328390123830682.bin,1328390123830682.jpg,1328390123830682.jpg,1328390123830682.jpg,1328390123830682.jpg,1328390123830682.jpg
1328390124030655,1328390124033711,3056,1328390124030655.bin,1328390124030655.jpg,1328390124030655.jpg,1328390124030655.jpg,1328390124030655.jpg,1328390124030655.jpg
1328390124230622,1328390124228394,2228,1328390124230622.bin,1328390124230622.jpg,1328390124230622.jpg,1328390124230622.jpg,1328390124230622.jpg,1328390124230622.jpg
1328390124430585,1328390124429539,1046,1328390124430585.bin,1328390124430585.jpg,1328390124430585.jpg,1328390124430585.jpg,1328390124430585.jpg,1328390124430585.jpg
1328390124630555,1328390124630677,122,1328390124630555.bin,1328390124630555.jpg,1328390124630555.jpg,1328390124630555.jpg,1328390124630555.jpg,1328390124630555.jpg
1328390124830523,1328390124831891,1368,1328390124830523.bin,1328390124830523.jpg,1328390124830523.jpg,1328390124830523.jpg,1328390124830523.jpg,1328390124830523.jpg
1328390125030492,1328390125033092,2600,1328390125030492.bin,1328390125030492.jpg,1328390125030492.jpg,1328390125030492.jpg,1328390125030492.jpg,1328390125030492.jpg
1328390125230456,1328390125227690,2766,1328390125230456.bin,1328390125230456.jpg,1328390125230456.jpg,1328390125230456.jpg,1328390125230456.jpg,1328390125230456.jpg
1328390125430423,1328390125433569,3146,1328390125430423.bin,1328390125430423.jpg,1328390125430423.jpg,1328390125430423.jpg,1328390125430423.jpg,1328390125430423.jpg
1328390125630392,1328390125633779,3387,1328390125630392.bin,1328390125630392.jpg,1328390125630392.jpg,1328390125630392.jpg,1328390125630392.jpg,1328390125630392.jpg
1328390125830357,1328390125833801,3444,1328390125830357.bin,1328390125830357.jpg,1328390125830357.jpg,1328390125830357.jpg,1328390125830357.jpg,1328390125830357.jpg
1328390126030326,1328390126027866,2460,1328390126030326.bin,1328390126030326.jpg,1328390126030326.jpg,1328390126030326.jpg,1328390126030326.jpg,1328390126030326.jpg
1328390126230293,1328390126228997,1296,1328390126230293.bin,1328390126230293.jpg,1328390126230293.jpg,1328390126230293.jpg,1328390126230293.jpg,1328390126230293.jpg
1328390126430261,1328390126430219,42,1328390126430261.bin,1328390126430261.jpg,1328390126430261.jpg,1328390126430261.jpg,1328390126430261.jpg,1328390126430261.jpg
1328390126630217,1328390126631420,1203,1328390126630217.bin,1328390126630217.jpg,1328390126630217.jpg,1328390126630217.jpg,1328390126630217.jpg,1328390126630217.jpg
1328390126830221,1328390126832560,2339,1328390126830221.bin,1328390126830221.jpg,1328390126830221.jpg,1328390126830221.jpg,1328390126830221.jpg,1328390126830221.jpg
1328390127030153,1328390127033737,3584,1328390127030153.bin,1328390127030153.jpg,1328390127030153.jpg,1328390127030153.jpg,1328390127030153.jpg,1328390127030153.jpg
1328390127230131,1328390127230941,810,1328390127230131.bin,1328390127230131.jpg,1328390127230131.jpg,1328390127230131.jpg,1328390127230131.jpg,1328390127230131.jpg
1328390127430107,1328390127433677,3570,1328390127430107.bin,1328390127430107.jpg,1328390127430107.jpg,1328390127430107.jpg,1328390127430107.jpg,1328390127430107.jpg
1328390127630058,1328390127626870,3188,1328390127630058.bin,1328390127630058.jpg,1328390127630058.jpg,1328390127630058.jpg,1328390127630058.jpg,1328390127630058.jpg
1328390127830030,1328390127827990,2040,1328390127830030.bin,1328390127830030.jpg,1328390127830030.jpg,1328390127830030.jpg,1328390127830030.jpg,1328390127830030.jpg
1328390128030014,1328390128029142,872,1328390128030014.bin,1328390128030014.jpg,1328390128030014.jpg,1328390128030014.jpg,1328390128030014.jpg,1328390128030014.jpg
1328390128229967,1328390128230282,315,1328390128229967.bin,1328390128229967.jpg,1328390128229967.jpg,1328390128229967.jpg,1328390128229967.jpg,1328390128229967.jpg
1328390128429938,1328390128431349,1411,1328390128429938.bin,1328390128429938.jpg,1328390128429938.jpg,1328390128429938.jpg,1328390128429938.jpg,1328390128429938.jpg
1328390128629905,1328390128632538,2633,1328390128629905.bin,1328390128629905.jpg,1328390128629905.jpg,1328390128629905.jpg,1328390128629905.jpg,1328390128629905.jpg
1328390128829868,1328390128826755,3113,1328390128829868.bin,1328390128829868.jpg,1328390128829868.jpg,1328390128829868.jpg,1328390128829868.jpg,1328390128829868.jpg
1328390129029843,1328390129027884,1959,1328390129029843.bin,1328390129029843.jpg,1328390129029843.jpg,1328390129029843.jpg,1328390129029843.jpg,1328390129029843.jpg
1328390129229801,1328390129231131,1330,1328390129229801.bin,1328390129229801.jpg,1328390129229801.jpg,1328390129229801.jpg,1328390129229801.jpg,1328390129229801.jpg
1328390129429773,1328390129432364,2591,1328390129429773.bin,1328390129429773.jpg,1328390129429773.jpg,1328390129429773.jpg,1328390129429773.jpg,1328390129429773.jpg
1328390129629737,1328390129633534,3797,1328390129629737.bin,1328390129629737.jpg,1328390129629737.jpg,1328390129629737.jpg,1328390129629737.jpg,1328390129629737.jpg
1328390129829706,1328390129825704,4002,1328390129829706.bin,1328390129829706.jpg,1328390129829706.jpg,1328390129829706.jpg,1328390129829706.jpg,1328390129829706.jpg
1328390130029672,1328390130028111,1561,1328390130029672.bin,1328390130029672.jpg,1328390130029672.jpg,1328390130029672.jpg,1328390130029672.jpg,1328390130029672.jpg
1328390130229641,1328390130223943,5698,1328390130229641.bin,1328390130229641.jpg,1328390130229641.jpg,1328390130229641.jpg,1328390130229641.jpg,1328390130229641.jpg
1328390130429607,1328390130433856,4249,1328390130429607.bin,1328390130429607.jpg,1328390130429607.jpg,1328390130429607.jpg,1328390130429607.jpg,1328390130429607.jpg
1328390130629574,1328390130633759,4185,1328390130629574.bin,1328390130629574.jpg,1328390130629574.jpg,1328390130629574.jpg,1328390130629574.jpg,1328390130629574.jpg
1328390130829542,1328390130833573,4031,1328390130829542.bin,1328390130829542.jpg,1328390130829542.jpg,1328390130829542.jpg,1328390130829542.jpg,1328390130829542.jpg
1328390131029512,1328390131025416,4096,1328390131029512.bin,1328390131029512.jpg,1328390131029512.jpg,1328390131029512.jpg,1328390131029512.jpg,1328390131029512.jpg
1328390131229481,1328390131227087,2394,1328390131229481.bin,1328390131229481.jpg,1328390131229481.jpg,1328390131229481.jpg,1328390131229481.jpg,1328390131229481.jpg
1328390131429443,1328390131428180,1263,1328390131429443.bin,1328390131429443.jpg,1328390131429443.jpg,1328390131429443.jpg,1328390131429443.jpg,1328390131429443.jpg
1328390131629413,1328390131634267,4854,1328390131629413.bin,1328390131629413.jpg,1328390131629413.jpg,1328390131629413.jpg,1328390131629413.jpg,1328390131629413.jpg
1328390131829425,1328390131833928,4503,1328390131829425.bin,1328390131829425.jpg,1328390131829425.jpg,1328390131829425.jpg,1328390131829425.jpg,1328390131829425.jpg
1328390132029349,1328390132026198,3151,1328390132029349.bin,1328390132029349.jpg,1328390132029349.jpg,1328390132029349.jpg,1328390132029349.jpg,1328390132029349.jpg
1328390132229310,1328390132227413,1897,1328390132229310.bin,1328390132229310.jpg,1328390132229310.jpg,1328390132229310.jpg,1328390132229310.jpg,1328390132229310.jpg
1328390132429279,1328390132428591,688,1328390132429279.bin,1328390132429279.jpg,1328390132429279.jpg,1328390132429279.jpg,1328390132429279.jpg,1328390132429279.jpg
1328390132629249,1328390132629758,509,1328390132629249.bin,1328390132629249.jpg,1328390132629249.jpg,1328390132629249.jpg,1328390132629249.jpg,1328390132629249.jpg
1328390132829215,1328390132831103,1888,1328390132829215.bin,1328390132829215.jpg,1328390132829215.jpg,1328390132829215.jpg,1328390132829215.jpg,1328390132829215.jpg
1328390133029197,1328390133033690,4493,1328390133029197.bin,1328390133029197.jpg,1328390133029197.jpg,1328390133029197.jpg,1328390133029197.jpg,1328390133029197.jpg
1328390133229147,1328390133225386,3761,1328390133229147.bin,1328390133229147.jpg,1328390133229147.jpg,1328390133229147.jpg,1328390133229147.jpg,1328390133229147.jpg
1328390133429118,1328390133433866,4748,1328390133429118.bin,1328390133429118.jpg,1328390133429118.jpg,1328390133429118.jpg,1328390133429118.jpg,1328390133429118.jpg
1328390133629083,1328390133625400,3683,1328390133629083.bin,1328390133629083.jpg,1328390133629083.jpg,1328390133629083.jpg,1328390133629083.jpg,1328390133629083.jpg
1328390133829051,1328390133826522,2529,1328390133829051.bin,1328390133829051.jpg,1328390133829051.jpg,1328390133829051.jpg,1328390133829051.jpg,1328390133829051.jpg
1328390134029020,1328390134027735,1285,1328390134029020.bin,1328390134029020.jpg,1328390134029020.jpg,1328390134029020.jpg,1328390134029020.jpg,1328390134029020.jpg
1328390134228984,1328390134225522,3462,1328390134228984.bin,1328390134228984.jpg,1328390134228984.jpg,1328390134228984.jpg,1328390134228984.jpg,1328390134228984.jpg
1328390134428956,1328390134424374,4582,1328390134428956.bin,1328390134428956.jpg,1328390134428956.jpg,1328390134428956.jpg,1328390134428956.jpg,1328390134428956.jpg
1328390134628927,1328390134633659,4732,1328390134628927.bin,1328390134628927.jpg,1328390134628927.jpg,1328390134628927.jpg,1328390134628927.jpg,1328390134628927.jpg
1328390134828903,1328390134826884,2019,1328390134828903.bin,1328390134828903.jpg,1328390134828903.jpg,1328390134828903.jpg,1328390134828903.jpg,1328390134828903.jpg
1328390135029005,1328390135028044,961,1328390135029005.bin,1328390135029005.jpg,1328390135029005.jpg,1328390135029005.jpg,1328390135029005.jpg,1328390135029005.jpg
1328390135228820,1328390135225726,3094,1328390135228820.bin,1328390135228820.jpg,1328390135228820.jpg,1328390135228820.jpg,1328390135228820.jpg,1328390135228820.jpg
1328390135428790,1328390135427049,1741,1328390135428790.bin,1328390135428790.jpg,1328390135428790.jpg,1328390135428790.jpg,1328390135428790.jpg,1328390135428790.jpg
1328390135628754,1328390135628307,447,1328390135628754.bin,1328390135628754.jpg,1328390135628754.jpg,1328390135628754.jpg,1328390135628754.jpg,1328390135628754.jpg
1328390135828724,1328390135829515,791,1328390135828724.bin,1328390135828724.jpg,1328390135828724.jpg,1328390135828724.jpg,1328390135828724.jpg,1328390135828724.jpg
1328390136028693,1328390136030696,2003,1328390136028693.bin,1328390136028693.jpg,1328390136028693.jpg,1328390136028693.jpg,1328390136028693.jpg,1328390136028693.jpg
1328390136228656,1328390136231806,3150,1328390136228656.bin,1328390136228656.jpg,1328390136228656.jpg,1328390136228656.jpg,1328390136228656.jpg,1328390136228656.jpg
1328390136428654,1328390136426278,2376,1328390136428654.bin,1328390136428654.jpg,1328390136428654.jpg,1328390136428654.jpg,1328390136428654.jpg,1328390136428654.jpg
1328390136628583,1328390136627397,1186,1328390136628583.bin,1328390136628583.jpg,1328390136628583.jpg,1328390136628583.jpg,1328390136628583.jpg,1328390136628583.jpg
1328390136828567,1328390136829013,446,1328390136828567.bin,1328390136828567.jpg,1328390136828567.jpg,1328390136828567.jpg,1328390136828567.jpg,1328390136828567.jpg
1328390137028531,1328390137030164,1633,1328390137028531.bin,1328390137028531.jpg,1328390137028531.jpg,1328390137028531.jpg,1328390137028531.jpg,1328390137028531.jpg
1328390137228497,1328390137231310,2813,1328390137228497.bin,1328390137228497.jpg,1328390137228497.jpg,1328390137228497.jpg,1328390137228497.jpg,1328390137228497.jpg
1328390137428464,1328390137423780,4684,1328390137428464.bin,1328390137428464.jpg,1328390137428464.jpg,1328390137428464.jpg,1328390137428464.jpg,1328390137428464.jpg
1328390137628448,1328390137625006,3442,1328390137628448.bin,1328390137628448.jpg,1328390137628448.jpg,1328390137628448.jpg,1328390137628448.jpg,1328390137628448.jpg
1328390137828396,1328390137826204,2192,1328390137828396.bin,1328390137828396.jpg,1328390137828396.jpg,1328390137828396.jpg,1328390137828396.jpg,1328390137828396.jpg
1328390138028370,1328390138027530,840,1328390138028370.bin,1328390138028370.jpg,1328390138028370.jpg,1328390138028370.jpg,1328390138028370.jpg,1328390138028370.jpg
1328390138228349,1328390138228749,400,1328390138228349.bin,1328390138228349.jpg,1328390138228349.jpg,1328390138228349.jpg,1328390138228349.jpg,1328390138228349.jpg
1328390138428306,1328390138429878,1572,1328390138428306.bin,1328390138428306.jpg,1328390138428306.jpg,1328390138428306.jpg,1328390138428306.jpg,1328390138428306.jpg
1328390138628268,1328390138631058,2790,1328390138628268.bin,1328390138628268.jpg,1328390138628268.jpg,1328390138628268.jpg,1328390138628268.jpg,1328390138628268.jpg
1328390138828232,1328390138824918,3314,1328390138828232.bin,1328390138828232.jpg,1328390138828232.jpg,1328390138828232.jpg,1328390138828232.jpg,1328390138828232.jpg
1328390139028191,1328390139023838,4353,1328390139028191.bin,1328390139028191.jpg,1328390139028191.jpg,1328390139028191.jpg,1328390139028191.jpg,1328390139028191.jpg
1328390139228167,1328390139225430,2737,1328390139228167.bin,1328390139228167.jpg,1328390139228167.jpg,1328390139228167.jpg,1328390139228167.jpg,1328390139228167.jpg
1328390139428136,1328390139423622,4514,1328390139428136.bin,1328390139428136.jpg,1328390139428136.jpg,1328390139428136.jpg,1328390139428136.jpg,1328390139428136.jpg
1328390139628106,1328390139625424,2682,1328390139628106.bin,1328390139628106.jpg,1328390139628106.jpg,1328390139628106.jpg,1328390139628106.jpg,1328390139628106.jpg
1328390139828069,1328390139826926,1143,1328390139828069.bin,1328390139828069.jpg,1328390139828069.jpg,1328390139828069.jpg,1328390139828069.jpg,1328390139828069.jpg
1328390140028037,1328390140023794,4243,1328390140028037.bin,1328390140028037.jpg,1328390140028037.jpg,1328390140028037.jpg,1328390140028037.jpg,1328390140028037.jpg
1328390140228005,1328390140225410,2595,1328390140228005.bin,1328390140228005.jpg,1328390140228005.jpg,1328390140228005.jpg,1328390140228005.jpg,1328390140228005.jpg
1328390140427970,1328390140427063,907,1328390140427970.bin,1328390140427970.jpg,1328390140427970.jpg,1328390140427970.jpg,1328390140427970.jpg,1328390140427970.jpg
1328390140627944,1328390140623529,4415,1328390140627944.bin,1328390140627944.jpg,1328390140627944.jpg,1328390140627944.jpg,1328390140627944.jpg,1328390140627944.jpg
1328390140827906,1328390140823682,4224,1328390140827906.bin,1328390140827906.jpg,1328390140827906.jpg,1328390140827906.jpg,1328390140827906.jpg,1328390140827906.jpg
1328390141027867,1328390141025103,2764,1328390141027867.bin,1328390141027867.jpg,1328390141027867.jpg,1328390141027867.jpg,1328390141027867.jpg,1328390141027867.jpg
1328390141227842,1328390141225404,2438,1328390141227842.bin,1328390141227842.jpg,1328390141227842.jpg,1328390141227842.jpg,1328390141227842.jpg,1328390141227842.jpg
1328390141427811,1328390141427494,317,1328390141427811.bin,1328390141427811.jpg,1328390141427811.jpg,1328390141427811.jpg,1328390141427811.jpg,1328390141427811.jpg
1328390141627793,1328390141628748,955,1328390141627793.bin,1328390141627793.jpg,1328390141627793.jpg,1328390141627793.jpg,1328390141627793.jpg,1328390141627793.jpg
1328390141827744,1328390141830224,2480,1328390141827744.bin,1328390141827744.jpg,1328390141827744.jpg,1328390141827744.jpg,1328390141827744.jpg,1328390141827744.jpg
1328390142027726,1328390142031456,3730,1328390142027726.bin,1328390142027726.jpg,1328390142027726.jpg,1328390142027726.jpg,1328390142027726.jpg,1328390142027726.jpg
1328390142227711,1328390142223567,4144,1328390142227711.bin,1328390142227711.jpg,1328390142227711.jpg,1328390142227711.jpg,1328390142227711.jpg,1328390142227711.jpg
1328390142427647,1328390142423795,3852,1328390142427647.bin,1328390142427647.jpg,1328390142427647.jpg,1328390142427647.jpg,1328390142427647.jpg,1328390142427647.jpg
1328390142627612,1328390142625109,2503,1328390142627612.bin,1328390142627612.jpg,1328390142627612.jpg,1328390142627612.jpg,1328390142627612.jpg,1328390142627612.jpg
1328390142827579,1328390142829200,1621,1328390142827579.bin,1328390142827579.jpg,1328390142827579.jpg,1328390142827579.jpg,1328390142827579.jpg,1328390142827579.jpg
1328390143027548,1328390143030510,2962,1328390143027548.bin,1328390143027548.jpg,1328390143027548.jpg,1328390143027548.jpg,1328390143027548.jpg,1328390143027548.jpg
1328390143227512,1328390143223536,3976,1328390143227512.bin,1328390143227512.jpg,1328390143227512.jpg,1328390143227512.jpg,1328390143227512.jpg,1328390143227512.jpg
1328390143427487,1328390143424063,3424,1328390143427487.bin,1328390143427487.jpg,1328390143427487.jpg,1328390143427487.jpg,1328390143427487.jpg,1328390143427487.jpg
1328390143627447,1328390143623990,3457,1328390143627447.bin,1328390143627447.jpg,1328390143627447.jpg,1328390143627447.jpg,1328390143627447.jpg,1328390143627447.jpg
1328390143827421,1328390143823718,3703,1328390143827421.bin,1328390143827421.jpg,1328390143827421.jpg,1328390143827421.jpg,1328390143827421.jpg,1328390143827421.jpg
1328390144027383,1328390144026283,1100,1328390144027383.bin,1328390144027383.jpg,1328390144027383.jpg,1328390144027383.jpg,1328390144027383.jpg,1328390144027383.jpg
1328390144227350,1328390144227590,240,1328390144227350.bin,1328390144227350.jpg,1328390144227350.jpg,1328390144227350.jpg,1328390144227350.jpg,1328390144227350.jpg
1328390144427317,1328390144423866,3451,1328390144427317.bin,1328390144427317.jpg,1328390144427317.jpg,1328390144427317.jpg,1328390144427317.jpg,1328390144427317.jpg
1328390144627274,1328390144624295,2979,1328390144627274.bin,1328390144627274.jpg,1328390144627274.jpg,1328390144627274.jpg,1328390144627274.jpg,1328390144627274.jpg
1328390144827290,1328390144823843,3447,1328390144827290.bin,1328390144827290.jpg,1328390144827290.jpg,1328390144827290.jpg,1328390144827290.jpg,1328390144827290.jpg
1328390145027211,1328390145024007,3204,1328390145027211.bin,1328390145027211.jpg,1328390145027211.jpg,1328390145027211.jpg,1328390145027211.jpg,1328390145027211.jpg
1328390145227192,1328390145225182,2010,1328390145227192.bin,1328390145227192.jpg,1328390145227192.jpg,1328390145227192.jpg,1328390145227192.jpg,1328390145227192.jpg
1328390145427234,1328390145426282,952,1328390145427234.bin,1328390145427234.jpg,1328390145427234.jpg,1328390145427234.jpg,1328390145427234.jpg,1328390145427234.jpg
1328390145627127,1328390145627486,359,1328390145627127.bin,1328390145627127.jpg,1328390145627127.jpg,1328390145627127.jpg,1328390145627127.jpg,1328390145627127.jpg
1328390145827107,1328390145828650,1543,1328390145827107.bin,1328390145827107.jpg,1328390145827107.jpg,1328390145827107.jpg,1328390145827107.jpg,1328390145827107.jpg
1328390146027047,1328390146024404,2643,1328390146027047.bin,1328390146027047.jpg,1328390146027047.jpg,1328390146027047.jpg,1328390146027047.jpg,1328390146027047.jpg
1328390146227024,1328390146225433,1591,1328390146227024.bin,1328390146227024.jpg,1328390146227024.jpg,1328390146227024.jpg,1328390146227024.jpg,1328390146227024.jpg
1328390146426992,1328390146423696,3296,1328390146426992.bin,1328390146426992.jpg,1328390146426992.jpg,1328390146426992.jpg,1328390146426992.jpg,1328390146426992.jpg
1328390146626976,1328390146623928,3048,1328390146626976.bin,1328390146626976.jpg,1328390146626976.jpg,1328390146626976.jpg,1328390146626976.jpg,1328390146626976.jpg
1328390146826924,1328390146825090,1834,1328390146826924.bin,1328390146826924.jpg,1328390146826924.jpg,1328390146826924.jpg,1328390146826924.jpg,1328390146826924.jpg
1328390147026883,1328390147024515,2368,1328390147026883.bin,1328390147026883.jpg,1328390147026883.jpg,1328390147026883.jpg,1328390147026883.jpg,1328390147026883.jpg
1328390147226853,1328390147223625,3228,1328390147226853.bin,1328390147226853.jpg,1328390147226853.jpg,1328390147226853.jpg,1328390147226853.jpg,1328390147226853.jpg
1328390147426854,1328390147423746,3108,1328390147426854.bin,1328390147426854.jpg,1328390147426854.jpg,1328390147426854.jpg,1328390147426854.jpg,1328390147426854.jpg
1328390147626999,1328390147624164,2835,1328390147626999.bin,1328390147626999.jpg,1328390147626999.jpg,1328390147626999.jpg,1328390147626999.jpg,1328390147626999.jpg
1328390147826761,1328390147825108,1653,1328390147826761.bin,1328390147826761.jpg,1328390147826761.jpg,1328390147826761.jpg,1328390147826761.jpg,1328390147826761.jpg
1328390148026730,1328390148023633,3097,1328390148026730.bin,1328390148026730.jpg,1328390148026730.jpg,1328390148026730.jpg,1328390148026730.jpg,1328390148026730.jpg
1328390148226729,1328390148223745,2984,1328390148226729.bin,1328390148226729.jpg,1328390148226729.jpg,1328390148226729.jpg,1328390148226729.jpg,1328390148226729.jpg
1328390148426662,1328390148423813,2849,1328390148426662.bin,1328390148426662.jpg,1328390148426662.jpg,1328390148426662.jpg,1328390148426662.jpg,1328390148426662.jpg
1328390148626629,1328390148625908,721,1328390148626629.bin,1328390148626629.jpg,1328390148626629.jpg,1328390148626629.jpg,1328390148626629.jpg,1328390148626629.jpg
1328390148826599,1328390148827271,672,1328390148826599.bin,1328390148826599.jpg,1328390148826599.jpg,1328390148826599.jpg,1328390148826599.jpg,1328390148826599.jpg
1328390149026559,1328390149028494,1935,1328390149026559.bin,1328390149026559.jpg,1328390149026559.jpg,1328390149026559.jpg,1328390149026559.jpg,1328390149026559.jpg
1328390149226532,1328390149224172,2360,1328390149226532.bin,1328390149226532.jpg,1328390149226532.jpg,1328390149226532.jpg,1328390149226532.jpg,1328390149226532.jpg
1328390149426504,1328390149423935,2569,1328390149426504.bin,1328390149426504.jpg,1328390149426504.jpg,1328390149426504.jpg,1328390149426504.jpg,1328390149426504.jpg
1328390149626470,1328390149623632,2838,1328390149626470.bin,1328390149626470.jpg,1328390149626470.jpg,1328390149626470.jpg,1328390149626470.jpg,1328390149626470.jpg
1328390149826432,1328390149823780,2652,1328390149826432.bin,1328390149826432.jpg,1328390149826432.jpg,1328390149826432.jpg,1328390149826432.jpg,1328390149826432.jpg
1328390150026393,1328390150023278,3115,1328390150026393.bin,1328390150026393.jpg,1328390150026393.jpg,1328390150026393.jpg,1328390150026393.jpg,1328390150026393.jpg
1328390150226373,1328390150223543,2830,1328390150226373.bin,1328390150226373.jpg,1328390150226373.jpg,1328390150226373.jpg,1328390150226373.jpg,1328390150226373.jpg
1328390150426361,1328390150425605,756,1328390150426361.bin,1328390150426361.jpg,1328390150426361.jpg,1328390150426361.jpg,1328390150426361.jpg,1328390150426361.jpg
1328390150626303,1328390150626713,410,1328390150626303.bin,1328390150626303.jpg,1328390150626303.jpg,1328390150626303.jpg,1328390150626303.jpg,1328390150626303.jpg
1328390150826314,1328390150824811,1503,1328390150826314.bin,1328390150826314.jpg,1328390150826314.jpg,1328390150826314.jpg,1328390150826314.jpg,1328390150826314.jpg
1328390151026229,1328390151025645,584,1328390151026229.bin,1328390151026229.jpg,1328390151026229.jpg,1328390151026229.jpg,1328390151026229.jpg,1328390151026229.jpg
1328390151226225,1328390151224057,2168,1328390151226225.bin,1328390151226225.jpg,1328390151226225.jpg,1328390151226225.jpg,1328390151226225.jpg,1328390151226225.jpg
1328390151426172,1328390151424348,1824,1328390151426172.bin,1328390151426172.jpg,1328390151426172.jpg,1328390151426172.jpg,1328390151426172.jpg,1328390151426172.jpg
1328390151626142,1328390151623782,2360,1328390151626142.bin,1328390151626142.jpg,1328390151626142.jpg,1328390151626142.jpg,1328390151626142.jpg,1328390151626142.jpg
1328390151826106,1328390151824014,2092,1328390151826106.bin,1328390151826106.jpg,1328390151826106.jpg,1328390151826106.jpg,1328390151826106.jpg,1328390151826106.jpg
1328390152026077,1328390152023945,2132,1328390152026077.bin,1328390152026077.jpg,1328390152026077.jpg,1328390152026077.jpg,1328390152026077.jpg,1328390152026077.jpg
1328390152226056,1328390152224499,1557,1328390152226056.bin,1328390152226056.jpg,1328390152226056.jpg,1328390152226056.jpg,1328390152226056.jpg,1328390152226056.jpg
1328390152426012,1328390152423283,2729,1328390152426012.bin,1328390152426012.jpg,1328390152426012.jpg,1328390152426012.jpg,1328390152426012.jpg,1328390152426012.jpg
1328390152625979,1328390152624203,1776,1328390152625979.bin,1328390152625979.jpg,1328390152625979.jpg,1328390152625979.jpg,1328390152625979.jpg,1328390152625979.jpg
1328390152825943,1328390152824010,1933,1328390152825943.bin,1328390152825943.jpg,1328390152825943.jpg,1328390152825943.jpg,1328390152825943.jpg,1328390152825943.jpg
1328390153025905,1328390153023559,2346,1328390153025905.bin,1328390153025905.jpg,1328390153025905.jpg,1328390153025905.jpg,1328390153025905.jpg,1328390153025905.jpg
1328390153225879,1328390153224875,1004,1328390153225879.bin,1328390153225879.jpg,1328390153225879.jpg,1328390153225879.jpg,1328390153225879.jpg,1328390153225879.jpg
1328390153425845,1328390153425973,128,1328390153425845.bin,1328390153425845.jpg,1328390153425845.jpg,1328390153425845.jpg,1328390153425845.jpg,1328390153425845.jpg
1328390153625813,1328390153623365,2448,1328390153625813.bin,1328390153625813.jpg,1328390153625813.jpg,1328390153625813.jpg,1328390153625813.jpg,1328390153625813.jpg
1328390153825780,1328390153824914,866,1328390153825780.bin,1328390153825780.jpg,1328390153825780.jpg,1328390153825780.jpg,1328390153825780.jpg,1328390153825780.jpg
1328390154025745,1328390154025944,199,1328390154025745.bin,1328390154025745.jpg,1328390154025745.jpg,1328390154025745.jpg,1328390154025745.jpg,1328390154025745.jpg
1328390154225717,1328390154227194,1477,1328390154225717.bin,1328390154225717.jpg,1328390154225717.jpg,1328390154225717.jpg,1328390154225717.jpg,1328390154225717.jpg
1328390154425680,1328390154423979,1701,1328390154425680.bin,1328390154425680.jpg,1328390154425680.jpg,1328390154425680.jpg,1328390154425680.jpg,1328390154425680.jpg
1328390154625642,1328390154623616,2026,1328390154625642.bin,1328390154625642.jpg,1328390154625642.jpg,1328390154625642.jpg,1328390154625642.jpg,1328390154625642.jpg
1328390154825616,1328390154823840,1776,1328390154825616.bin,1328390154825616.jpg,1328390154825616.jpg,1328390154825616.jpg,1328390154825616.jpg,1328390154825616.jpg
1328390155025573,1328390155023880,1693,1328390155025573.bin,1328390155025573.jpg,1328390155025573.jpg,1328390155025573.jpg,1328390155025573.jpg,1328390155025573.jpg
1328390155225552,1328390155224148,1404,1328390155225552.bin,1328390155225552.jpg,1328390155225552.jpg,1328390155225552.jpg,1328390155225552.jpg,1328390155225552.jpg
1328390155425515,1328390155423533,1982,1328390155425515.bin,1328390155425515.jpg,1328390155425515.jpg,1328390155425515.jpg,1328390155425515.jpg,1328390155425515.jpg
1328390155825468,1328390155823698,1770,1328390155825468.bin,1328390155825468.jpg,1328390155825468.jpg,1328390155825468.jpg,1328390155825468.jpg,1328390155825468.jpg
1328390156025419,1328390156024015,1404,1328390156025419.bin,1328390156025419.jpg,1328390156025419.jpg,1328390156025419.jpg,1328390156025419.jpg,1328390156025419.jpg
1328390156225391,1328390156224774,617,1328390156225391.bin,1328390156225391.jpg,1328390156225391.jpg,1328390156225391.jpg,1328390156225391.jpg,1328390156225391.jpg
1328390156425373,1328390156423778,1595,1328390156425373.bin,1328390156425373.jpg,1328390156425373.jpg,1328390156425373.jpg,1328390156425373.jpg,1328390156425373.jpg
1328390156625322,1328390156624542,780,1328390156625322.bin,1328390156625322.jpg,1328390156625322.jpg,1328390156625322.jpg,1328390156625322.jpg,1328390156625322.jpg
1328390156825288,1328390156824897,391,1328390156825288.bin,1328390156825288.jpg,1328390156825288.jpg,1328390156825288.jpg,1328390156825288.jpg,1328390156825288.jpg
1328390157025255,1328390157025773,518,1328390157025255.bin,1328390157025255.jpg,1328390157025255.jpg,1328390157025255.jpg,1328390157025255.jpg,1328390157025255.jpg
1328390157225225,1328390157223640,1585,1328390157225225.bin,1328390157225225.jpg,1328390157225225.jpg,1328390157225225.jpg,1328390157225225.jpg,1328390157225225.jpg
1328390157425206,1328390157425832,626,1328390157425206.bin,1328390157425206.jpg,1328390157425206.jpg,1328390157425206.jpg,1328390157425206.jpg,1328390157425206.jpg
1328390157625160,1328390157623780,1380,1328390157625160.bin,1328390157625160.jpg,1328390157625160.jpg,1328390157625160.jpg,1328390157625160.jpg,1328390157625160.jpg
1328390157825126,1328390157825468,342,1328390157825126.bin,1328390157825126.jpg,1328390157825126.jpg,1328390157825126.jpg,1328390157825126.jpg,1328390157825126.jpg
1328390158025094,1328390158023673,1421,1328390158025094.bin,1328390158025094.jpg,1328390158025094.jpg,1328390158025094.jpg,1328390158025094.jpg,1328390158025094.jpg
1328390158225059,1328390158223631,1428,1328390158225059.bin,1328390158225059.jpg,1328390158225059.jpg,1328390158225059.jpg,1328390158225059.jpg,1328390158225059.jpg
1328390158425029,1328390158424312,717,1328390158425029.bin,1328390158425029.jpg,1328390158425029.jpg,1328390158425029.jpg,1328390158425029.jpg,1328390158425029.jpg
1328390158625003,1328390158624307,696,1328390158625003.bin,1328390158625003.jpg,1328390158625003.jpg,1328390158625003.jpg,1328390158625003.jpg,1328390158625003.jpg
1328390158824961,1328390158825176,215,1328390158824961.bin,1328390158824961.jpg,1328390158824961.jpg,1328390158824961.jpg,1328390158824961.jpg,1328390158824961.jpg
1328390159024927,1328390159025514,587,1328390159024927.bin,1328390159024927.jpg,1328390159024927.jpg,1328390159024927.jpg,1328390159024927.jpg,1328390159024927.jpg
1328390159224895,1328390159223842,1053,1328390159224895.bin,1328390159224895.jpg,1328390159224895.jpg,1328390159224895.jpg,1328390159224895.jpg,1328390159224895.jpg
1328390159424894,1328390159423969,925,1328390159424894.bin,1328390159424894.jpg,1328390159424894.jpg,1328390159424894.jpg,1328390159424894.jpg,1328390159424894.jpg
1328390159624834,1328390159623844,990,1328390159624834.bin,1328390159624834.jpg,1328390159624834.jpg,1328390159624834.jpg,1328390159624834.jpg,1328390159624834.jpg
1328390159824798,1328390159824150,648,1328390159824798.bin,1328390159824798.jpg,1328390159824798.jpg,1328390159824798.jpg,1328390159824798.jpg,1328390159824798.jpg
1328390160024758,1328390160024228,530,1328390160024758.bin,1328390160024758.jpg,1328390160024758.jpg,1328390160024758.jpg,1328390160024758.jpg,1328390160024758.jpg
1328390160224737,1328390160222872,1865,1328390160224737.bin,1328390160224737.jpg,1328390160224737.jpg,1328390160224737.jpg,1328390160224737.jpg,1328390160224737.jpg
1328390160424714,1328390160423349,1365,1328390160424714.bin,1328390160424714.jpg,1328390160424714.jpg,1328390160424714.jpg,1328390160424714.jpg,1328390160424714.jpg
1328390160624679,1328390160623843,836,1328390160624679.bin,1328390160624679.jpg,1328390160624679.jpg,1328390160624679.jpg,1328390160624679.jpg,1328390160624679.jpg
1328390160824636,1328390160823864,772,1328390160824636.bin,1328390160824636.jpg,1328390160824636.jpg,1328390160824636.jpg,1328390160824636.jpg,1328390160824636.jpg
1328390161024606,1328390161025409,803,1328390161024606.bin,1328390161024606.jpg,1328390161024606.jpg,1328390161024606.jpg,1328390161024606.jpg,1328390161024606.jpg
1328390161224573,1328390161225401,828,1328390161224573.bin,1328390161224573.jpg,1328390161224573.jpg,1328390161224573.jpg,1328390161224573.jpg,1328390161224573.jpg
1328390161424539,1328390161424239,300,1328390161424539.bin,1328390161424539.jpg,1328390161424539.jpg,1328390161424539.jpg,1328390161424539.jpg,1328390161424539.jpg
1328390161624508,1328390161623597,911,1328390161624508.bin,1328390161624508.jpg,1328390161624508.jpg,1328390161624508.jpg,1328390161624508.jpg,1328390161624508.jpg
1328390161824470,1328390161824787,317,1328390161824470.bin,1328390161824470.jpg,1328390161824470.jpg,1328390161824470.jpg,1328390161824470.jpg,1328390161824470.jpg
1328390162024430,1328390162023925,505,1328390162024430.bin,1328390162024430.jpg,1328390162024430.jpg,1328390162024430.jpg,1328390162024430.jpg,1328390162024430.jpg
1328390162224420,1328390162223603,817,1328390162224420.bin,1328390162224420.jpg,1328390162224420.jpg,1328390162224420.jpg,1328390162224420.jpg,1328390162224420.jpg
1328390162424376,1328390162423769,607,1328390162424376.bin,1328390162424376.jpg,1328390162424376.jpg,1328390162424376.jpg,1328390162424376.jpg,1328390162424376.jpg
1328390162624401,1328390162623944,457,1328390162624401.bin,1328390162624401.jpg,1328390162624401.jpg,1328390162624401.jpg,1328390162624401.jpg,1328390162624401.jpg
1328390162824315,1328390162824239,76,1328390162824315.bin,1328390162824315.jpg,1328390162824315.jpg,1328390162824315.jpg,1328390162824315.jpg,1328390162824315.jpg
1328390163024271,1328390163023761,510,1328390163024271.bin,1328390163024271.jpg,1328390163024271.jpg,1328390163024271.jpg,1328390163024271.jpg,1328390163024271.jpg
1328390163224244,1328390163225411,1167,1328390163224244.bin,1328390163224244.jpg,1328390163224244.jpg,1328390163224244.jpg,1328390163224244.jpg,1328390163224244.jpg
1328390163424214,1328390163424331,117,1328390163424214.bin,1328390163424214.jpg,1328390163424214.jpg,1328390163424214.jpg,1328390163424214.jpg,1328390163424214.jpg
1328390163624169,1328390163624060,109,1328390163624169.bin,1328390163624169.jpg,1328390163624169.jpg,1328390163624169.jpg,1328390163624169.jpg,1328390163624169.jpg
1328390163824155,1328390163824263,108,1328390163824155.bin,1328390163824155.jpg,1328390163824155.jpg,1328390163824155.jpg,1328390163824155.jpg,1328390163824155.jpg
1328390164024119,1328390164023643,476,1328390164024119.bin,1328390164024119.jpg,1328390164024119.jpg,1328390164024119.jpg,1328390164024119.jpg,1328390164024119.jpg
1328390164224096,1328390164223837,259,1328390164224096.bin,1328390164224096.jpg,1328390164224096.jpg,1328390164224096.jpg,1328390164224096.jpg,1328390164224096.jpg
1328390164424051,1328390164425141,1090,1328390164424051.bin,1328390164424051.jpg,1328390164424051.jpg,1328390164424051.jpg,1328390164424051.jpg,1328390164424051.jpg
1328390164624051,1328390164624085,34,1328390164624051.bin,1328390164624051.jpg,1328390164624051.jpg,1328390164624051.jpg,1328390164624051.jpg,1328390164624051.jpg
1328390164823982,1328390164825404,1422,1328390164823982.bin,1328390164823982.jpg,1328390164823982.jpg,1328390164823982.jpg,1328390164823982.jpg,1328390164823982.jpg
1328390165023950,1328390165025430,1480,1328390165023950.bin,1328390165023950.jpg,1328390165023950.jpg,1328390165023950.jpg,1328390165023950.jpg,1328390165023950.jpg
1328390165223916,1328390165223936,20,1328390165223916.bin,1328390165223916.jpg,1328390165223916.jpg,1328390165223916.jpg,1328390165223916.jpg,1328390165223916.jpg
1328390165423890,1328390165423168,722,1328390165423890.bin,1328390165423890.jpg,1328390165423890.jpg,1328390165423890.jpg,1328390165423890.jpg,1328390165423890.jpg
1328390165623930,1328390165623553,377,1328390165623930.bin,1328390165623930.jpg,1328390165623930.jpg,1328390165623930.jpg,1328390165623930.jpg,1328390165623930.jpg
1328390165823955,1328390165823589,366,1328390165823955.bin,1328390165823955.jpg,1328390165823955.jpg,1328390165823955.jpg,1328390165823955.jpg,1328390165823955.jpg
1328390166023778,1328390166023681,97,1328390166023778.bin,1328390166023778.jpg,1328390166023778.jpg,1328390166023778.jpg,1328390166023778.jpg,1328390166023778.jpg
1328390166223751,1328390166223403,348,1328390166223751.bin,1328390166223751.jpg,1328390166223751.jpg,1328390166223751.jpg,1328390166223751.jpg,1328390166223751.jpg
1328390166423751,1328390166423569,182,1328390166423751.bin,1328390166423751.jpg,1328390166423751.jpg,1328390166423751.jpg,1328390166423751.jpg,1328390166423751.jpg
1328390166623689,1328390166623895,206,1328390166623689.bin,1328390166623689.jpg,1328390166623689.jpg,1328390166623689.jpg,1328390166623689.jpg,1328390166623689.jpg
1328390166823653,1328390166824804,1151,1328390166823653.bin,1328390166823653.jpg,1328390166823653.jpg,1328390166823653.jpg,1328390166823653.jpg,1328390166823653.jpg
1328390167023624,1328390167025397,1773,1328390167023624.bin,1328390167023624.jpg,1328390167023624.jpg,1328390167023624.jpg,1328390167023624.jpg,1328390167023624.jpg
1328390167223589,1328390167223597,8,1328390167223589.bin,1328390167223589.jpg,1328390167223589.jpg,1328390167223589.jpg,1328390167223589.jpg,1328390167223589.jpg
1328390167423555,1328390167423391,164,1328390167423555.bin,1328390167423555.jpg,1328390167423555.jpg,1328390167423555.jpg,1328390167423555.jpg,1328390167423555.jpg
1328390167624230,1328390167623855,375,1328390167624230.bin,1328390167624230.jpg,1328390167624230.jpg,1328390167624230.jpg,1328390167624230.jpg,1328390167624230.jpg
1328390167823490,1328390167823847,357,1328390167823490.bin,1328390167823490.jpg,1328390167823490.jpg,1328390167823490.jpg,1328390167823490.jpg,1328390167823490.jpg
1328390168023450,1328390168023765,315,1328390168023450.bin,1328390168023450.jpg,1328390168023450.jpg,1328390168023450.jpg,1328390168023450.jpg,1328390168023450.jpg
1328390168224067,1328390168224158,91,1328390168224067.bin,1328390168224067.jpg,1328390168224067.jpg,1328390168224067.jpg,1328390168224067.jpg,1328390168224067.jpg
1328390168423394,1328390168423843,449,1328390168423394.bin,1328390168423394.jpg,1328390168423394.jpg,1328390168423394.jpg,1328390168423394.jpg,1328390168423394.jpg
1328390168623357,1328390168624306,949,1328390168623357.bin,1328390168623357.jpg,1328390168623357.jpg,1328390168623357.jpg,1328390168623357.jpg,1328390168623357.jpg
1328390168823328,1328390168824094,766,1328390168823328.bin,1328390168823328.jpg,1328390168823328.jpg,1328390168823328.jpg,1328390168823328.jpg,1328390168823328.jpg
1328390169023289,1328390169024617,1328,1328390169023289.bin,1328390169023289.jpg,1328390169023289.jpg,1328390169023289.jpg,1328390169023289.jpg,1328390169023289.jpg
1328390169223306,1328390169224195,889,1328390169223306.bin,1328390169223306.jpg,1328390169223306.jpg,1328390169223306.jpg,1328390169223306.jpg,1328390169223306.jpg
1328390169423268,1328390169424142,874,1328390169423268.bin,1328390169423268.jpg,1328390169423268.jpg,1328390169423268.jpg,1328390169423268.jpg,1328390169423268.jpg
1328390169623194,1328390169624169,975,1328390169623194.bin,1328390169623194.jpg,1328390169623194.jpg,1328390169623194.jpg,1328390169623194.jpg,1328390169623194.jpg
1328390169823163,1328390169824328,1165,1328390169823163.bin,1328390169823163.jpg,1328390169823163.jpg,1328390169823163.jpg,1328390169823163.jpg,1328390169823163.jpg
1328390170023125,1328390170021920,1205,1328390170023125.bin,1328390170023125.jpg,1328390170023125.jpg,1328390170023125.jpg,1328390170023125.jpg,1328390170023125.jpg
1328390170223341,1328390170223157,184,1328390170223341.bin,1328390170223341.jpg,1328390170223341.jpg,1328390170223341.jpg,1328390170223341.jpg,1328390170223341.jpg
1328390170423078,1328390170423633,555,1328390170423078.bin,1328390170423078.jpg,1328390170423078.jpg,1328390170423078.jpg,1328390170423078.jpg,1328390170423078.jpg
1328390170623033,1328390170623771,738,1328390170623033.bin,1328390170623033.jpg,1328390170623033.jpg,1328390170623033.jpg,1328390170623033.jpg,1328390170623033.jpg
1328390170823004,1328390170824039,1035,1328390170823004.bin,1328390170823004.jpg,1328390170823004.jpg,1328390170823004.jpg,1328390170823004.jpg,1328390170823004.jpg
1328390171022957,1328390171023804,847,1328390171022957.bin,1328390171022957.jpg,1328390171022957.jpg,1328390171022957.jpg,1328390171022957.jpg,1328390171022957.jpg
1328390171222944,1328390171223584,640,1328390171222944.bin,1328390171222944.jpg,1328390171222944.jpg,1328390171222944.jpg,1328390171222944.jpg,1328390171222944.jpg
1328390171422905,1328390171422941,36,1328390171422905.bin,1328390171422905.jpg,1328390171422905.jpg,1328390171422905.jpg,1328390171422905.jpg,1328390171422905.jpg
1328390171622901,1328390171623744,843,1328390171622901.bin,1328390171622901.jpg,1328390171622901.jpg,1328390171622901.jpg,1328390171622901.jpg,1328390171622901.jpg
1328390171822834,1328390171823965,1131,1328390171822834.bin,1328390171822834.jpg,1328390171822834.jpg,1328390171822834.jpg,1328390171822834.jpg,1328390171822834.jpg
1328390172022794,1328390172022330,464,1328390172022794.bin,1328390172022794.jpg,1328390172022794.jpg,1328390172022794.jpg,1328390172022794.jpg,1328390172022794.jpg
1328390172222773,1328390172223518,745,1328390172222773.bin,1328390172222773.jpg,1328390172222773.jpg,1328390172222773.jpg,1328390172222773.jpg,1328390172222773.jpg
1328390172622707,1328390172623837,1130,1328390172622707.bin,1328390172622707.jpg,1328390172622707.jpg,1328390172622707.jpg,1328390172622707.jpg,1328390172622707.jpg
1328390172822674,1328390172823988,1314,1328390172822674.bin,1328390172822674.jpg,1328390172822674.jpg,1328390172822674.jpg,1328390172822674.jpg,1328390172822674.jpg
1328390173022640,1328390173025409,2769,1328390173022640.bin,1328390173022640.jpg,1328390173022640.jpg,1328390173022640.jpg,1328390173022640.jpg,1328390173022640.jpg
1328390173222609,1328390173220985,1624,1328390173222609.bin,1328390173222609.jpg,1328390173222609.jpg,1328390173222609.jpg,1328390173222609.jpg,1328390173222609.jpg
1328390173422611,1328390173422077,534,1328390173422611.bin,1328390173422611.jpg,1328390173422611.jpg,1328390173422611.jpg,1328390173422611.jpg,1328390173422611.jpg
1328390173622544,1328390173623261,717,1328390173622544.bin,1328390173622544.jpg,1328390173622544.jpg,1328390173622544.jpg,1328390173622544.jpg,1328390173622544.jpg
1328390173822509,1328390173823667,1158,1328390173822509.bin,1328390173822509.jpg,1328390173822509.jpg,1328390173822509.jpg,1328390173822509.jpg,1328390173822509.jpg
1328390174022467,1328390174024075,1608,1328390174022467.bin,1328390174022467.jpg,1328390174022467.jpg,1328390174022467.jpg,1328390174022467.jpg,1328390174022467.jpg
1328390174222442,1328390174224054,1612,1328390174222442.bin,1328390174222442.jpg,1328390174222442.jpg,1328390174222442.jpg,1328390174222442.jpg,1328390174222442.jpg
1328390174422441,1328390174423671,1230,1328390174422441.bin,1328390174422441.jpg,1328390174422441.jpg,1328390174422441.jpg,1328390174422441.jpg,1328390174422441.jpg
1328390174622377,1328390174624063,1686,1328390174622377.bin,1328390174622377.jpg,1328390174622377.jpg,1328390174622377.jpg,1328390174622377.jpg,1328390174622377.jpg
1328390174822353,1328390174824185,1832,1328390174822353.bin,1328390174822353.jpg,1328390174822353.jpg,1328390174822353.jpg,1328390174822353.jpg,1328390174822353.jpg
1328390175022314,1328390175025409,3095,1328390175022314.bin,1328390175022314.jpg,1328390175022314.jpg,1328390175022314.jpg,1328390175022314.jpg,1328390175022314.jpg
1328390175222278,1328390175224225,1947,1328390175222278.bin,1328390175222278.jpg,1328390175222278.jpg,1328390175222278.jpg,1328390175222278.jpg,1328390175222278.jpg
1328390175422247,1328390175424039,1792,1328390175422247.bin,1328390175422247.jpg,1328390175422247.jpg,1328390175422247.jpg,1328390175422247.jpg,1328390175422247.jpg
1328390175622215,1328390175623613,1398,1328390175622215.bin,1328390175622215.jpg,1328390175622215.jpg,1328390175622215.jpg,1328390175622215.jpg,1328390175622215.jpg
1328390175822180,1328390175820886,1294,1328390175822180.bin,1328390175822180.jpg,1328390175822180.jpg,1328390175822180.jpg,1328390175822180.jpg,1328390175822180.jpg
1328390176022138,1328390176024111,1973,1328390176022138.bin,1328390176022138.jpg,1328390176022138.jpg,1328390176022138.jpg,1328390176022138.jpg,1328390176022138.jpg
1328390176222115,1328390176224020,1905,1328390176222115.bin,1328390176222115.jpg,1328390176222115.jpg,1328390176222115.jpg,1328390176222115.jpg,1328390176222115.jpg
1328390176422085,1328390176423644,1559,1328390176422085.bin,1328390176422085.jpg,1328390176422085.jpg,1328390176422085.jpg,1328390176422085.jpg,1328390176422085.jpg
1328390176622051,1328390176623794,1743,1328390176622051.bin,1328390176622051.jpg,1328390176622051.jpg,1328390176622051.jpg,1328390176622051.jpg,1328390176622051.jpg
1328390176822015,1328390176823557,1542,1328390176822015.bin,1328390176822015.jpg,1328390176822015.jpg,1328390176822015.jpg,1328390176822015.jpg,1328390176822015.jpg
1328390177022003,1328390177020612,1391,1328390177022003.bin,1328390177022003.jpg,1328390177022003.jpg,1328390177022003.jpg,1328390177022003.jpg,1328390177022003.jpg
1328390177221980,1328390177223619,1639,1328390177221980.bin,1328390177221980.jpg,1328390177221980.jpg,1328390177221980.jpg,1328390177221980.jpg,1328390177221980.jpg
1328390177421921,1328390177423848,1927,1328390177421921.bin,1328390177421921.jpg,1328390177421921.jpg,1328390177421921.jpg,1328390177421921.jpg,1328390177421921.jpg
1328390177621894,1328390177624079,2185,1328390177621894.bin,1328390177621894.jpg,1328390177621894.jpg,1328390177621894.jpg,1328390177621894.jpg,1328390177621894.jpg
1328390177821854,1328390177824084,2230,1328390177821854.bin,1328390177821854.jpg,1328390177821854.jpg,1328390177821854.jpg,1328390177821854.jpg,1328390177821854.jpg
1328390178021822,1328390178019999,1823,1328390178021822.bin,1328390178021822.jpg,1328390178021822.jpg,1328390178021822.jpg,1328390178021822.jpg,1328390178021822.jpg
1328390178221789,1328390178223694,1905,1328390178221789.bin,1328390178221789.jpg,1328390178221789.jpg,1328390178221789.jpg,1328390178221789.jpg,1328390178221789.jpg
1328390178421759,1328390178429504,7745,1328390178421759.bin,1328390178421759.jpg,1328390178421759.jpg,1328390178421759.jpg,1328390178421759.jpg,1328390178421759.jpg
1328390178621727,1328390178625452,3725,1328390178621727.bin,1328390178621727.jpg,1328390178621727.jpg,1328390178621727.jpg,1328390178621727.jpg,1328390178621727.jpg
1328390178821689,1328390178823609,1920,1328390178821689.bin,1328390178821689.jpg,1328390178821689.jpg,1328390178821689.jpg,1328390178821689.jpg,1328390178821689.jpg
1328390179021685,1328390179023745,2060,1328390179021685.bin,1328390179021685.jpg,1328390179021685.jpg,1328390179021685.jpg,1328390179021685.jpg,1328390179021685.jpg
1328390179221625,1328390179224527,2902,1328390179221625.bin,1328390179221625.jpg,1328390179221625.jpg,1328390179221625.jpg,1328390179221625.jpg,1328390179221625.jpg
1328390179421595,1328390179419288,2307,1328390179421595.bin,1328390179421595.jpg,1328390179421595.jpg,1328390179421595.jpg,1328390179421595.jpg,1328390179421595.jpg
1328390179621560,1328390179621023,537,1328390179621560.bin,1328390179621560.jpg,1328390179621560.jpg,1328390179621560.jpg,1328390179621560.jpg,1328390179621560.jpg
1328390179821527,1328390179823567,2040,1328390179821527.bin,1328390179821527.jpg,1328390179821527.jpg,1328390179821527.jpg,1328390179821527.jpg,1328390179821527.jpg
1328390180021494,1328390180025050,3556,1328390180021494.bin,1328390180021494.jpg,1328390180021494.jpg,1328390180021494.jpg,1328390180021494.jpg,1328390180021494.jpg
1328390180221462,1328390180223900,2438,1328390180221462.bin,1328390180221462.jpg,1328390180221462.jpg,1328390180221462.jpg,1328390180221462.jpg,1328390180221462.jpg
1328390180421454,1328390180424086,2632,1328390180421454.bin,1328390180421454.jpg,1328390180421454.jpg,1328390180421454.jpg,1328390180421454.jpg,1328390180421454.jpg
1328390180621395,1328390180623659,2264,1328390180621395.bin,1328390180621395.jpg,1328390180621395.jpg,1328390180621395.jpg,1328390180621395.jpg,1328390180621395.jpg
1328390180821353,1328390180823723,2370,1328390180821353.bin,1328390180821353.jpg,1328390180821353.jpg,1328390180821353.jpg,1328390180821353.jpg,1328390180821353.jpg
1328390181021322,1328390181023877,2555,1328390181021322.bin,1328390181021322.jpg,1328390181021322.jpg,1328390181021322.jpg,1328390181021322.jpg,1328390181021322.jpg
1328390181221297,1328390181223997,2700,1328390181221297.bin,1328390181221297.jpg,1328390181221297.jpg,1328390181221297.jpg,1328390181221297.jpg,1328390181221297.jpg
1328390181421268,1328390181423674,2406,1328390181421268.bin,1328390181421268.jpg,1328390181421268.jpg,1328390181421268.jpg,1328390181421268.jpg,1328390181421268.jpg
1328390181621233,1328390181619312,1921,1328390181621233.bin,1328390181621233.jpg,1328390181621233.jpg,1328390181621233.jpg,1328390181621233.jpg,1328390181621233.jpg
1328390181821200,1328390181820422,778,1328390181821200.bin,1328390181821200.jpg,1328390181821200.jpg,1328390181821200.jpg,1328390181821200.jpg,1328390181821200.jpg
1328390182021170,1328390182021573,403,1328390182021170.bin,1328390182021170.jpg,1328390182021170.jpg,1328390182021170.jpg,1328390182021170.jpg,1328390182021170.jpg
1328390182221210,1328390182225444,4234,1328390182221210.bin,1328390182221210.jpg,1328390182221210.jpg,1328390182221210.jpg,1328390182221210.jpg,1328390182221210.jpg
1328390182421121,1328390182423536,2415,1328390182421121.bin,1328390182421121.jpg,1328390182421121.jpg,1328390182421121.jpg,1328390182421121.jpg,1328390182421121.jpg
1328390182621093,1328390182619252,1841,1328390182621093.bin,1328390182621093.jpg,1328390182621093.jpg,1328390182621093.jpg,1328390182621093.jpg,1328390182621093.jpg
1328390182821039,1328390182820457,582,1328390182821039.bin,1328390182821039.jpg,1328390182821039.jpg,1328390182821039.jpg,1328390182821039.jpg,1328390182821039.jpg
1328390183021006,1328390183021599,593,1328390183021006.bin,1328390183021006.jpg,1328390183021006.jpg,1328390183021006.jpg,1328390183021006.jpg,1328390183021006.jpg
1328390183220970,1328390183222863,1893,1328390183220970.bin,1328390183220970.jpg,1328390183220970.jpg,1328390183220970.jpg,1328390183220970.jpg,1328390183220970.jpg
1328390183420941,1328390183423804,2863,1328390183420941.bin,1328390183420941.jpg,1328390183420941.jpg,1328390183420941.jpg,1328390183420941.jpg,1328390183420941.jpg
1328390183620905,1328390183623952,3047,1328390183620905.bin,1328390183620905.jpg,1328390183620905.jpg,1328390183620905.jpg,1328390183620905.jpg,1328390183620905.jpg
1328390183820875,1328390183823532,2657,1328390183820875.bin,1328390183820875.jpg,1328390183820875.jpg,1328390183820875.jpg,1328390183820875.jpg,1328390183820875.jpg
1328390184020842,1328390184023744,2902,1328390184020842.bin,1328390184020842.jpg,1328390184020842.jpg,1328390184020842.jpg,1328390184020842.jpg,1328390184020842.jpg
1328390184220807,1328390184223757,2950,1328390184220807.bin,1328390184220807.jpg,1328390184220807.jpg,1328390184220807.jpg,1328390184220807.jpg,1328390184220807.jpg
1328390184420781,1328390184423841,3060,1328390184420781.bin,1328390184420781.jpg,1328390184420781.jpg,1328390184420781.jpg,1328390184420781.jpg,1328390184420781.jpg
1328390184620741,1328390184624100,3359,1328390184620741.bin,1328390184620741.jpg,1328390184620741.jpg,1328390184620741.jpg,1328390184620741.jpg,1328390184620741.jpg
1328390184820710,1328390184823788,3078,1328390184820710.bin,1328390184820710.jpg,1328390184820710.jpg,1328390184820710.jpg,1328390184820710.jpg,1328390184820710.jpg
1328390185020668,1328390185023783,3115,1328390185020668.bin,1328390185020668.jpg,1328390185020668.jpg,1328390185020668.jpg,1328390185020668.jpg,1328390185020668.jpg
1328390185220642,1328390185217642,3000,1328390185220642.bin,1328390185220642.jpg,1328390185220642.jpg,1328390185220642.jpg,1328390185220642.jpg,1328390185220642.jpg
1328390185420611,1328390185418761,1850,1328390185420611.bin,1328390185420611.jpg,1328390185420611.jpg,1328390185420611.jpg,1328390185420611.jpg,1328390185420611.jpg
1328390185620576,1328390185623600,3024,1328390185620576.bin,1328390185620576.jpg,1328390185620576.jpg,1328390185620576.jpg,1328390185620576.jpg,1328390185620576.jpg
1328390185820544,1328390185817577,2967,1328390185820544.bin,1328390185820544.jpg,1328390185820544.jpg,1328390185820544.jpg,1328390185820544.jpg,1328390185820544.jpg
1328390186020503,1328390186018790,1713,1328390186020503.bin,1328390186020503.jpg,1328390186020503.jpg,1328390186020503.jpg,1328390186020503.jpg,1328390186020503.jpg
1328390186220480,1328390186224025,3545,1328390186220480.bin,1328390186220480.jpg,1328390186220480.jpg,1328390186220480.jpg,1328390186220480.jpg,1328390186220480.jpg
1328390186420449,1328390186418639,1810,1328390186420449.bin,1328390186420449.jpg,1328390186420449.jpg,1328390186420449.jpg,1328390186420449.jpg,1328390186420449.jpg
1328390186620416,1328390186619804,612,1328390186620416.bin,1328390186620416.jpg,1328390186620416.jpg,1328390186620416.jpg,1328390186620416.jpg,1328390186620416.jpg
1328390186820403,1328390186821011,608,1328390186820403.bin,1328390186820403.jpg,1328390186820403.jpg,1328390186820403.jpg,1328390186820403.jpg,1328390186820403.jpg
1328390187020353,1328390187015968,4385,1328390187020353.bin,1328390187020353.jpg,1328390187020353.jpg,1328390187020353.jpg,1328390187020353.jpg,1328390187020353.jpg
1328390187220317,1328390187217988,2329,1328390187220317.bin,1328390187220317.jpg,1328390187220317.jpg,1328390187220317.jpg,1328390187220317.jpg,1328390187220317.jpg
1328390187420294,1328390187419076,1218,1328390187420294.bin,1328390187420294.jpg,1328390187420294.jpg,1328390187420294.jpg,1328390187420294.jpg,1328390187420294.jpg
1328390187620251,1328390187620612,361,1328390187620251.bin,1328390187620251.jpg,1328390187620251.jpg,1328390187620251.jpg,1328390187620251.jpg,1328390187620251.jpg
1328390187820220,1328390187821822,1602,1328390187820220.bin,1328390187820220.jpg,1328390187820220.jpg,1328390187820220.jpg,1328390187820220.jpg,1328390187820220.jpg
1328390188020179,1328390188018452,1727,1328390188020179.bin,1328390188020179.jpg,1328390188020179.jpg,1328390188020179.jpg,1328390188020179.jpg,1328390188020179.jpg
1328390188220154,1328390188218924,1230,1328390188220154.bin,1328390188220154.jpg,1328390188220154.jpg,1328390188220154.jpg,1328390188220154.jpg,1328390188220154.jpg
1328390188420120,1328390188419419,701,1328390188420120.bin,1328390188420120.jpg,1328390188420120.jpg,1328390188420120.jpg,1328390188420120.jpg,1328390188420120.jpg
1328390188620088,1328390188619899,189,1328390188620088.bin,1328390188620088.jpg,1328390188620088.jpg,1328390188620088.jpg,1328390188620088.jpg,1328390188620088.jpg
1328390188820058,1328390188820383,325,1328390188820058.bin,1328390188820058.jpg,1328390188820058.jpg,1328390188820058.jpg,1328390188820058.jpg,1328390188820058.jpg
1328390189020013,1328390189020856,843,1328390189020013.bin,1328390189020013.jpg,1328390189020013.jpg,1328390189020013.jpg,1328390189020013.jpg,1328390189020013.jpg
1328390189219988,1328390189221294,1306,1328390189219988.bin,1328390189219988.jpg,1328390189219988.jpg,1328390189219988.jpg,1328390189219988.jpg,1328390189219988.jpg
1328390189419956,1328390189421783,1827,1328390189419956.bin,1328390189419956.jpg,1328390189419956.jpg,1328390189419956.jpg,1328390189419956.jpg,1328390189419956.jpg
1328390189619923,1328390189622245,2322,1328390189619923.bin,1328390189619923.jpg,1328390189619923.jpg,1328390189619923.jpg,1328390189619923.jpg,1328390189619923.jpg
1328390189819881,1328390189822799,2918,1328390189819881.bin,1328390189819881.jpg,1328390189819881.jpg,1328390189819881.jpg,1328390189819881.jpg,1328390189819881.jpg
1328390190019849,1328390190017504,2345,1328390190019849.bin,1328390190019849.jpg,1328390190019849.jpg,1328390190019849.jpg,1328390190019849.jpg,1328390190019849.jpg
1328390190219926,1328390190218679,1247,1328390190219926.bin,1328390190219926.jpg,1328390190219926.jpg,1328390190219926.jpg,1328390190219926.jpg,1328390190219926.jpg
1328390190419814,1328390190419777,37,1328390190419814.bin,1328390190419814.jpg,1328390190419814.jpg,1328390190419814.jpg,1328390190419814.jpg,1328390190419814.jpg
1328390190619762,1328390190620902,1140,1328390190619762.bin,1328390190619762.jpg,1328390190619762.jpg,1328390190619762.jpg,1328390190619762.jpg,1328390190619762.jpg
1328390190819749,1328390190822126,2377,1328390190819749.bin,1328390190819749.jpg,1328390190819749.jpg,1328390190819749.jpg,1328390190819749.jpg,1328390190819749.jpg
1328390191019688,1328390191023284,3596,1328390191019688.bin,1328390191019688.jpg,1328390191019688.jpg,1328390191019688.jpg,1328390191019688.jpg,1328390191019688.jpg
1328390191219661,1328390191216462,3199,1328390191219661.bin,1328390191219661.jpg,1328390191219661.jpg,1328390191219661.jpg,1328390191219661.jpg,1328390191219661.jpg
1328390191419629,1328390191417582,2047,1328390191419629.bin,1328390191419629.jpg,1328390191419629.jpg,1328390191419629.jpg,1328390191419629.jpg,1328390191419629.jpg
1328390191619595,1328390191623750,4155,1328390191619595.bin,1328390191619595.jpg,1328390191619595.jpg,1328390191619595.jpg,1328390191619595.jpg,1328390191619595.jpg
1328390191819563,1328390191824263,4700,1328390191819563.bin,1328390191819563.jpg,1328390191819563.jpg,1328390191819563.jpg,1328390191819563.jpg,1328390191819563.jpg
1328390192019521,1328390192023560,4039,1328390192019521.bin,1328390192019521.jpg,1328390192019521.jpg,1328390192019521.jpg,1328390192019521.jpg,1328390192019521.jpg
1328390192219503,1328390192216871,2632,1328390192219503.bin,1328390192219503.jpg,1328390192219503.jpg,1328390192219503.jpg,1328390192219503.jpg,1328390192219503.jpg
1328390192419492,1328390192418029,1463,1328390192419492.bin,1328390192419492.jpg,1328390192419492.jpg,1328390192419492.jpg,1328390192419492.jpg,1328390192419492.jpg
1328390192619422,1328390192619234,188,1328390192619422.bin,1328390192619422.jpg,1328390192619422.jpg,1328390192619422.jpg,1328390192619422.jpg,1328390192619422.jpg
1328390192819398,1328390192813805,5593,1328390192819398.bin,1328390192819398.jpg,1328390192819398.jpg,1328390192819398.jpg,1328390192819398.jpg,1328390192819398.jpg
1328390193019363,1328390193018216,1147,1328390193019363.bin,1328390193019363.jpg,1328390193019363.jpg,1328390193019363.jpg,1328390193019363.jpg,1328390193019363.jpg
1328390193219350,1328390193221222,1872,1328390193219350.bin,1328390193219350.jpg,1328390193219350.jpg,1328390193219350.jpg,1328390193219350.jpg,1328390193219350.jpg
1328390193419303,1328390193422411,3108,1328390193419303.bin,1328390193419303.jpg,1328390193419303.jpg,1328390193419303.jpg,1328390193419303.jpg,1328390193419303.jpg
1328390193619271,1328390193616066,3205,1328390193619271.bin,1328390193619271.jpg,1328390193619271.jpg,1328390193619271.jpg,1328390193619271.jpg,1328390193619271.jpg
1328390193819234,1328390193817177,2057,1328390193819234.bin,1328390193819234.jpg,1328390193819234.jpg,1328390193819234.jpg,1328390193819234.jpg,1328390193819234.jpg
1328390194019207,1328390194018273,934,1328390194019207.bin,1328390194019207.jpg,1328390194019207.jpg,1328390194019207.jpg,1328390194019207.jpg,1328390194019207.jpg
1328390194219173,1328390194213677,5496,1328390194219173.bin,1328390194219173.jpg,1328390194219173.jpg,1328390194219173.jpg,1328390194219173.jpg,1328390194219173.jpg
1328390194419142,1328390194424060,4918,1328390194419142.bin,1328390194419142.jpg,1328390194419142.jpg,1328390194419142.jpg,1328390194419142.jpg,1328390194419142.jpg
1328390194619106,1328390194623667,4561,1328390194619106.bin,1328390194619106.jpg,1328390194619106.jpg,1328390194619106.jpg,1328390194619106.jpg,1328390194619106.jpg
1328390194819071,1328390194816622,2449,1328390194819071.bin,1328390194819071.jpg,1328390194819071.jpg,1328390194819071.jpg,1328390194819071.jpg,1328390194819071.jpg
1328390195019040,1328390195017811,1229,1328390195019040.bin,1328390195019040.jpg,1328390195019040.jpg,1328390195019040.jpg,1328390195019040.jpg,1328390195019040.jpg
1328390195219009,1328390195216206,2803,1328390195219009.bin,1328390195219009.jpg,1328390195219009.jpg,1328390195219009.jpg,1328390195219009.jpg,1328390195219009.jpg
1328390195418978,1328390195417342,1636,1328390195418978.bin,1328390195418978.jpg,1328390195418978.jpg,1328390195418978.jpg,1328390195418978.jpg,1328390195418978.jpg
1328390195618943,1328390195618481,462,1328390195618943.bin,1328390195618943.jpg,1328390195618943.jpg,1328390195618943.jpg,1328390195618943.jpg,1328390195618943.jpg
1328390195818909,1328390195814024,4885,1328390195818909.bin,1328390195818909.jpg,1328390195818909.jpg,1328390195818909.jpg,1328390195818909.jpg,1328390195818909.jpg
1328390196018870,1328390196023750,4880,1328390196018870.bin,1328390196018870.jpg,1328390196018870.jpg,1328390196018870.jpg,1328390196018870.jpg,1328390196018870.jpg
1328390196218846,1328390196214056,4790,1328390196218846.bin,1328390196218846.jpg,1328390196218846.jpg,1328390196218846.jpg,1328390196218846.jpg,1328390196218846.jpg
1328390196418812,1328390196423914,5102,1328390196418812.bin,1328390196418812.jpg,1328390196418812.jpg,1328390196418812.jpg,1328390196418812.jpg,1328390196418812.jpg
1328390196618781,1328390196623532,4751,1328390196618781.bin,1328390196618781.jpg,1328390196618781.jpg,1328390196618781.jpg,1328390196618781.jpg,1328390196618781.jpg
1328390196818745,1328390196813935,4810,1328390196818745.bin,1328390196818745.jpg,1328390196818745.jpg,1328390196818745.jpg,1328390196818745.jpg,1328390196818745.jpg
1328390197018724,1328390197024261,5537,1328390197018724.bin,1328390197018724.jpg,1328390197018724.jpg,1328390197018724.jpg,1328390197018724.jpg,1328390197018724.jpg
1328390197218680,1328390197217031,1649,1328390197218680.bin,1328390197218680.jpg,1328390197218680.jpg,1328390197218680.jpg,1328390197218680.jpg,1328390197218680.jpg
1328390197418645,1328390197423579,4934,1328390197418645.bin,1328390197418645.jpg,1328390197418645.jpg,1328390197418645.jpg,1328390197418645.jpg,1328390197418645.jpg
1328390197618615,1328390197616696,1919,1328390197618615.bin,1328390197618615.jpg,1328390197618615.jpg,1328390197618615.jpg,1328390197618615.jpg,1328390197618615.jpg
1328390197818581,1328390197817870,711,1328390197818581.bin,1328390197818581.jpg,1328390197818581.jpg,1328390197818581.jpg,1328390197818581.jpg,1328390197818581.jpg
1328390198018549,1328390198019122,573,1328390198018549.bin,1328390198018549.jpg,1328390198018549.jpg,1328390198018549.jpg,1328390198018549.jpg,1328390198018549.jpg
1328390198218521,1328390198213933,4588,1328390198218521.bin,1328390198218521.jpg,1328390198218521.jpg,1328390198218521.jpg,1328390198218521.jpg,1328390198218521.jpg
1328390198418483,1328390198414083,4400,1328390198418483.bin,1328390198418483.jpg,1328390198418483.jpg,1328390198418483.jpg,1328390198418483.jpg,1328390198418483.jpg
1328390198618819,1328390198613540,5279,1328390198618819.bin,1328390198618819.jpg,1328390198618819.jpg,1328390198618819.jpg,1328390198618819.jpg,1328390198618819.jpg
1328390198818433,1328390198815564,2869,1328390198818433.bin,1328390198818433.jpg,1328390198818433.jpg,1328390198818433.jpg,1328390198818433.jpg,1328390198818433.jpg
1328390199018389,1328390199016743,1646,1328390199018389.bin,1328390199018389.jpg,1328390199018389.jpg,1328390199018389.jpg,1328390199018389.jpg,1328390199018389.jpg
1328390199218355,1328390199214974,3381,1328390199218355.bin,1328390199218355.jpg,1328390199218355.jpg,1328390199218355.jpg,1328390199218355.jpg,1328390199218355.jpg
1328390199418322,1328390199416088,2234,1328390199418322.bin,1328390199418322.jpg,1328390199418322.jpg,1328390199418322.jpg,1328390199418322.jpg,1328390199418322.jpg
1328390199618301,1328390199619481,1180,1328390199618301.bin,1328390199618301.jpg,1328390199618301.jpg,1328390199618301.jpg,1328390199618301.jpg,1328390199618301.jpg
1328390199818269,1328390199813784,4485,1328390199818269.bin,1328390199818269.jpg,1328390199818269.jpg,1328390199818269.jpg,1328390199818269.jpg,1328390199818269.jpg
1328390200018228,1328390200017577,651,1328390200018228.bin,1328390200018228.jpg,1328390200018228.jpg,1328390200018228.jpg,1328390200018228.jpg,1328390200018228.jpg
1328390200218190,1328390200218722,532,1328390200218190.bin,1328390200218190.jpg,1328390200218190.jpg,1328390200218190.jpg,1328390200218190.jpg,1328390200218190.jpg
1328390200418156,1328390200420080,1924,1328390200418156.bin,1328390200418156.jpg,1328390200418156.jpg,1328390200418156.jpg,1328390200418156.jpg,1328390200418156.jpg
1328390200618114,1328390200621278,3164,1328390200618114.bin,1328390200618114.jpg,1328390200618114.jpg,1328390200618114.jpg,1328390200618114.jpg,1328390200618114.jpg
1328390200818158,1328390200815702,2456,1328390200818158.bin,1328390200818158.jpg,1328390200818158.jpg,1328390200818158.jpg,1328390200818158.jpg,1328390200818158.jpg
1328390201018058,1328390201016982,1076,1328390201018058.bin,1328390201018058.jpg,1328390201018058.jpg,1328390201018058.jpg,1328390201018058.jpg,1328390201018058.jpg
1328390201218024,1328390201218155,131,1328390201218024.bin,1328390201218024.jpg,1328390201218024.jpg,1328390201218024.jpg,1328390201218024.jpg,1328390201218024.jpg
1328390201417984,1328390201419296,1312,1328390201417984.bin,1328390201417984.jpg,1328390201417984.jpg,1328390201417984.jpg,1328390201417984.jpg,1328390201417984.jpg
1328390201617953,1328390201620511,2558,1328390201617953.bin,1328390201617953.jpg,1328390201617953.jpg,1328390201617953.jpg,1328390201617953.jpg,1328390201617953.jpg
1328390201817932,1328390201813940,3992,1328390201817932.bin,1328390201817932.jpg,1328390201817932.jpg,1328390201817932.jpg,1328390201817932.jpg,1328390201817932.jpg
1328390202017896,1328390202013693,4203,1328390202017896.bin,1328390202017896.jpg,1328390202017896.jpg,1328390202017896.jpg,1328390202017896.jpg,1328390202017896.jpg
1328390202217862,1328390202213694,4168,1328390202217862.bin,1328390202217862.jpg,1328390202217862.jpg,1328390202217862.jpg,1328390202217862.jpg,1328390202217862.jpg
1328390202417828,1328390202413608,4220,1328390202417828.bin,1328390202417828.jpg,1328390202417828.jpg,1328390202417828.jpg,1328390202417828.jpg,1328390202417828.jpg
1328390202617800,1328390202614752,3048,1328390202617800.bin,1328390202617800.jpg,1328390202617800.jpg,1328390202617800.jpg,1328390202617800.jpg,1328390202617800.jpg
1328390202817777,1328390202816291,1486,1328390202817777.bin,1328390202817777.jpg,1328390202817777.jpg,1328390202817777.jpg,1328390202817777.jpg,1328390202817777.jpg
1328390203017722,1328390203017532,190,1328390203017722.bin,1328390203017722.jpg,1328390203017722.jpg,1328390203017722.jpg,1328390203017722.jpg,1328390203017722.jpg
1328390203217698,1328390203218863,1165,1328390203217698.bin,1328390203217698.jpg,1328390203217698.jpg,1328390203217698.jpg,1328390203217698.jpg,1328390203217698.jpg
1328390203417664,1328390203420044,2380,1328390203417664.bin,1328390203417664.jpg,1328390203417664.jpg,1328390203417664.jpg,1328390203417664.jpg,1328390203417664.jpg
1328390203617629,1328390203621236,3607,1328390203617629.bin,1328390203617629.jpg,1328390203617629.jpg,1328390203617629.jpg,1328390203617629.jpg,1328390203617629.jpg
1328390203817601,1328390203813549,4052,1328390203817601.bin,1328390203817601.jpg,1328390203817601.jpg,1328390203817601.jpg,1328390203817601.jpg,1328390203817601.jpg
1328390204017569,1328390204013824,3745,1328390204017569.bin,1328390204017569.jpg,1328390204017569.jpg,1328390204017569.jpg,1328390204017569.jpg,1328390204017569.jpg
1328390204217534,1328390204213903,3631,1328390204217534.bin,1328390204217534.jpg,1328390204217534.jpg,1328390204217534.jpg,1328390204217534.jpg,1328390204217534.jpg
1328390204417504,1328390204413826,3678,1328390204417504.bin,1328390204417504.jpg,1328390204417504.jpg,1328390204417504.jpg,1328390204417504.jpg,1328390204417504.jpg
1328390204617472,1328390204613705,3767,1328390204617472.bin,1328390204617472.jpg,1328390204617472.jpg,1328390204617472.jpg,1328390204617472.jpg,1328390204617472.jpg
1328390204817435,1328390204813841,3594,1328390204817435.bin,1328390204817435.jpg,1328390204817435.jpg,1328390204817435.jpg,1328390204817435.jpg,1328390204817435.jpg
1328390205017399,1328390205013568,3831,1328390205017399.bin,1328390205017399.jpg,1328390205017399.jpg,1328390205017399.jpg,1328390205017399.jpg,1328390205017399.jpg
1328390205217371,1328390205215253,2118,1328390205217371.bin,1328390205217371.jpg,1328390205217371.jpg,1328390205217371.jpg,1328390205217371.jpg,1328390205217371.jpg
1328390205417342,1328390205416564,778,1328390205417342.bin,1328390205417342.jpg,1328390205417342.jpg,1328390205417342.jpg,1328390205417342.jpg,1328390205417342.jpg
1328390205617305,1328390205617777,472,1328390205617305.bin,1328390205617305.jpg,1328390205617305.jpg,1328390205617305.jpg,1328390205617305.jpg,1328390205617305.jpg
1328390205817275,1328390205819202,1927,1328390205817275.bin,1328390205817275.jpg,1328390205817275.jpg,1328390205817275.jpg,1328390205817275.jpg,1328390205817275.jpg
1328390206017241,1328390206020327,3086,1328390206017241.bin,1328390206017241.jpg,1328390206017241.jpg,1328390206017241.jpg,1328390206017241.jpg,1328390206017241.jpg
1328390206217206,1328390206213649,3557,1328390206217206.bin,1328390206217206.jpg,1328390206217206.jpg,1328390206217206.jpg,1328390206217206.jpg,1328390206217206.jpg
1328390206417176,1328390206417964,788,1328390206417176.bin,1328390206417176.jpg,1328390206417176.jpg,1328390206417176.jpg,1328390206417176.jpg,1328390206417176.jpg
1328390206617140,1328390206619133,1993,1328390206617140.bin,1328390206617140.jpg,1328390206617140.jpg,1328390206617140.jpg,1328390206617140.jpg,1328390206617140.jpg
1328390206817098,1328390206813944,3154,1328390206817098.bin,1328390206817098.jpg,1328390206817098.jpg,1328390206817098.jpg,1328390206817098.jpg,1328390206817098.jpg
1328390207017074,1328390207013690,3384,1328390207017074.bin,1328390207017074.jpg,1328390207017074.jpg,1328390207017074.jpg,1328390207017074.jpg,1328390207017074.jpg
1328390207217043,1328390207213718,3325,1328390207217043.bin,1328390207217043.jpg,1328390207217043.jpg,1328390207217043.jpg,1328390207217043.jpg,1328390207217043.jpg
1328390207417011,1328390207414531,2480,1328390207417011.bin,1328390207417011.jpg,1328390207417011.jpg,1328390207417011.jpg,1328390207417011.jpg,1328390207417011.jpg
1328390207616982,1328390207614006,2976,1328390207616982.bin,1328390207616982.jpg,1328390207616982.jpg,1328390207616982.jpg,1328390207616982.jpg,1328390207616982.jpg
1328390207816944,1328390207813887,3057,1328390207816944.bin,1328390207816944.jpg,1328390207816944.jpg,1328390207816944.jpg,1328390207816944.jpg,1328390207816944.jpg
1328390208016916,1328390208013752,3164,1328390208016916.bin,1328390208016916.jpg,1328390208016916.jpg,1328390208016916.jpg,1328390208016916.jpg,1328390208016916.jpg
1328390208216881,1328390208213540,3341,1328390208216881.bin,1328390208216881.jpg,1328390208216881.jpg,1328390208216881.jpg,1328390208216881.jpg,1328390208216881.jpg
1328390208416847,1328390208415006,1841,1328390208416847.bin,1328390208416847.jpg,1328390208416847.jpg,1328390208416847.jpg,1328390208416847.jpg,1328390208416847.jpg
1328390208616814,1328390208614175,2639,1328390208616814.bin,1328390208616814.jpg,1328390208616814.jpg,1328390208616814.jpg,1328390208616814.jpg,1328390208616814.jpg
1328390208816782,1328390208813796,2986,1328390208816782.bin,1328390208816782.jpg,1328390208816782.jpg,1328390208816782.jpg,1328390208816782.jpg,1328390208816782.jpg
1328390209016771,1328390209013910,2861,1328390209016771.bin,1328390209016771.jpg,1328390209016771.jpg,1328390209016771.jpg,1328390209016771.jpg,1328390209016771.jpg
1328390209216720,1328390209216050,670,1328390209216720.bin,1328390209216720.jpg,1328390209216720.jpg,1328390209216720.jpg,1328390209216720.jpg,1328390209216720.jpg
1328390209416684,1328390209414076,2608,1328390209416684.bin,1328390209416684.jpg,1328390209416684.jpg,1328390209416684.jpg,1328390209416684.jpg,1328390209416684.jpg
1328390209616655,1328390209614351,2304,1328390209616655.bin,1328390209616655.jpg,1328390209616655.jpg,1328390209616655.jpg,1328390209616655.jpg,1328390209616655.jpg
1328390209816612,1328390209813899,2713,1328390209816612.bin,1328390209816612.jpg,1328390209816612.jpg,1328390209816612.jpg,1328390209816612.jpg,1328390209816612.jpg
1328390210016578,1328390210016324,254,1328390210016578.bin,1328390210016578.jpg,1328390210016578.jpg,1328390210016578.jpg,1328390210016578.jpg,1328390210016578.jpg
1328390210216553,1328390210218165,1612,1328390210216553.bin,1328390210216553.jpg,1328390210216553.jpg,1328390210216553.jpg,1328390210216553.jpg,1328390210216553.jpg
1328390210416525,1328390210419307,2782,1328390210416525.bin,1328390210416525.jpg,1328390210416525.jpg,1328390210416525.jpg,1328390210416525.jpg,1328390210416525.jpg
1328390210616512,1328390210613705,2807,1328390210616512.bin,1328390210616512.jpg,1328390210616512.jpg,1328390210616512.jpg,1328390210616512.jpg,1328390210616512.jpg
1328390210816484,1328390210813950,2534,1328390210816484.bin,1328390210816484.jpg,1328390210816484.jpg,1328390210816484.jpg,1328390210816484.jpg,1328390210816484.jpg
1328390211016414,1328390211014025,2389,1328390211016414.bin,1328390211016414.jpg,1328390211016414.jpg,1328390211016414.jpg,1328390211016414.jpg,1328390211016414.jpg
1328390211216411,1328390211213596,2815,1328390211216411.bin,1328390211216411.jpg,1328390211216411.jpg,1328390211216411.jpg,1328390211216411.jpg,1328390211216411.jpg
1328390211416363,1328390211413884,2479,1328390211416363.bin,1328390211416363.jpg,1328390211416363.jpg,1328390211416363.jpg,1328390211416363.jpg,1328390211416363.jpg
1328390211616337,1328390211614767,1570,1328390211616337.bin,1328390211616337.jpg,1328390211616337.jpg,1328390211616337.jpg,1328390211616337.jpg,1328390211616337.jpg
1328390211816291,1328390211817370,1079,1328390211816291.bin,1328390211816291.jpg,1328390211816291.jpg,1328390211816291.jpg,1328390211816291.jpg,1328390211816291.jpg
1328390212016260,1328390212018620,2360,1328390212016260.bin,1328390212016260.jpg,1328390212016260.jpg,1328390212016260.jpg,1328390212016260.jpg,1328390212016260.jpg
1328390212216226,1328390212214198,2028,1328390212216226.bin,1328390212216226.jpg,1328390212216226.jpg,1328390212216226.jpg,1328390212216226.jpg,1328390212216226.jpg
1328390212416195,1328390212413557,2638,1328390212416195.bin,1328390212416195.jpg,1328390212416195.jpg,1328390212416195.jpg,1328390212416195.jpg,1328390212416195.jpg
1328390212616162,1328390212614037,2125,1328390212616162.bin,1328390212616162.jpg,1328390212616162.jpg,1328390212616162.jpg,1328390212616162.jpg,1328390212616162.jpg
1328390212816180,1328390212814183,1997,1328390212816180.bin,1328390212816180.jpg,1328390212816180.jpg,1328390212816180.jpg,1328390212816180.jpg,1328390212816180.jpg
1328390213016096,1328390213015429,667,1328390213016096.bin,1328390213016096.jpg,1328390213016096.jpg,1328390213016096.jpg,1328390213016096.jpg,1328390213016096.jpg
1328390213216062,1328390213215141,921,1328390213216062.bin,1328390213216062.jpg,1328390213216062.jpg,1328390213216062.jpg,1328390213216062.jpg,1328390213216062.jpg
1328390213416027,1328390213416433,406,1328390213416027.bin,1328390213416027.jpg,1328390213416027.jpg,1328390213416027.jpg,1328390213416027.jpg,1328390213416027.jpg
1328390213616008,1328390213617575,1567,1328390213616008.bin,1328390213616008.jpg,1328390213616008.jpg,1328390213616008.jpg,1328390213616008.jpg,1328390213616008.jpg
1328390213815964,1328390213813638,2326,1328390213815964.bin,1328390213815964.jpg,1328390213815964.jpg,1328390213815964.jpg,1328390213815964.jpg,1328390213815964.jpg
1328390214015923,1328390214013843,2080,1328390214015923.bin,1328390214015923.jpg,1328390214015923.jpg,1328390214015923.jpg,1328390214015923.jpg,1328390214015923.jpg
1328390214215911,1328390214213898,2013,1328390214215911.bin,1328390214215911.jpg,1328390214215911.jpg,1328390214215911.jpg,1328390214215911.jpg,1328390214215911.jpg
1328390214415864,1328390214414317,1547,1328390214415864.bin,1328390214415864.jpg,1328390214415864.jpg,1328390214415864.jpg,1328390214415864.jpg,1328390214415864.jpg
1328390214615833,1328390214613749,2084,1328390214615833.bin,1328390214615833.jpg,1328390214615833.jpg,1328390214615833.jpg,1328390214615833.jpg,1328390214615833.jpg
1328390214815879,1328390214814465,1414,1328390214815879.bin,1328390214815879.jpg,1328390214815879.jpg,1328390214815879.jpg,1328390214815879.jpg,1328390214815879.jpg
1328390215015756,1328390215014897,859,1328390215015756.bin,1328390215015756.jpg,1328390215015756.jpg,1328390215015756.jpg,1328390215015756.jpg,1328390215015756.jpg
1328390215215733,1328390215216098,365,1328390215215733.bin,1328390215215733.jpg,1328390215215733.jpg,1328390215215733.jpg,1328390215215733.jpg,1328390215215733.jpg
1328390215415704,1328390215417271,1567,1328390215415704.bin,1328390215415704.jpg,1328390215415704.jpg,1328390215415704.jpg,1328390215415704.jpg,1328390215415704.jpg
1328390215615667,1328390215613684,1983,1328390215615667.bin,1328390215615667.jpg,1328390215615667.jpg,1328390215615667.jpg,1328390215615667.jpg,1328390215615667.jpg
1328390215815637,1328390215813873,1764,1328390215815637.bin,1328390215815637.jpg,1328390215815637.jpg,1328390215815637.jpg,1328390215815637.jpg,1328390215815637.jpg
1328390216015601,1328390216013617,1984,1328390216015601.bin,1328390216015601.jpg,1328390216015601.jpg,1328390216015601.jpg,1328390216015601.jpg,1328390216015601.jpg
1328390216215570,1328390216213574,1996,1328390216215570.bin,1328390216215570.jpg,1328390216215570.jpg,1328390216215570.jpg,1328390216215570.jpg,1328390216215570.jpg
1328390216415531,1328390216413670,1861,1328390216415531.bin,1328390216415531.jpg,1328390216415531.jpg,1328390216415531.jpg,1328390216415531.jpg,1328390216415531.jpg
1328390216615509,1328390216613785,1724,1328390216615509.bin,1328390216615509.jpg,1328390216615509.jpg,1328390216615509.jpg,1328390216615509.jpg,1328390216615509.jpg
1328390216815472,1328390216814078,1394,1328390216815472.bin,1328390216815472.jpg,1328390216815472.jpg,1328390216815472.jpg,1328390216815472.jpg,1328390216815472.jpg
1328390217015456,1328390217015555,99,1328390217015456.bin,1328390217015456.jpg,1328390217015456.jpg,1328390217015456.jpg,1328390217015456.jpg,1328390217015456.jpg
1328390217215407,1328390217213278,2129,1328390217215407.bin,1328390217215407.jpg,1328390217215407.jpg,1328390217215407.jpg,1328390217215407.jpg,1328390217215407.jpg
1328390217415378,1328390217413827,1551,1328390217415378.bin,1328390217415378.jpg,1328390217415378.jpg,1328390217415378.jpg,1328390217415378.jpg,1328390217415378.jpg
1328390217615343,1328390217614055,1288,1328390217615343.bin,1328390217615343.jpg,1328390217615343.jpg,1328390217615343.jpg,1328390217615343.jpg,1328390217615343.jpg
1328390217815309,1328390217813585,1724,1328390217815309.bin,1328390217815309.jpg,1328390217815309.jpg,1328390217815309.jpg,1328390217815309.jpg,1328390217815309.jpg
1328390218015317,1328390218014949,368,1328390218015317.bin,1328390218015317.jpg,1328390218015317.jpg,1328390218015317.jpg,1328390218015317.jpg,1328390218015317.jpg
1328390218215244,1328390218214161,1083,1328390218215244.bin,1328390218215244.jpg,1328390218215244.jpg,1328390218215244.jpg,1328390218215244.jpg,1328390218215244.jpg
1328390218415242,1328390218414168,1074,1328390218415242.bin,1328390218415242.jpg,1328390218415242.jpg,1328390218415242.jpg,1328390218415242.jpg,1328390218415242.jpg
1328390218615178,1328390218613631,1547,1328390218615178.bin,1328390218615178.jpg,1328390218615178.jpg,1328390218615178.jpg,1328390218615178.jpg,1328390218615178.jpg
1328390218815149,1328390218813621,1528,1328390218815149.bin,1328390218815149.jpg,1328390218815149.jpg,1328390218815149.jpg,1328390218815149.jpg,1328390218815149.jpg
1328390219015165,1328390219014046,1119,1328390219015165.bin,1328390219015165.jpg,1328390219015165.jpg,1328390219015165.jpg,1328390219015165.jpg,1328390219015165.jpg
1328390219215080,1328390219213940,1140,1328390219215080.bin,1328390219215080.jpg,1328390219215080.jpg,1328390219215080.jpg,1328390219215080.jpg,1328390219215080.jpg
1328390219415045,1328390219414415,630,1328390219415045.bin,1328390219415045.jpg,1328390219415045.jpg,1328390219415045.jpg,1328390219415045.jpg,1328390219415045.jpg
1328390219615018,1328390219613543,1475,1328390219615018.bin,1328390219615018.jpg,1328390219615018.jpg,1328390219615018.jpg,1328390219615018.jpg,1328390219615018.jpg
1328390219814981,1328390219813793,1188,1328390219814981.bin,1328390219814981.jpg,1328390219814981.jpg,1328390219814981.jpg,1328390219814981.jpg,1328390219814981.jpg
1328390220014950,1328390220015449,499,1328390220014950.bin,1328390220014950.jpg,1328390220014950.jpg,1328390220014950.jpg,1328390220014950.jpg,1328390220014950.jpg
1328390220214922,1328390220214130,792,1328390220214922.bin,1328390220214922.jpg,1328390220214922.jpg,1328390220214922.jpg,1328390220214922.jpg,1328390220214922.jpg
1328390220414886,1328390220413851,1035,1328390220414886.bin,1328390220414886.jpg,1328390220414886.jpg,1328390220414886.jpg,1328390220414886.jpg,1328390220414886.jpg
1328390220614849,1328390220613766,1083,1328390220614849.bin,1328390220614849.jpg,1328390220614849.jpg,1328390220614849.jpg,1328390220614849.jpg,1328390220614849.jpg
1328390220814819,1328390220815610,791,1328390220814819.bin,1328390220814819.jpg,1328390220814819.jpg,1328390220814819.jpg,1328390220814819.jpg,1328390220814819.jpg
1328390221014795,1328390221013625,1170,1328390221014795.bin,1328390221014795.jpg,1328390221014795.jpg,1328390221014795.jpg,1328390221014795.jpg,1328390221014795.jpg
1328390221214752,1328390221213568,1184,1328390221214752.bin,1328390221214752.jpg,1328390221214752.jpg,1328390221214752.jpg,1328390221214752.jpg,1328390221214752.jpg
1328390221414779,1328390221413686,1093,1328390221414779.bin,1328390221414779.jpg,1328390221414779.jpg,1328390221414779.jpg,1328390221414779.jpg,1328390221414779.jpg
1328390221614679,1328390221613925,754,1328390221614679.bin,1328390221614679.jpg,1328390221614679.jpg,1328390221614679.jpg,1328390221614679.jpg,1328390221614679.jpg
1328390221814692,1328390221813937,755,1328390221814692.bin,1328390221814692.jpg,1328390221814692.jpg,1328390221814692.jpg,1328390221814692.jpg,1328390221814692.jpg
1328390222014710,1328390222015035,325,1328390222014710.bin,1328390222014710.jpg,1328390222014710.jpg,1328390222014710.jpg,1328390222014710.jpg,1328390222014710.jpg
1328390222214587,1328390222213656,931,1328390222214587.bin,1328390222214587.jpg,1328390222214587.jpg,1328390222214587.jpg,1328390222214587.jpg,1328390222214587.jpg
1328390222414558,1328390222413866,692,1328390222414558.bin,1328390222414558.jpg,1328390222414558.jpg,1328390222414558.jpg,1328390222414558.jpg,1328390222414558.jpg
1328390222614529,1328390222614002,527,1328390222614529.bin,1328390222614529.jpg,1328390222614529.jpg,1328390222614529.jpg,1328390222614529.jpg,1328390222614529.jpg
1328390222814492,1328390222814445,47,1328390222814492.bin,1328390222814492.jpg,1328390222814492.jpg,1328390222814492.jpg,1328390222814492.jpg,1328390222814492.jpg
1328390223014458,1328390223013852,606,1328390223014458.bin,1328390223014458.jpg,1328390223014458.jpg,1328390223014458.jpg,1328390223014458.jpg,1328390223014458.jpg
1328390223214426,1328390223213740,686,1328390223214426.bin,1328390223214426.jpg,1328390223214426.jpg,1328390223214426.jpg,1328390223214426.jpg,1328390223214426.jpg
1328390223414393,1328390223413532,861,1328390223414393.bin,1328390223414393.jpg,1328390223414393.jpg,1328390223414393.jpg,1328390223414393.jpg,1328390223414393.jpg
1328390223614362,1328390223614023,339,1328390223614362.bin,1328390223614362.jpg,1328390223614362.jpg,1328390223614362.jpg,1328390223614362.jpg,1328390223614362.jpg
1328390223814329,1328390223813546,783,1328390223814329.bin,1328390223814329.jpg,1328390223814329.jpg,1328390223814329.jpg,1328390223814329.jpg,1328390223814329.jpg
1328390224014296,1328390224013785,511,1328390224014296.bin,1328390224014296.jpg,1328390224014296.jpg,1328390224014296.jpg,1328390224014296.jpg,1328390224014296.jpg
1328390224214262,1328390224213916,346,1328390224214262.bin,1328390224214262.jpg,1328390224214262.jpg,1328390224214262.jpg,1328390224214262.jpg,1328390224214262.jpg
1328390224414645,1328390224414087,558,1328390224414645.bin,1328390224414645.jpg,1328390224414645.jpg,1328390224414645.jpg,1328390224414645.jpg,1328390224414645.jpg
1328390224614198,1328390224613613,585,1328390224614198.bin,1328390224614198.jpg,1328390224614198.jpg,1328390224614198.jpg,1328390224614198.jpg,1328390224614198.jpg
1328390224814165,1328390224813787,378,1328390224814165.bin,1328390224814165.jpg,1328390224814165.jpg,1328390224814165.jpg,1328390224814165.jpg,1328390224814165.jpg
1328390225014138,1328390225013878,260,1328390225014138.bin,1328390225014138.jpg,1328390225014138.jpg,1328390225014138.jpg,1328390225014138.jpg,1328390225014138.jpg
1328390225214096,1328390225213931,165,1328390225214096.bin,1328390225214096.jpg,1328390225214096.jpg,1328390225214096.jpg,1328390225214096.jpg,1328390225214096.jpg
1328390225414065,1328390225414048,17,1328390225414065.bin,1328390225414065.jpg,1328390225414065.jpg,1328390225414065.jpg,1328390225414065.jpg,1328390225414065.jpg
1328390225614035,1328390225613805,230,1328390225614035.bin,1328390225614035.jpg,1328390225614035.jpg,1328390225614035.jpg,1328390225614035.jpg,1328390225614035.jpg
1328390225814000,1328390225813834,166,1328390225814000.bin,1328390225814000.jpg,1328390225814000.jpg,1328390225814000.jpg,1328390225814000.jpg,1328390225814000.jpg
1328390226013967,1328390226013560,407,1328390226013967.bin,1328390226013967.jpg,1328390226013967.jpg,1328390226013967.jpg,1328390226013967.jpg,1328390226013967.jpg
1328390226213938,1328390226214171,233,1328390226213938.bin,1328390226213938.jpg,1328390226213938.jpg,1328390226213938.jpg,1328390226213938.jpg,1328390226213938.jpg
1328390226414345,1328390226413116,1229,1328390226414345.bin,1328390226414345.jpg,1328390226414345.jpg,1328390226414345.jpg,1328390226414345.jpg,1328390226414345.jpg
1328390226613902,1328390226613822,80,1328390226613902.bin,1328390226613902.jpg,1328390226613902.jpg,1328390226613902.jpg,1328390226613902.jpg,1328390226613902.jpg
1328390226813837,1328390226813922,85,1328390226813837.bin,1328390226813837.jpg,1328390226813837.jpg,1328390226813837.jpg,1328390226813837.jpg,1328390226813837.jpg
1328390227013796,1328390227014185,389,1328390227013796.bin,1328390227013796.jpg,1328390227013796.jpg,1328390227013796.jpg,1328390227013796.jpg,1328390227013796.jpg
1328390227213770,1328390227213658,112,1328390227213770.bin,1328390227213770.jpg,1328390227213770.jpg,1328390227213770.jpg,1328390227213770.jpg,1328390227213770.jpg
1328390227413771,1328390227413787,16,1328390227413771.bin,1328390227413771.jpg,1328390227413771.jpg,1328390227413771.jpg,1328390227413771.jpg,1328390227413771.jpg
1328390227613705,1328390227613891,186,1328390227613705.bin,1328390227613705.jpg,1328390227613705.jpg,1328390227613705.jpg,1328390227613705.jpg,1328390227613705.jpg
1328390227813682,1328390227813838,156,1328390227813682.bin,1328390227813682.jpg,1328390227813682.jpg,1328390227813682.jpg,1328390227813682.jpg,1328390227813682.jpg
1328390228013641,1328390228013593,48,1328390228013641.bin,1328390228013641.jpg,1328390228013641.jpg,1328390228013641.jpg,1328390228013641.jpg,1328390228013641.jpg
1328390228213608,1328390228213845,237,1328390228213608.bin,1328390228213608.jpg,1328390228213608.jpg,1328390228213608.jpg,1328390228213608.jpg,1328390228213608.jpg
1328390228414117,1328390228413860,257,1328390228414117.bin,1328390228414117.jpg,1328390228414117.jpg,1328390228414117.jpg,1328390228414117.jpg,1328390228414117.jpg
1328390228613543,1328390228614084,541,1328390228613543.bin,1328390228613543.jpg,1328390228613543.jpg,1328390228613543.jpg,1328390228613543.jpg,1328390228613543.jpg
1328390228813511,1328390228813766,255,1328390228813511.bin,1328390228813511.jpg,1328390228813511.jpg,1328390228813511.jpg,1328390228813511.jpg,1328390228813511.jpg
1328390229013470,1328390229013786,316,1328390229013470.bin,1328390229013470.jpg,1328390229013470.jpg,1328390229013470.jpg,1328390229013470.jpg,1328390229013470.jpg
1328390229213459,1328390229213594,135,1328390229213459.bin,1328390229213459.jpg,1328390229213459.jpg,1328390229213459.jpg,1328390229213459.jpg,1328390229213459.jpg
1328390229413419,1328390229413963,544,1328390229413419.bin,1328390229413419.jpg,1328390229413419.jpg,1328390229413419.jpg,1328390229413419.jpg,1328390229413419.jpg
1328390229613384,1328390229612799,585,1328390229613384.bin,1328390229613384.jpg,1328390229613384.jpg,1328390229613384.jpg,1328390229613384.jpg,1328390229613384.jpg
1328390229813360,1328390229813557,197,1328390229813360.bin,1328390229813360.jpg,1328390229813360.jpg,1328390229813360.jpg,1328390229813360.jpg,1328390229813360.jpg
1328390230013306,1328390230013922,616,1328390230013306.bin,1328390230013306.jpg,1328390230013306.jpg,1328390230013306.jpg,1328390230013306.jpg,1328390230013306.jpg
1328390230213620,1328390230213604,16,1328390230213620.bin,1328390230213620.jpg,1328390230213620.jpg,1328390230213620.jpg,1328390230213620.jpg,1328390230213620.jpg
1328390230413246,1328390230414096,850,1328390230413246.bin,1328390230413246.jpg,1328390230413246.jpg,1328390230413246.jpg,1328390230413246.jpg,1328390230413246.jpg
1328390230613247,1328390230613732,485,1328390230613247.bin,1328390230613247.jpg,1328390230613247.jpg,1328390230613247.jpg,1328390230613247.jpg,1328390230613247.jpg
1328390230813184,1328390230813833,649,1328390230813184.bin,1328390230813184.jpg,1328390230813184.jpg,1328390230813184.jpg,1328390230813184.jpg,1328390230813184.jpg
1328390231013150,1328390231014009,859,1328390231013150.bin,1328390231013150.jpg,1328390231013150.jpg,1328390231013150.jpg,1328390231013150.jpg,1328390231013150.jpg
1328390231213130,1328390231214090,960,1328390231213130.bin,1328390231213130.jpg,1328390231213130.jpg,1328390231213130.jpg,1328390231213130.jpg,1328390231213130.jpg
1328390231413100,1328390231414019,919,1328390231413100.bin,1328390231413100.jpg,1328390231413100.jpg,1328390231413100.jpg,1328390231413100.jpg,1328390231413100.jpg
1328390231613041,1328390231613732,691,1328390231613041.bin,1328390231613041.jpg,1328390231613041.jpg,1328390231613041.jpg,1328390231613041.jpg,1328390231613041.jpg
1328390231813018,1328390231813905,887,1328390231813018.bin,1328390231813018.jpg,1328390231813018.jpg,1328390231813018.jpg,1328390231813018.jpg,1328390231813018.jpg
1328390232012979,1328390232013577,598,1328390232012979.bin,1328390232012979.jpg,1328390232012979.jpg,1328390232012979.jpg,1328390232012979.jpg,1328390232012979.jpg
1328390232212951,1328390232213779,828,1328390232212951.bin,1328390232212951.jpg,1328390232212951.jpg,1328390232212951.jpg,1328390232212951.jpg,1328390232212951.jpg
1328390232412939,1328390232412889,50,1328390232412939.bin,1328390232412939.jpg,1328390232412939.jpg,1328390232412939.jpg,1328390232412939.jpg,1328390232412939.jpg
1328390232612890,1328390232614130,1240,1328390232612890.bin,1328390232612890.jpg,1328390232612890.jpg,1328390232612890.jpg,1328390232612890.jpg,1328390232612890.jpg
1328390232812879,1328390232813928,1049,1328390232812879.bin,1328390232812879.jpg,1328390232812879.jpg,1328390232812879.jpg,1328390232812879.jpg,1328390232812879.jpg
1328390233012823,1328390233010758,2065,1328390233012823.bin,1328390233012823.jpg,1328390233012823.jpg,1328390233012823.jpg,1328390233012823.jpg,1328390233012823.jpg
1328390233212863,1328390233213617,754,1328390233212863.bin,1328390233212863.jpg,1328390233212863.jpg,1328390233212863.jpg,1328390233212863.jpg,1328390233212863.jpg
1328390233412760,1328390233414012,1252,1328390233412760.bin,1328390233412760.jpg,1328390233412760.jpg,1328390233412760.jpg,1328390233412760.jpg,1328390233412760.jpg
1328390233612724,1328390233614140,1416,1328390233612724.bin,1328390233612724.jpg,1328390233612724.jpg,1328390233612724.jpg,1328390233612724.jpg,1328390233612724.jpg
1328390233812693,1328390233813599,906,1328390233812693.bin,1328390233812693.jpg,1328390233812693.jpg,1328390233812693.jpg,1328390233812693.jpg,1328390233812693.jpg
1328390234012653,1328390234014021,1368,1328390234012653.bin,1328390234012653.jpg,1328390234012653.jpg,1328390234012653.jpg,1328390234012653.jpg,1328390234012653.jpg
1328390234212624,1328390234213800,1176,1328390234212624.bin,1328390234212624.jpg,1328390234212624.jpg,1328390234212624.jpg,1328390234212624.jpg,1328390234212624.jpg
1328390234412593,1328390234414169,1576,1328390234412593.bin,1328390234412593.jpg,1328390234412593.jpg,1328390234412593.jpg,1328390234412593.jpg,1328390234412593.jpg
1328390234612559,1328390234613600,1041,1328390234612559.bin,1328390234612559.jpg,1328390234612559.jpg,1328390234612559.jpg,1328390234612559.jpg,1328390234612559.jpg
1328390234812525,1328390234811032,1493,1328390234812525.bin,1328390234812525.jpg,1328390234812525.jpg,1328390234812525.jpg,1328390234812525.jpg,1328390234812525.jpg
1328390235012490,1328390235013968,1478,1328390235012490.bin,1328390235012490.jpg,1328390235012490.jpg,1328390235012490.jpg,1328390235012490.jpg,1328390235012490.jpg
1328390235212463,1328390235213665,1202,1328390235212463.bin,1328390235212463.jpg,1328390235212463.jpg,1328390235212463.jpg,1328390235212463.jpg,1328390235212463.jpg
1328390235412448,1328390235413548,1100,1328390235412448.bin,1328390235412448.jpg,1328390235412448.jpg,1328390235412448.jpg,1328390235412448.jpg,1328390235412448.jpg
1328390235612397,1328390235613721,1324,1328390235612397.bin,1328390235612397.jpg,1328390235612397.jpg,1328390235612397.jpg,1328390235612397.jpg,1328390235612397.jpg
1328390235812365,1328390235811095,1270,1328390235812365.bin,1328390235812365.jpg,1328390235812365.jpg,1328390235812365.jpg,1328390235812365.jpg,1328390235812365.jpg
1328390236012331,1328390236013917,1586,1328390236012331.bin,1328390236012331.jpg,1328390236012331.jpg,1328390236012331.jpg,1328390236012331.jpg,1328390236012331.jpg
1328390236212308,1328390236214430,2122,1328390236212308.bin,1328390236212308.jpg,1328390236212308.jpg,1328390236212308.jpg,1328390236212308.jpg,1328390236212308.jpg
1328390236412270,1328390236412588,318,1328390236412270.bin,1328390236412270.jpg,1328390236412270.jpg,1328390236412270.jpg,1328390236412270.jpg,1328390236412270.jpg
1328390236612255,1328390236613748,1493,1328390236612255.bin,1328390236612255.jpg,1328390236612255.jpg,1328390236612255.jpg,1328390236612255.jpg,1328390236612255.jpg
1328390236812206,1328390236814260,2054,1328390236812206.bin,1328390236812206.jpg,1328390236812206.jpg,1328390236812206.jpg,1328390236812206.jpg,1328390236812206.jpg
1328390237012161,1328390237009773,2388,1328390237012161.bin,1328390237012161.jpg,1328390237012161.jpg,1328390237012161.jpg,1328390237012161.jpg,1328390237012161.jpg
1328390237212134,1328390237210922,1212,1328390237212134.bin,1328390237212134.jpg,1328390237212134.jpg,1328390237212134.jpg,1328390237212134.jpg,1328390237212134.jpg
1328390237412103,1328390237412051,52,1328390237412103.bin,1328390237412103.jpg,1328390237412103.jpg,1328390237412103.jpg,1328390237412103.jpg,1328390237412103.jpg
1328390237612070,1328390237613190,1120,1328390237612070.bin,1328390237612070.jpg,1328390237612070.jpg,1328390237612070.jpg,1328390237612070.jpg,1328390237612070.jpg
1328390237812036,1328390237813871,1835,1328390237812036.bin,1328390237812036.jpg,1328390237812036.jpg,1328390237812036.jpg,1328390237812036.jpg,1328390237812036.jpg
1328390238012004,1328390238013668,1664,1328390238012004.bin,1328390238012004.jpg,1328390238012004.jpg,1328390238012004.jpg,1328390238012004.jpg,1328390238012004.jpg
1328390238211973,1328390238213695,1722,1328390238211973.bin,1328390238211973.jpg,1328390238211973.jpg,1328390238211973.jpg,1328390238211973.jpg,1328390238211973.jpg
1328390238411955,1328390238413831,1876,1328390238411955.bin,1328390238411955.jpg,1328390238411955.jpg,1328390238411955.jpg,1328390238411955.jpg,1328390238411955.jpg
1328390238611906,1328390238610561,1345,1328390238611906.bin,1328390238611906.jpg,1328390238611906.jpg,1328390238611906.jpg,1328390238611906.jpg,1328390238611906.jpg
1328390238811871,1328390238811778,93,1328390238811871.bin,1328390238811871.jpg,1328390238811871.jpg,1328390238811871.jpg,1328390238811871.jpg,1328390238811871.jpg
1328390239011840,1328390239013787,1947,1328390239011840.bin,1328390239011840.jpg,1328390239011840.jpg,1328390239011840.jpg,1328390239011840.jpg,1328390239011840.jpg
1328390239211807,1328390239213869,2062,1328390239211807.bin,1328390239211807.jpg,1328390239211807.jpg,1328390239211807.jpg,1328390239211807.jpg,1328390239211807.jpg
1328390239411774,1328390239413552,1778,1328390239411774.bin,1328390239411774.jpg,1328390239411774.jpg,1328390239411774.jpg,1328390239411774.jpg,1328390239411774.jpg
1328390239611744,1328390239613554,1810,1328390239611744.bin,1328390239611744.jpg,1328390239611744.jpg,1328390239611744.jpg,1328390239611744.jpg,1328390239611744.jpg
1328390239811711,1328390239814273,2562,1328390239811711.bin,1328390239811711.jpg,1328390239811711.jpg,1328390239811711.jpg,1328390239811711.jpg,1328390239811711.jpg
1328390240011678,1328390240013904,2226,1328390240011678.bin,1328390240011678.jpg,1328390240011678.jpg,1328390240011678.jpg,1328390240011678.jpg,1328390240011678.jpg
1328390240211647,1328390240210835,812,1328390240211647.bin,1328390240211647.jpg,1328390240211647.jpg,1328390240211647.jpg,1328390240211647.jpg,1328390240211647.jpg
1328390240411616,1328390240412111,495,1328390240411616.bin,1328390240411616.jpg,1328390240411616.jpg,1328390240411616.jpg,1328390240411616.jpg,1328390240411616.jpg
1328390240611578,1328390240614129,2551,1328390240611578.bin,1328390240611578.jpg,1328390240611578.jpg,1328390240611578.jpg,1328390240611578.jpg,1328390240611578.jpg
1328390240811547,1328390240813715,2168,1328390240811547.bin,1328390240811547.jpg,1328390240811547.jpg,1328390240811547.jpg,1328390240811547.jpg,1328390240811547.jpg
1328390241011504,1328390241014003,2499,1328390241011504.bin,1328390241011504.jpg,1328390241011504.jpg,1328390241011504.jpg,1328390241011504.jpg,1328390241011504.jpg
1328390241211483,1328390241209027,2456,1328390241211483.bin,1328390241211483.jpg,1328390241211483.jpg,1328390241211483.jpg,1328390241211483.jpg,1328390241211483.jpg
1328390241411450,1328390241413706,2256,1328390241411450.bin,1328390241411450.jpg,1328390241411450.jpg,1328390241411450.jpg,1328390241411450.jpg,1328390241411450.jpg
1328390241611405,1328390241613922,2517,1328390241611405.bin,1328390241611405.jpg,1328390241611405.jpg,1328390241611405.jpg,1328390241611405.jpg,1328390241611405.jpg
1328390241811380,1328390241813897,2517,1328390241811380.bin,1328390241811380.jpg,1328390241811380.jpg,1328390241811380.jpg,1328390241811380.jpg,1328390241811380.jpg
1328390242011352,1328390242013888,2536,1328390242011352.bin,1328390242011352.jpg,1328390242011352.jpg,1328390242011352.jpg,1328390242011352.jpg,1328390242011352.jpg
1328390242211315,1328390242213566,2251,1328390242211315.bin,1328390242211315.jpg,1328390242211315.jpg,1328390242211315.jpg,1328390242211315.jpg,1328390242211315.jpg
1328390242411286,1328390242413615,2329,1328390242411286.bin,1328390242411286.jpg,1328390242411286.jpg,1328390242411286.jpg,1328390242411286.jpg,1328390242411286.jpg
1328390242611242,1328390242609639,1603,1328390242611242.bin,1328390242611242.jpg,1328390242611242.jpg,1328390242611242.jpg,1328390242611242.jpg,1328390242611242.jpg
1328390242811217,1328390242810890,327,1328390242811217.bin,1328390242811217.jpg,1328390242811217.jpg,1328390242811217.jpg,1328390242811217.jpg,1328390242811217.jpg
1328390243011187,1328390243012009,822,1328390243011187.bin,1328390243011187.jpg,1328390243011187.jpg,1328390243011187.jpg,1328390243011187.jpg,1328390243011187.jpg
1328390243211155,1328390243213233,2078,1328390243211155.bin,1328390243211155.jpg,1328390243211155.jpg,1328390243211155.jpg,1328390243211155.jpg,1328390243211155.jpg
1328390243411119,1328390243413528,2409,1328390243411119.bin,1328390243411119.jpg,1328390243411119.jpg,1328390243411119.jpg,1328390243411119.jpg,1328390243411119.jpg
1328390243611127,1328390243613904,2777,1328390243611127.bin,1328390243611127.jpg,1328390243611127.jpg,1328390243611127.jpg,1328390243611127.jpg,1328390243611127.jpg
1328390243811057,1328390243813652,2595,1328390243811057.bin,1328390243811057.jpg,1328390243811057.jpg,1328390243811057.jpg,1328390243811057.jpg,1328390243811057.jpg
1328390244011014,1328390244013709,2695,1328390244011014.bin,1328390244011014.jpg,1328390244011014.jpg,1328390244011014.jpg,1328390244011014.jpg,1328390244011014.jpg
1328390244210989,1328390244213945,2956,1328390244210989.bin,1328390244210989.jpg,1328390244210989.jpg,1328390244210989.jpg,1328390244210989.jpg,1328390244210989.jpg
1328390244410961,1328390244413701,2740,1328390244410961.bin,1328390244410961.jpg,1328390244410961.jpg,1328390244410961.jpg,1328390244410961.jpg,1328390244410961.jpg
1328390244610924,1328390244614149,3225,1328390244610924.bin,1328390244610924.jpg,1328390244610924.jpg,1328390244610924.jpg,1328390244610924.jpg,1328390244610924.jpg
1328390244810905,1328390244813708,2803,1328390244810905.bin,1328390244810905.jpg,1328390244810905.jpg,1328390244810905.jpg,1328390244810905.jpg,1328390244810905.jpg
1328390245010861,1328390245008452,2409,1328390245010861.bin,1328390245010861.jpg,1328390245010861.jpg,1328390245010861.jpg,1328390245010861.jpg,1328390245010861.jpg
1328390245210826,1328390245209643,1183,1328390245210826.bin,1328390245210826.jpg,1328390245210826.jpg,1328390245210826.jpg,1328390245210826.jpg,1328390245210826.jpg
1328390245410805,1328390245414158,3353,1328390245410805.bin,1328390245410805.jpg,1328390245410805.jpg,1328390245410805.jpg,1328390245410805.jpg,1328390245410805.jpg
1328390245610750,1328390245613560,2810,1328390245610750.bin,1328390245610750.jpg,1328390245610750.jpg,1328390245610750.jpg,1328390245610750.jpg,1328390245610750.jpg
1328390245810740,1328390245813824,3084,1328390245810740.bin,1328390245810740.jpg,1328390245810740.jpg,1328390245810740.jpg,1328390245810740.jpg,1328390245810740.jpg
1328390246010692,1328390246014007,3315,1328390246010692.bin,1328390246010692.jpg,1328390246010692.jpg,1328390246010692.jpg,1328390246010692.jpg,1328390246010692.jpg
1328390246210663,1328390246213694,3031,1328390246210663.bin,1328390246210663.jpg,1328390246210663.jpg,1328390246210663.jpg,1328390246210663.jpg,1328390246210663.jpg
1328390246410629,1328390246408080,2549,1328390246410629.bin,1328390246410629.jpg,1328390246410629.jpg,1328390246410629.jpg,1328390246410629.jpg,1328390246410629.jpg
1328390246610596,1328390246609273,1323,1328390246610596.bin,1328390246610596.jpg,1328390246610596.jpg,1328390246610596.jpg,1328390246610596.jpg,1328390246610596.jpg
1328390246810583,1328390246814033,3450,1328390246810583.bin,1328390246810583.jpg,1328390246810583.jpg,1328390246810583.jpg,1328390246810583.jpg,1328390246810583.jpg
1328390247010529,1328390247014035,3506,1328390247010529.bin,1328390247010529.jpg,1328390247010529.jpg,1328390247010529.jpg,1328390247010529.jpg,1328390247010529.jpg
1328390247210499,1328390247207647,2852,1328390247210499.bin,1328390247210499.jpg,1328390247210499.jpg,1328390247210499.jpg,1328390247210499.jpg,1328390247210499.jpg
1328390247410464,1328390247408800,1664,1328390247410464.bin,1328390247410464.jpg,1328390247410464.jpg,1328390247410464.jpg,1328390247410464.jpg,1328390247410464.jpg
1328390247610431,1328390247609938,493,1328390247610431.bin,1328390247610431.jpg,1328390247610431.jpg,1328390247610431.jpg,1328390247610431.jpg,1328390247610431.jpg
1328390247810400,1328390247813984,3584,1328390247810400.bin,1328390247810400.jpg,1328390247810400.jpg,1328390247810400.jpg,1328390247810400.jpg,1328390247810400.jpg
1328390248010372,1328390248007045,3327,1328390248010372.bin,1328390248010372.jpg,1328390248010372.jpg,1328390248010372.jpg,1328390248010372.jpg,1328390248010372.jpg
1328390248210337,1328390248207496,2841,1328390248210337.bin,1328390248210337.jpg,1328390248210337.jpg,1328390248210337.jpg,1328390248210337.jpg,1328390248210337.jpg
1328390248410314,1328390248407433,2881,1328390248410314.bin,1328390248410314.jpg,1328390248410314.jpg,1328390248410314.jpg,1328390248410314.jpg,1328390248410314.jpg
1328390248610281,1328390248608416,1865,1328390248610281.bin,1328390248610281.jpg,1328390248610281.jpg,1328390248610281.jpg,1328390248610281.jpg,1328390248610281.jpg
1328390248810236,1328390248806915,3321,1328390248810236.bin,1328390248810236.jpg,1328390248810236.jpg,1328390248810236.jpg,1328390248810236.jpg,1328390248810236.jpg
1328390249010196,1328390249008061,2135,1328390249010196.bin,1328390249010196.jpg,1328390249010196.jpg,1328390249010196.jpg,1328390249010196.jpg,1328390249010196.jpg
1328390249210172,1328390249209246,926,1328390249210172.bin,1328390249210172.jpg,1328390249210172.jpg,1328390249210172.jpg,1328390249210172.jpg,1328390249210172.jpg
1328390249410136,1328390249410330,194,1328390249410136.bin,1328390249410136.jpg,1328390249410136.jpg,1328390249410136.jpg,1328390249410136.jpg,1328390249410136.jpg
1328390249610108,1328390249611567,1459,1328390249610108.bin,1328390249610108.jpg,1328390249610108.jpg,1328390249610108.jpg,1328390249610108.jpg,1328390249610108.jpg
1328390249810078,1328390249812749,2671,1328390249810078.bin,1328390249810078.jpg,1328390249810078.jpg,1328390249810078.jpg,1328390249810078.jpg,1328390249810078.jpg
1328390250010043,1328390250013848,3805,1328390250010043.bin,1328390250010043.jpg,1328390250010043.jpg,1328390250010043.jpg,1328390250010043.jpg,1328390250010043.jpg
1328390250210020,1328390250213601,3581,1328390250210020.bin,1328390250210020.jpg,1328390250210020.jpg,1328390250210020.jpg,1328390250210020.jpg,1328390250210020.jpg
1328390250409988,1328390250413687,3699,1328390250409988.bin,1328390250409988.jpg,1328390250409988.jpg,1328390250409988.jpg,1328390250409988.jpg,1328390250409988.jpg
1328390250609955,1328390250613629,3674,1328390250609955.bin,1328390250609955.jpg,1328390250609955.jpg,1328390250609955.jpg,1328390250609955.jpg,1328390250609955.jpg
1328390250809910,1328390250814071,4161,1328390250809910.bin,1328390250809910.jpg,1328390250809910.jpg,1328390250809910.jpg,1328390250809910.jpg,1328390250809910.jpg
1328390251009877,1328390251014376,4499,1328390251009877.bin,1328390251009877.jpg,1328390251009877.jpg,1328390251009877.jpg,1328390251009877.jpg,1328390251009877.jpg
1328390251209842,1328390251203756,6086,1328390251209842.bin,1328390251209842.jpg,1328390251209842.jpg,1328390251209842.jpg,1328390251209842.jpg,1328390251209842.jpg
1328390251409815,1328390251413599,3784,1328390251409815.bin,1328390251409815.jpg,1328390251409815.jpg,1328390251409815.jpg,1328390251409815.jpg,1328390251409815.jpg
1328390251609779,1328390251607273,2506,1328390251609779.bin,1328390251609779.jpg,1328390251609779.jpg,1328390251609779.jpg,1328390251609779.jpg,1328390251609779.jpg
1328390251809745,1328390251813923,4178,1328390251809745.bin,1328390251809745.jpg,1328390251809745.jpg,1328390251809745.jpg,1328390251809745.jpg,1328390251809745.jpg
1328390252009716,1328390252014092,4376,1328390252009716.bin,1328390252009716.jpg,1328390252009716.jpg,1328390252009716.jpg,1328390252009716.jpg,1328390252009716.jpg
1328390252209680,1328390252213597,3917,1328390252209680.bin,1328390252209680.jpg,1328390252209680.jpg,1328390252209680.jpg,1328390252209680.jpg,1328390252209680.jpg
1328390252409646,1328390252413721,4075,1328390252409646.bin,1328390252409646.jpg,1328390252409646.jpg,1328390252409646.jpg,1328390252409646.jpg,1328390252409646.jpg
1328390252609608,1328390252613822,4214,1328390252609608.bin,1328390252609608.jpg,1328390252609608.jpg,1328390252609608.jpg,1328390252609608.jpg,1328390252609608.jpg
1328390252809580,1328390252805666,3914,1328390252809580.bin,1328390252809580.jpg,1328390252809580.jpg,1328390252809580.jpg,1328390252809580.jpg,1328390252809580.jpg
1328390253009543,1328390253006734,2809,1328390253009543.bin,1328390253009543.jpg,1328390253009543.jpg,1328390253009543.jpg,1328390253009543.jpg,1328390253009543.jpg
1328390253209516,1328390253207940,1576,1328390253209516.bin,1328390253209516.jpg,1328390253209516.jpg,1328390253209516.jpg,1328390253209516.jpg,1328390253209516.jpg
1328390253409485,1328390253409087,398,1328390253409485.bin,1328390253409485.jpg,1328390253409485.jpg,1328390253409485.jpg,1328390253409485.jpg,1328390253409485.jpg
1328390253609452,1328390253609093,359,1328390253609452.bin,1328390253609452.jpg,1328390253609452.jpg,1328390253609452.jpg,1328390253609452.jpg,1328390253609452.jpg
1328390253809416,1328390253810286,870,1328390253809416.bin,1328390253809416.jpg,1328390253809416.jpg,1328390253809416.jpg,1328390253809416.jpg,1328390253809416.jpg
1328390254009376,1328390254011478,2102,1328390254009376.bin,1328390254009376.jpg,1328390254009376.jpg,1328390254009376.jpg,1328390254009376.jpg,1328390254009376.jpg
1328390254209352,1328390254212800,3448,1328390254209352.bin,1328390254209352.jpg,1328390254209352.jpg,1328390254209352.jpg,1328390254209352.jpg,1328390254209352.jpg
1328390254409319,1328390254413904,4585,1328390254409319.bin,1328390254409319.jpg,1328390254409319.jpg,1328390254409319.jpg,1328390254409319.jpg,1328390254409319.jpg
1328390254609286,1328390254613584,4298,1328390254609286.bin,1328390254609286.jpg,1328390254609286.jpg,1328390254609286.jpg,1328390254609286.jpg,1328390254609286.jpg
1328390254809255,1328390254813702,4447,1328390254809255.bin,1328390254809255.jpg,1328390254809255.jpg,1328390254809255.jpg,1328390254809255.jpg,1328390254809255.jpg
1328390255009219,1328390255013884,4665,1328390255009219.bin,1328390255009219.jpg,1328390255009219.jpg,1328390255009219.jpg,1328390255009219.jpg,1328390255009219.jpg
1328390255209191,1328390255206219,2972,1328390255209191.bin,1328390255209191.jpg,1328390255209191.jpg,1328390255209191.jpg,1328390255209191.jpg,1328390255209191.jpg
1328390255409159,1328390255407372,1787,1328390255409159.bin,1328390255409159.jpg,1328390255409159.jpg,1328390255409159.jpg,1328390255409159.jpg,1328390255409159.jpg
1328390255609133,1328390255608562,571,1328390255609133.bin,1328390255609133.jpg,1328390255609133.jpg,1328390255609133.jpg,1328390255609133.jpg,1328390255609133.jpg
1328390255809095,1328390255810528,1433,1328390255809095.bin,1328390255809095.jpg,1328390255809095.jpg,1328390255809095.jpg,1328390255809095.jpg,1328390255809095.jpg
1328390256009100,1328390256011773,2673,1328390256009100.bin,1328390256009100.jpg,1328390256009100.jpg,1328390256009100.jpg,1328390256009100.jpg,1328390256009100.jpg
1328390256209027,1328390256212949,3922,1328390256209027.bin,1328390256209027.jpg,1328390256209027.jpg,1328390256209027.jpg,1328390256209027.jpg,1328390256209027.jpg
1328390256408994,1328390256413587,4593,1328390256408994.bin,1328390256408994.jpg,1328390256408994.jpg,1328390256408994.jpg,1328390256408994.jpg,1328390256408994.jpg
1328390256608961,1328390256613800,4839,1328390256608961.bin,1328390256608961.jpg,1328390256608961.jpg,1328390256608961.jpg,1328390256608961.jpg,1328390256608961.jpg
1328390256808927,1328390256804042,4885,1328390256808927.bin,1328390256808927.jpg,1328390256808927.jpg,1328390256808927.jpg,1328390256808927.jpg,1328390256808927.jpg
1328390257008891,1328390257004045,4846,1328390257008891.bin,1328390257008891.jpg,1328390257008891.jpg,1328390257008891.jpg,1328390257008891.jpg,1328390257008891.jpg
1328390257208860,1328390257206261,2599,1328390257208860.bin,1328390257208860.jpg,1328390257208860.jpg,1328390257208860.jpg,1328390257208860.jpg,1328390257208860.jpg
1328390257408828,1328390257407484,1344,1328390257408828.bin,1328390257408828.jpg,1328390257408828.jpg,1328390257408828.jpg,1328390257408828.jpg,1328390257408828.jpg
1328390257608797,1328390257604042,4755,1328390257608797.bin,1328390257608797.jpg,1328390257608797.jpg,1328390257608797.jpg,1328390257608797.jpg,1328390257608797.jpg
1328390257808784,1328390257805598,3186,1328390257808784.bin,1328390257808784.jpg,1328390257808784.jpg,1328390257808784.jpg,1328390257808784.jpg,1328390257808784.jpg
1328390258008733,1328390258007095,1638,1328390258008733.bin,1328390258008733.jpg,1328390258008733.jpg,1328390258008733.jpg,1328390258008733.jpg,1328390258008733.jpg
1328390258208698,1328390258203752,4946,1328390258208698.bin,1328390258208698.jpg,1328390258208698.jpg,1328390258208698.jpg,1328390258208698.jpg,1328390258208698.jpg
1328390258408664,1328390258404166,4498,1328390258408664.bin,1328390258408664.jpg,1328390258408664.jpg,1328390258408664.jpg,1328390258408664.jpg,1328390258408664.jpg
1328390258608622,1328390258605707,2915,1328390258608622.bin,1328390258608622.jpg,1328390258608622.jpg,1328390258608622.jpg,1328390258608622.jpg,1328390258608622.jpg
1328390258808615,1328390258806904,1711,1328390258808615.bin,1328390258808615.jpg,1328390258808615.jpg,1328390258808615.jpg,1328390258808615.jpg,1328390258808615.jpg
1328390259008559,1328390259008045,514,1328390259008559.bin,1328390259008559.jpg,1328390259008559.jpg,1328390259008559.jpg,1328390259008559.jpg,1328390259008559.jpg
1328390259208534,1328390259205581,2953,1328390259208534.bin,1328390259208534.jpg,1328390259208534.jpg,1328390259208534.jpg,1328390259208534.jpg,1328390259208534.jpg
1328390259408504,1328390259406730,1774,1328390259408504.bin,1328390259408504.jpg,1328390259408504.jpg,1328390259408504.jpg,1328390259408504.jpg,1328390259408504.jpg
1328390259608472,1328390259607896,576,1328390259608472.bin,1328390259608472.jpg,1328390259608472.jpg,1328390259608472.jpg,1328390259608472.jpg,1328390259608472.jpg
1328390259808436,1328390259809070,634,1328390259808436.bin,1328390259808436.jpg,1328390259808436.jpg,1328390259808436.jpg,1328390259808436.jpg,1328390259808436.jpg
1328390260008395,1328390260003879,4516,1328390260008395.bin,1328390260008395.jpg,1328390260008395.jpg,1328390260008395.jpg,1328390260008395.jpg,1328390260008395.jpg
1328390260208371,1328390260204088,4283,1328390260208371.bin,1328390260208371.jpg,1328390260208371.jpg,1328390260208371.jpg,1328390260208371.jpg,1328390260208371.jpg
1328390260408338,1328390260403616,4722,1328390260408338.bin,1328390260408338.jpg,1328390260408338.jpg,1328390260408338.jpg,1328390260408338.jpg,1328390260408338.jpg
1328390260608305,1328390260603901,4404,1328390260608305.bin,1328390260608305.jpg,1328390260608305.jpg,1328390260608305.jpg,1328390260608305.jpg,1328390260608305.jpg
1328390260808264,1328390260803873,4391,1328390260808264.bin,1328390260808264.jpg,1328390260808264.jpg,1328390260808264.jpg,1328390260808264.jpg,1328390260808264.jpg
1328390261008229,1328390261004086,4143,1328390261008229.bin,1328390261008229.jpg,1328390261008229.jpg,1328390261008229.jpg,1328390261008229.jpg,1328390261008229.jpg
1328390261208210,1328390261203505,4705,1328390261208210.bin,1328390261208210.jpg,1328390261208210.jpg,1328390261208210.jpg,1328390261208210.jpg,1328390261208210.jpg
1328390261408188,1328390261404693,3495,1328390261408188.bin,1328390261408188.jpg,1328390261408188.jpg,1328390261408188.jpg,1328390261408188.jpg,1328390261408188.jpg
1328390261608141,1328390261605860,2281,1328390261608141.bin,1328390261608141.jpg,1328390261608141.jpg,1328390261608141.jpg,1328390261608141.jpg,1328390261608141.jpg
1328390261808109,1328390261806973,1136,1328390261808109.bin,1328390261808109.jpg,1328390261808109.jpg,1328390261808109.jpg,1328390261808109.jpg,1328390261808109.jpg
1328390262008068,1328390262008986,918,1328390262008068.bin,1328390262008068.jpg,1328390262008068.jpg,1328390262008068.jpg,1328390262008068.jpg,1328390262008068.jpg
1328390262208046,1328390262210183,2137,1328390262208046.bin,1328390262208046.jpg,1328390262208046.jpg,1328390262208046.jpg,1328390262208046.jpg,1328390262208046.jpg
1328390262408027,1328390262406886,1141,1328390262408027.bin,1328390262408027.jpg,1328390262408027.jpg,1328390262408027.jpg,1328390262408027.jpg,1328390262408027.jpg
1328390262607982,1328390262608062,80,1328390262607982.bin,1328390262607982.jpg,1328390262607982.jpg,1328390262607982.jpg,1328390262607982.jpg,1328390262607982.jpg
1328390262807971,1328390262809280,1309,1328390262807971.bin,1328390262807971.jpg,1328390262807971.jpg,1328390262807971.jpg,1328390262807971.jpg,1328390262807971.jpg
1328390263007935,1328390263010498,2563,1328390263007935.bin,1328390263007935.jpg,1328390263007935.jpg,1328390263007935.jpg,1328390263007935.jpg,1328390263007935.jpg
1328390263207881,1328390263211710,3829,1328390263207881.bin,1328390263207881.jpg,1328390263207881.jpg,1328390263207881.jpg,1328390263207881.jpg,1328390263207881.jpg
1328390263407861,1328390263405247,2614,1328390263407861.bin,1328390263407861.jpg,1328390263407861.jpg,1328390263407861.jpg,1328390263407861.jpg,1328390263407861.jpg
1328390263607814,1328390263604069,3745,1328390263607814.bin,1328390263607814.jpg,1328390263607814.jpg,1328390263607814.jpg,1328390263607814.jpg,1328390263607814.jpg
1328390263807790,1328390263803666,4124,1328390263807790.bin,1328390263807790.jpg,1328390263807790.jpg,1328390263807790.jpg,1328390263807790.jpg,1328390263807790.jpg
1328390264007744,1328390264003892,3852,1328390264007744.bin,1328390264007744.jpg,1328390264007744.jpg,1328390264007744.jpg,1328390264007744.jpg,1328390264007744.jpg
1328390264207716,1328390264203731,3985,1328390264207716.bin,1328390264207716.jpg,1328390264207716.jpg,1328390264207716.jpg,1328390264207716.jpg,1328390264207716.jpg
1328390264407686,1328390264404940,2746,1328390264407686.bin,1328390264407686.jpg,1328390264407686.jpg,1328390264407686.jpg,1328390264407686.jpg,1328390264407686.jpg
1328390264607653,1328390264604117,3536,1328390264607653.bin,1328390264607653.jpg,1328390264607653.jpg,1328390264607653.jpg,1328390264607653.jpg,1328390264607653.jpg
1328390264807608,1328390264803706,3902,1328390264807608.bin,1328390264807608.jpg,1328390264807608.jpg,1328390264807608.jpg,1328390264807608.jpg,1328390264807608.jpg
1328390265007589,1328390265005044,2545,1328390265007589.bin,1328390265007589.jpg,1328390265007589.jpg,1328390265007589.jpg,1328390265007589.jpg,1328390265007589.jpg
1328390265207553,1328390265206235,1318,1328390265207553.bin,1328390265207553.jpg,1328390265207553.jpg,1328390265207553.jpg,1328390265207553.jpg,1328390265207553.jpg
1328390265407521,1328390265403643,3878,1328390265407521.bin,1328390265407521.jpg,1328390265407521.jpg,1328390265407521.jpg,1328390265407521.jpg,1328390265407521.jpg
1328390265607488,1328390265603695,3793,1328390265607488.bin,1328390265607488.jpg,1328390265607488.jpg,1328390265607488.jpg,1328390265607488.jpg,1328390265607488.jpg
1328390265807453,1328390265803831,3622,1328390265807453.bin,1328390265807453.jpg,1328390265807453.jpg,1328390265807453.jpg,1328390265807453.jpg,1328390265807453.jpg
1328390266007420,1328390266005465,1955,1328390266007420.bin,1328390266007420.jpg,1328390266007420.jpg,1328390266007420.jpg,1328390266007420.jpg,1328390266007420.jpg
1328390266207389,1328390266206791,598,1328390266207389.bin,1328390266207389.jpg,1328390266207389.jpg,1328390266207389.jpg,1328390266207389.jpg,1328390266207389.jpg
1328390266407358,1328390266408019,661,1328390266407358.bin,1328390266407358.jpg,1328390266407358.jpg,1328390266407358.jpg,1328390266407358.jpg,1328390266407358.jpg
1328390266607329,1328390266609337,2008,1328390266607329.bin,1328390266607329.jpg,1328390266607329.jpg,1328390266607329.jpg,1328390266607329.jpg,1328390266607329.jpg
1328390266807321,1328390266810528,3207,1328390266807321.bin,1328390266807321.jpg,1328390266807321.jpg,1328390266807321.jpg,1328390266807321.jpg,1328390266807321.jpg
1328390267007252,1328390267004072,3180,1328390267007252.bin,1328390267007252.jpg,1328390267007252.jpg,1328390267007252.jpg,1328390267007252.jpg,1328390267007252.jpg
1328390267207228,1328390267203648,3580,1328390267207228.bin,1328390267207228.jpg,1328390267207228.jpg,1328390267207228.jpg,1328390267207228.jpg,1328390267207228.jpg
1328390267407191,1328390267403819,3372,1328390267407191.bin,1328390267407191.jpg,1328390267407191.jpg,1328390267407191.jpg,1328390267407191.jpg,1328390267407191.jpg
1328390267607158,1328390267603965,3193,1328390267607158.bin,1328390267607158.jpg,1328390267607158.jpg,1328390267607158.jpg,1328390267607158.jpg,1328390267607158.jpg
1328390267807197,1328390267805711,1486,1328390267807197.bin,1328390267807197.jpg,1328390267807197.jpg,1328390267807197.jpg,1328390267807197.jpg,1328390267807197.jpg
1328390268007093,1328390268007425,332,1328390268007093.bin,1328390268007093.jpg,1328390268007093.jpg,1328390268007093.jpg,1328390268007093.jpg,1328390268007093.jpg
1328390268207105,1328390268208609,1504,1328390268207105.bin,1328390268207105.jpg,1328390268207105.jpg,1328390268207105.jpg,1328390268207105.jpg,1328390268207105.jpg
1328390268407027,1328390268409736,2709,1328390268407027.bin,1328390268407027.jpg,1328390268407027.jpg,1328390268407027.jpg,1328390268407027.jpg,1328390268407027.jpg
1328390268607009,1328390268604032,2977,1328390268607009.bin,1328390268607009.jpg,1328390268607009.jpg,1328390268607009.jpg,1328390268607009.jpg,1328390268607009.jpg
1328390268806963,1328390268812159,5196,1328390268806963.bin,1328390268806963.jpg,1328390268806963.jpg,1328390268806963.jpg,1328390268806963.jpg,1328390268806963.jpg
1328390269006930,1328390269003777,3153,1328390269006930.bin,1328390269006930.jpg,1328390269006930.jpg,1328390269006930.jpg,1328390269006930.jpg,1328390269006930.jpg
1328390269206897,1328390269204030,2867,1328390269206897.bin,1328390269206897.jpg,1328390269206897.jpg,1328390269206897.jpg,1328390269206897.jpg,1328390269206897.jpg
1328390269406878,1328390269405951,927,1328390269406878.bin,1328390269406878.jpg,1328390269406878.jpg,1328390269406878.jpg,1328390269406878.jpg,1328390269406878.jpg
1328390269606824,1328390269603547,3277,1328390269606824.bin,1328390269606824.jpg,1328390269606824.jpg,1328390269606824.jpg,1328390269606824.jpg,1328390269606824.jpg
1328390269806801,1328390269803589,3212,1328390269806801.bin,1328390269806801.jpg,1328390269806801.jpg,1328390269806801.jpg,1328390269806801.jpg,1328390269806801.jpg
1328390270006761,1328390270004945,1816,1328390270006761.bin,1328390270006761.jpg,1328390270006761.jpg,1328390270006761.jpg,1328390270006761.jpg,1328390270006761.jpg
1328390270206725,1328390270206295,430,1328390270206725.bin,1328390270206725.jpg,1328390270206725.jpg,1328390270206725.jpg,1328390270206725.jpg,1328390270206725.jpg
1328390270406702,1328390270407454,752,1328390270406702.bin,1328390270406702.jpg,1328390270406702.jpg,1328390270406702.jpg,1328390270406702.jpg,1328390270406702.jpg
1328390270606674,1328390270608625,1951,1328390270606674.bin,1328390270606674.jpg,1328390270606674.jpg,1328390270606674.jpg,1328390270606674.jpg,1328390270606674.jpg
1328390270806648,1328390270803785,2863,1328390270806648.bin,1328390270806648.jpg,1328390270806648.jpg,1328390270806648.jpg,1328390270806648.jpg,1328390270806648.jpg
1328390271006594,1328390271003921,2673,1328390271006594.bin,1328390271006594.jpg,1328390271006594.jpg,1328390271006594.jpg,1328390271006594.jpg,1328390271006594.jpg
1328390271206573,1328390271204822,1751,1328390271206573.bin,1328390271206573.jpg,1328390271206573.jpg,1328390271206573.jpg,1328390271206573.jpg,1328390271206573.jpg
1328390271406536,1328390271405972,564,1328390271406536.bin,1328390271406536.jpg,1328390271406536.jpg,1328390271406536.jpg,1328390271406536.jpg,1328390271406536.jpg
1328390271606497,1328390271607040,543,1328390271606497.bin,1328390271606497.jpg,1328390271606497.jpg,1328390271606497.jpg,1328390271606497.jpg,1328390271606497.jpg
1328390271806471,1328390271808797,2326,1328390271806471.bin,1328390271806471.jpg,1328390271806471.jpg,1328390271806471.jpg,1328390271806471.jpg,1328390271806471.jpg
1328390272006541,1328390272003689,2852,1328390272006541.bin,1328390272006541.jpg,1328390272006541.jpg,1328390272006541.jpg,1328390272006541.jpg,1328390272006541.jpg
1328390272206418,1328390272203654,2764,1328390272206418.bin,1328390272206418.jpg,1328390272206418.jpg,1328390272206418.jpg,1328390272206418.jpg,1328390272206418.jpg
1328390272406376,1328390272404249,2127,1328390272406376.bin,1328390272406376.jpg,1328390272406376.jpg,1328390272406376.jpg,1328390272406376.jpg,1328390272406376.jpg
1328390272606332,1328390272604361,1971,1328390272606332.bin,1328390272606332.jpg,1328390272606332.jpg,1328390272606332.jpg,1328390272606332.jpg,1328390272606332.jpg
1328390272806312,1328390272803545,2767,1328390272806312.bin,1328390272806312.jpg,1328390272806312.jpg,1328390272806312.jpg,1328390272806312.jpg,1328390272806312.jpg
1328390273006276,1328390273003657,2619,1328390273006276.bin,1328390273006276.jpg,1328390273006276.jpg,1328390273006276.jpg,1328390273006276.jpg,1328390273006276.jpg
1328390273206242,1328390273205265,977,1328390273206242.bin,1328390273206242.jpg,1328390273206242.jpg,1328390273206242.jpg,1328390273206242.jpg,1328390273206242.jpg
1328390273406211,1328390273406433,222,1328390273406211.bin,1328390273406211.jpg,1328390273406211.jpg,1328390273406211.jpg,1328390273406211.jpg,1328390273406211.jpg
1328390273606177,1328390273607683,1506,1328390273606177.bin,1328390273606177.jpg,1328390273606177.jpg,1328390273606177.jpg,1328390273606177.jpg,1328390273606177.jpg
1328390273806144,1328390273803537,2607,1328390273806144.bin,1328390273806144.jpg,1328390273806144.jpg,1328390273806144.jpg,1328390273806144.jpg,1328390273806144.jpg
1328390274006136,1328390274003829,2307,1328390274006136.bin,1328390274006136.jpg,1328390274006136.jpg,1328390274006136.jpg,1328390274006136.jpg,1328390274006136.jpg
1328390274206079,1328390274203530,2549,1328390274206079.bin,1328390274206079.jpg,1328390274206079.jpg,1328390274206079.jpg,1328390274206079.jpg,1328390274206079.jpg
1328390274406044,1328390274404776,1268,1328390274406044.bin,1328390274406044.jpg,1328390274406044.jpg,1328390274406044.jpg,1328390274406044.jpg,1328390274406044.jpg
1328390274606018,1328390274603054,2964,1328390274606018.bin,1328390274606018.jpg,1328390274606018.jpg,1328390274606018.jpg,1328390274606018.jpg,1328390274606018.jpg
1328390274805981,1328390274803694,2287,1328390274805981.bin,1328390274805981.jpg,1328390274805981.jpg,1328390274805981.jpg,1328390274805981.jpg,1328390274805981.jpg
1328390275005940,1328390275003771,2169,1328390275005940.bin,1328390275005940.jpg,1328390275005940.jpg,1328390275005940.jpg,1328390275005940.jpg,1328390275005940.jpg
1328390275205920,1328390275203952,1968,1328390275205920.bin,1328390275205920.jpg,1328390275205920.jpg,1328390275205920.jpg,1328390275205920.jpg,1328390275205920.jpg
1328390275405905,1328390275406041,136,1328390275405905.bin,1328390275405905.jpg,1328390275405905.jpg,1328390275405905.jpg,1328390275405905.jpg,1328390275405905.jpg
1328390275605867,1328390275607214,1347,1328390275605867.bin,1328390275605867.jpg,1328390275605867.jpg,1328390275605867.jpg,1328390275605867.jpg,1328390275605867.jpg
1328390275805821,1328390275804479,1342,1328390275805821.bin,1328390275805821.jpg,1328390275805821.jpg,1328390275805821.jpg,1328390275805821.jpg,1328390275805821.jpg
1328390276005777,1328390276003948,1829,1328390276005777.bin,1328390276005777.jpg,1328390276005777.jpg,1328390276005777.jpg,1328390276005777.jpg,1328390276005777.jpg
1328390276205768,1328390276204022,1746,1328390276205768.bin,1328390276205768.jpg,1328390276205768.jpg,1328390276205768.jpg,1328390276205768.jpg,1328390276205768.jpg
1328390276405719,1328390276404962,757,1328390276405719.bin,1328390276405719.jpg,1328390276405719.jpg,1328390276405719.jpg,1328390276405719.jpg,1328390276405719.jpg
1328390276605680,1328390276604022,1658,1328390276605680.bin,1328390276605680.jpg,1328390276605680.jpg,1328390276605680.jpg,1328390276605680.jpg,1328390276605680.jpg
1328390276805666,1328390276803023,2643,1328390276805666.bin,1328390276805666.jpg,1328390276805666.jpg,1328390276805666.jpg,1328390276805666.jpg,1328390276805666.jpg
1328390277005615,1328390277003951,1664,1328390277005615.bin,1328390277005615.jpg,1328390277005615.jpg,1328390277005615.jpg,1328390277005615.jpg,1328390277005615.jpg
1328390277205588,1328390277205624,36,1328390277205588.bin,1328390277205588.jpg,1328390277205588.jpg,1328390277205588.jpg,1328390277205588.jpg,1328390277205588.jpg
1328390277405555,1328390277406699,1144,1328390277405555.bin,1328390277405555.jpg,1328390277405555.jpg,1328390277405555.jpg,1328390277405555.jpg,1328390277405555.jpg
1328390277605562,1328390277603851,1711,1328390277605562.bin,1328390277605562.jpg,1328390277605562.jpg,1328390277605562.jpg,1328390277605562.jpg,1328390277605562.jpg
1328390277805498,1328390277804023,1475,1328390277805498.bin,1328390277805498.jpg,1328390277805498.jpg,1328390277805498.jpg,1328390277805498.jpg,1328390277805498.jpg
1328390278005457,1328390278004417,1040,1328390278005457.bin,1328390278005457.jpg,1328390278005457.jpg,1328390278005457.jpg,1328390278005457.jpg,1328390278005457.jpg
1328390278205423,1328390278203644,1779,1328390278205423.bin,1328390278205423.jpg,1328390278205423.jpg,1328390278205423.jpg,1328390278205423.jpg,1328390278205423.jpg
1328390278405391,1328390278404804,587,1328390278405391.bin,1328390278405391.jpg,1328390278405391.jpg,1328390278405391.jpg,1328390278405391.jpg,1328390278405391.jpg
1328390278605359,1328390278604064,1295,1328390278605359.bin,1328390278605359.jpg,1328390278605359.jpg,1328390278605359.jpg,1328390278605359.jpg,1328390278605359.jpg
1328390278805366,1328390278803967,1399,1328390278805366.bin,1328390278805366.jpg,1328390278805366.jpg,1328390278805366.jpg,1328390278805366.jpg,1328390278805366.jpg
1328390279005295,1328390279003742,1553,1328390279005295.bin,1328390279005295.jpg,1328390279005295.jpg,1328390279005295.jpg,1328390279005295.jpg,1328390279005295.jpg
1328390279205261,1328390279203794,1467,1328390279205261.bin,1328390279205261.jpg,1328390279205261.jpg,1328390279205261.jpg,1328390279205261.jpg,1328390279205261.jpg
1328390279405241,1328390279404053,1188,1328390279405241.bin,1328390279405241.jpg,1328390279405241.jpg,1328390279405241.jpg,1328390279405241.jpg,1328390279405241.jpg
1328390279605195,1328390279603642,1553,1328390279605195.bin,1328390279605195.jpg,1328390279605195.jpg,1328390279605195.jpg,1328390279605195.jpg,1328390279605195.jpg
1328390279805184,1328390279803610,1574,1328390279805184.bin,1328390279805184.jpg,1328390279805184.jpg,1328390279805184.jpg,1328390279805184.jpg,1328390279805184.jpg
1328390280005131,1328390280003711,1420,1328390280005131.bin,1328390280005131.jpg,1328390280005131.jpg,1328390280005131.jpg,1328390280005131.jpg,1328390280005131.jpg
1328390280205108,1328390280203644,1464,1328390280205108.bin,1328390280205108.jpg,1328390280205108.jpg,1328390280205108.jpg,1328390280205108.jpg,1328390280205108.jpg
1328390280405068,1328390280403550,1518,1328390280405068.bin,1328390280405068.jpg,1328390280405068.jpg,1328390280405068.jpg,1328390280405068.jpg,1328390280405068.jpg
1328390280605050,1328390280603555,1495,1328390280605050.bin,1328390280605050.jpg,1328390280605050.jpg,1328390280605050.jpg,1328390280605050.jpg,1328390280605050.jpg
1328390280805016,1328390280802860,2156,1328390280805016.bin,1328390280805016.jpg,1328390280805016.jpg,1328390280805016.jpg,1328390280805016.jpg,1328390280805016.jpg
1328390281004970,1328390281003768,1202,1328390281004970.bin,1328390281004970.jpg,1328390281004970.jpg,1328390281004970.jpg,1328390281004970.jpg,1328390281004970.jpg
1328390281204933,1328390281205656,723,1328390281204933.bin,1328390281204933.jpg,1328390281204933.jpg,1328390281204933.jpg,1328390281204933.jpg,1328390281204933.jpg
1328390281404903,1328390281404073,830,1328390281404903.bin,1328390281404903.jpg,1328390281404903.jpg,1328390281404903.jpg,1328390281404903.jpg,1328390281404903.jpg
1328390281604873,1328390281604306,567,1328390281604873.bin,1328390281604873.jpg,1328390281604873.jpg,1328390281604873.jpg,1328390281604873.jpg,1328390281604873.jpg
1328390281804836,1328390281804068,768,1328390281804836.bin,1328390281804836.jpg,1328390281804836.jpg,1328390281804836.jpg,1328390281804836.jpg,1328390281804836.jpg
1328390282004802,1328390282003988,814,1328390282004802.bin,1328390282004802.jpg,1328390282004802.jpg,1328390282004802.jpg,1328390282004802.jpg,1328390282004802.jpg
1328390282204801,1328390282203592,1209,1328390282204801.bin,1328390282204801.jpg,1328390282204801.jpg,1328390282204801.jpg,1328390282204801.jpg,1328390282204801.jpg
1328390282404736,1328390282404881,145,1328390282404736.bin,1328390282404736.jpg,1328390282404736.jpg,1328390282404736.jpg,1328390282404736.jpg,1328390282404736.jpg
1328390282604707,1328390282604138,569,1328390282604707.bin,1328390282604707.jpg,1328390282604707.jpg,1328390282604707.jpg,1328390282604707.jpg,1328390282604707.jpg
1328390282804673,1328390282803483,1190,1328390282804673.bin,1328390282804673.jpg,1328390282804673.jpg,1328390282804673.jpg,1328390282804673.jpg,1328390282804673.jpg
1328390283004643,1328390283004955,312,1328390283004643.bin,1328390283004643.jpg,1328390283004643.jpg,1328390283004643.jpg,1328390283004643.jpg,1328390283004643.jpg
1328390283204616,1328390283203511,1105,1328390283204616.bin,1328390283204616.jpg,1328390283204616.jpg,1328390283204616.jpg,1328390283204616.jpg,1328390283204616.jpg
1328390283404593,1328390283403805,788,1328390283404593.bin,1328390283404593.jpg,1328390283404593.jpg,1328390283404593.jpg,1328390283404593.jpg,1328390283404593.jpg
1328390283604541,1328390283603594,947,1328390283604541.bin,1328390283604541.jpg,1328390283604541.jpg,1328390283604541.jpg,1328390283604541.jpg,1328390283604541.jpg
1328390283804512,1328390283804293,219,1328390283804512.bin,1328390283804512.jpg,1328390283804512.jpg,1328390283804512.jpg,1328390283804512.jpg,1328390283804512.jpg
1328390284004504,1328390284003723,781,1328390284004504.bin,1328390284004504.jpg,1328390284004504.jpg,1328390284004504.jpg,1328390284004504.jpg,1328390284004504.jpg
1328390284204460,1328390284203812,648,1328390284204460.bin,1328390284204460.jpg,1328390284204460.jpg,1328390284204460.jpg,1328390284204460.jpg,1328390284204460.jpg
1328390284404412,1328390284404043,369,1328390284404412.bin,1328390284404412.jpg,1328390284404412.jpg,1328390284404412.jpg,1328390284404412.jpg,1328390284404412.jpg
1328390284604370,1328390284603775,595,1328390284604370.bin,1328390284604370.jpg,1328390284604370.jpg,1328390284604370.jpg,1328390284604370.jpg,1328390284604370.jpg
1328390284804345,1328390284803826,519,1328390284804345.bin,1328390284804345.jpg,1328390284804345.jpg,1328390284804345.jpg,1328390284804345.jpg,1328390284804345.jpg
1328390285004325,1328390285003748,577,1328390285004325.bin,1328390285004325.jpg,1328390285004325.jpg,1328390285004325.jpg,1328390285004325.jpg,1328390285004325.jpg
1328390285204357,1328390285204603,246,1328390285204357.bin,1328390285204357.jpg,1328390285204357.jpg,1328390285204357.jpg,1328390285204357.jpg,1328390285204357.jpg
1328390285404252,1328390285403663,589,1328390285404252.bin,1328390285404252.jpg,1328390285404252.jpg,1328390285404252.jpg,1328390285404252.jpg,1328390285404252.jpg
1328390285604217,1328390285603716,501,1328390285604217.bin,1328390285604217.jpg,1328390285604217.jpg,1328390285604217.jpg,1328390285604217.jpg,1328390285604217.jpg
1328390285804182,1328390285803741,441,1328390285804182.bin,1328390285804182.jpg,1328390285804182.jpg,1328390285804182.jpg,1328390285804182.jpg,1328390285804182.jpg
1328390286004140,1328390286004339,199,1328390286004140.bin,1328390286004140.jpg,1328390286004140.jpg,1328390286004140.jpg,1328390286004140.jpg,1328390286004140.jpg
1328390286204116,1328390286203732,384,1328390286204116.bin,1328390286204116.jpg,1328390286204116.jpg,1328390286204116.jpg,1328390286204116.jpg,1328390286204116.jpg
1328390286404083,1328390286407324,3241,1328390286404083.bin,1328390286404083.jpg,1328390286404083.jpg,1328390286404083.jpg,1328390286404083.jpg,1328390286404083.jpg
1328390286604051,1328390286603827,224,1328390286604051.bin,1328390286604051.jpg,1328390286604051.jpg,1328390286604051.jpg,1328390286604051.jpg,1328390286604051.jpg
1328390286804019,1328390286803869,150,1328390286804019.bin,1328390286804019.jpg,1328390286804019.jpg,1328390286804019.jpg,1328390286804019.jpg,1328390286804019.jpg
1328390287003985,1328390287003730,255,1328390287003985.bin,1328390287003985.jpg,1328390287003985.jpg,1328390287003985.jpg,1328390287003985.jpg,1328390287003985.jpg
1328390287203968,1328390287203265,703,1328390287203968.bin,1328390287203968.jpg,1328390287203968.jpg,1328390287203968.jpg,1328390287203968.jpg,1328390287203968.jpg
1328390287403920,1328390287404477,557,1328390287403920.bin,1328390287403920.jpg,1328390287403920.jpg,1328390287403920.jpg,1328390287403920.jpg,1328390287403920.jpg
1328390287603899,1328390287603957,58,1328390287603899.bin,1328390287603899.jpg,1328390287603899.jpg,1328390287603899.jpg,1328390287603899.jpg,1328390287603899.jpg
1328390287803853,1328390287804487,634,1328390287803853.bin,1328390287803853.jpg,1328390287803853.jpg,1328390287803853.jpg,1328390287803853.jpg,1328390287803853.jpg
1328390288003824,1328390288003571,253,1328390288003824.bin,1328390288003824.jpg,1328390288003824.jpg,1328390288003824.jpg,1328390288003824.jpg,1328390288003824.jpg
1328390288203806,1328390288203540,266,1328390288203806.bin,1328390288203806.jpg,1328390288203806.jpg,1328390288203806.jpg,1328390288203806.jpg,1328390288203806.jpg
1328390288403756,1328390288405732,1976,1328390288403756.bin,1328390288403756.jpg,1328390288403756.jpg,1328390288403756.jpg,1328390288403756.jpg,1328390288403756.jpg
1328390288603726,1328390288603712,14,1328390288603726.bin,1328390288603726.jpg,1328390288603726.jpg,1328390288603726.jpg,1328390288603726.jpg,1328390288603726.jpg
1328390288803706,1328390288803603,103,1328390288803706.bin,1328390288803706.jpg,1328390288803706.jpg,1328390288803706.jpg,1328390288803706.jpg,1328390288803706.jpg
1328390289003651,1328390289003576,75,1328390289003651.bin,1328390289003651.jpg,1328390289003651.jpg,1328390289003651.jpg,1328390289003651.jpg,1328390289003651.jpg
1328390289203625,1328390289203846,221,1328390289203625.bin,1328390289203625.jpg,1328390289203625.jpg,1328390289203625.jpg,1328390289203625.jpg,1328390289203625.jpg
1328390289404018,1328390289404675,657,1328390289404018.bin,1328390289404018.jpg,1328390289404018.jpg,1328390289404018.jpg,1328390289404018.jpg,1328390289404018.jpg
1328390289603558,1328390289603553,5,1328390289603558.bin,1328390289603558.jpg,1328390289603558.jpg,1328390289603558.jpg,1328390289603558.jpg,1328390289603558.jpg
1328390289803546,1328390289803697,151,1328390289803546.bin,1328390289803546.jpg,1328390289803546.jpg,1328390289803546.jpg,1328390289803546.jpg,1328390289803546.jpg
1328390290003497,1328390290003557,60,1328390290003497.bin,1328390290003497.jpg,1328390290003497.jpg,1328390290003497.jpg,1328390290003497.jpg,1328390290003497.jpg
1328390290203462,1328390290203937,475,1328390290203462.bin,1328390290203462.jpg,1328390290203462.jpg,1328390290203462.jpg,1328390290203462.jpg,1328390290203462.jpg
1328390290403430,1328390290407826,4396,1328390290403430.bin,1328390290403430.jpg,1328390290403430.jpg,1328390290403430.jpg,1328390290403430.jpg,1328390290403430.jpg
1328390290603577,1328390290603538,39,1328390290603577.bin,1328390290603577.jpg,1328390290603577.jpg,1328390290603577.jpg,1328390290603577.jpg,1328390290603577.jpg
1328390290803366,1328390290803621,255,1328390290803366.bin,1328390290803366.jpg,1328390290803366.jpg,1328390290803366.jpg,1328390290803366.jpg,1328390290803366.jpg
1328390291003323,1328390291003903,580,1328390291003323.bin,1328390291003323.jpg,1328390291003323.jpg,1328390291003323.jpg,1328390291003323.jpg,1328390291003323.jpg
1328390291203343,1328390291204007,664,1328390291203343.bin,1328390291203343.jpg,1328390291203343.jpg,1328390291203343.jpg,1328390291203343.jpg,1328390291203343.jpg
1328390291403304,1328390291404843,1539,1328390291403304.bin,1328390291403304.jpg,1328390291403304.jpg,1328390291403304.jpg,1328390291403304.jpg,1328390291403304.jpg
1328390291603238,1328390291603722,484,1328390291603238.bin,1328390291603238.jpg,1328390291603238.jpg,1328390291603238.jpg,1328390291603238.jpg,1328390291603238.jpg
1328390291803202,1328390291803938,736,1328390291803202.bin,1328390291803202.jpg,1328390291803202.jpg,1328390291803202.jpg,1328390291803202.jpg,1328390291803202.jpg
1328390292003171,1328390292004787,1616,1328390292003171.bin,1328390292003171.jpg,1328390292003171.jpg,1328390292003171.jpg,1328390292003171.jpg,1328390292003171.jpg
1328390292203134,1328390292203758,624,1328390292203134.bin,1328390292203134.jpg,1328390292203134.jpg,1328390292203134.jpg,1328390292203134.jpg,1328390292203134.jpg
1328390292403101,1328390292403158,57,1328390292403101.bin,1328390292403101.jpg,1328390292403101.jpg,1328390292403101.jpg,1328390292403101.jpg,1328390292403101.jpg
1328390292603059,1328390292603907,848,1328390292603059.bin,1328390292603059.jpg,1328390292603059.jpg,1328390292603059.jpg,1328390292603059.jpg,1328390292603059.jpg
1328390292803034,1328390292804062,1028,1328390292803034.bin,1328390292803034.jpg,1328390292803034.jpg,1328390292803034.jpg,1328390292803034.jpg,1328390292803034.jpg
1328390293003002,1328390293004174,1172,1328390293003002.bin,1328390293003002.jpg,1328390293003002.jpg,1328390293003002.jpg,1328390293003002.jpg,1328390293003002.jpg
1328390293202970,1328390293203743,773,1328390293202970.bin,1328390293202970.jpg,1328390293202970.jpg,1328390293202970.jpg,1328390293202970.jpg,1328390293202970.jpg
1328390293402940,1328390293404820,1880,1328390293402940.bin,1328390293402940.jpg,1328390293402940.jpg,1328390293402940.jpg,1328390293402940.jpg,1328390293402940.jpg
1328390293602906,1328390293603968,1062,1328390293602906.bin,1328390293602906.jpg,1328390293602906.jpg,1328390293602906.jpg,1328390293602906.jpg,1328390293602906.jpg
1328390293802877,1328390293804185,1308,1328390293802877.bin,1328390293802877.jpg,1328390293802877.jpg,1328390293802877.jpg,1328390293802877.jpg,1328390293802877.jpg
1328390294002834,1328390294003561,727,1328390294002834.bin,1328390294002834.jpg,1328390294002834.jpg,1328390294002834.jpg,1328390294002834.jpg,1328390294002834.jpg
1328390294202841,1328390294203799,958,1328390294202841.bin,1328390294202841.jpg,1328390294202841.jpg,1328390294202841.jpg,1328390294202841.jpg,1328390294202841.jpg
1328390294402789,1328390294403946,1157,1328390294402789.bin,1328390294402789.jpg,1328390294402789.jpg,1328390294402789.jpg,1328390294402789.jpg,1328390294402789.jpg
1328390294602742,1328390294602100,642,1328390294602742.bin,1328390294602742.jpg,1328390294602742.jpg,1328390294602742.jpg,1328390294602742.jpg,1328390294602742.jpg
1328390294802712,1328390294803197,485,1328390294802712.bin,1328390294802712.jpg,1328390294802712.jpg,1328390294802712.jpg,1328390294802712.jpg,1328390294802712.jpg
1328390295002670,1328390295004959,2289,1328390295002670.bin,1328390295002670.jpg,1328390295002670.jpg,1328390295002670.jpg,1328390295002670.jpg,1328390295002670.jpg
1328390295202642,1328390295203863,1221,1328390295202642.bin,1328390295202642.jpg,1328390295202642.jpg,1328390295202642.jpg,1328390295202642.jpg,1328390295202642.jpg
1328390295402603,1328390295403647,1044,1328390295402603.bin,1328390295402603.jpg,1328390295402603.jpg,1328390295402603.jpg,1328390295402603.jpg,1328390295402603.jpg
1328390295602598,1328390295603715,1117,1328390295602598.bin,1328390295602598.jpg,1328390295602598.jpg,1328390295602598.jpg,1328390295602598.jpg,1328390295602598.jpg
1328390295802539,1328390295801942,597,1328390295802539.bin,1328390295802539.jpg,1328390295802539.jpg,1328390295802539.jpg,1328390295802539.jpg,1328390295802539.jpg
1328390296002507,1328390296003172,665,1328390296002507.bin,1328390296002507.jpg,1328390296002507.jpg,1328390296002507.jpg,1328390296002507.jpg,1328390296002507.jpg
1328390296202481,1328390296203985,1504,1328390296202481.bin,1328390296202481.jpg,1328390296202481.jpg,1328390296202481.jpg,1328390296202481.jpg,1328390296202481.jpg
1328390296402449,1328390296404848,2399,1328390296402449.bin,1328390296402449.jpg,1328390296402449.jpg,1328390296402449.jpg,1328390296402449.jpg,1328390296402449.jpg
1328390296602440,1328390296603735,1295,1328390296602440.bin,1328390296602440.jpg,1328390296602440.jpg,1328390296602440.jpg,1328390296602440.jpg,1328390296602440.jpg
1328390296802385,1328390296803857,1472,1328390296802385.bin,1328390296802385.jpg,1328390296802385.jpg,1328390296802385.jpg,1328390296802385.jpg,1328390296802385.jpg
1328390297002342,1328390297004966,2624,1328390297002342.bin,1328390297002342.jpg,1328390297002342.jpg,1328390297002342.jpg,1328390297002342.jpg,1328390297002342.jpg
1328390297202320,1328390297203660,1340,1328390297202320.bin,1328390297202320.jpg,1328390297202320.jpg,1328390297202320.jpg,1328390297202320.jpg,1328390297202320.jpg
1328390297402283,1328390297403807,1524,1328390297402283.bin,1328390297402283.jpg,1328390297402283.jpg,1328390297402283.jpg,1328390297402283.jpg,1328390297402283.jpg
1328390297602290,1328390297604332,2042,1328390297602290.bin,1328390297602290.jpg,1328390297602290.jpg,1328390297602290.jpg,1328390297602290.jpg,1328390297602290.jpg
1328390297802220,1328390297793793,8427,1328390297802220.bin,1328390297802220.jpg,1328390297802220.jpg,1328390297802220.jpg,1328390297802220.jpg,1328390297802220.jpg
1328390298002187,1328390298004937,2750,1328390298002187.bin,1328390298002187.jpg,1328390298002187.jpg,1328390298002187.jpg,1328390298002187.jpg,1328390298002187.jpg
1328390298202154,1328390298203637,1483,1328390298202154.bin,1328390298202154.jpg,1328390298202154.jpg,1328390298202154.jpg,1328390298202154.jpg,1328390298202154.jpg
1328390298402119,1328390298400910,1209,1328390298402119.bin,1328390298402119.jpg,1328390298402119.jpg,1328390298402119.jpg,1328390298402119.jpg,1328390298402119.jpg
1328390298602079,1328390298602122,43,1328390298602079.bin,1328390298602079.jpg,1328390298602079.jpg,1328390298602079.jpg,1328390298602079.jpg,1328390298602079.jpg
1328390298802057,1328390298801011,1046,1328390298802057.bin,1328390298802057.jpg,1328390298802057.jpg,1328390298802057.jpg,1328390298802057.jpg,1328390298802057.jpg
1328390299002040,1328390299001519,521,1328390299002040.bin,1328390299002040.jpg,1328390299002040.jpg,1328390299002040.jpg,1328390299002040.jpg,1328390299002040.jpg
1328390299201990,1328390299201989,1,1328390299201990.bin,1328390299201990.jpg,1328390299201990.jpg,1328390299201990.jpg,1328390299201990.jpg,1328390299201990.jpg
1328390299401964,1328390299402408,444,1328390299401964.bin,1328390299401964.jpg,1328390299401964.jpg,1328390299401964.jpg,1328390299401964.jpg,1328390299401964.jpg
1328390299603420,1328390299602022,1398,1328390299603420.bin,1328390299603420.jpg,1328390299603420.jpg,1328390299603420.jpg,1328390299603420.jpg,1328390299603420.jpg
1328390299801889,1328390299803288,1399,1328390299801889.bin,1328390299801889.jpg,1328390299801889.jpg,1328390299801889.jpg,1328390299801889.jpg,1328390299801889.jpg
1328390300001849,1328390300003746,1897,1328390300001849.bin,1328390300001849.jpg,1328390300001849.jpg,1328390300001849.jpg,1328390300001849.jpg,1328390300001849.jpg
1328390300201828,1328390300203921,2093,1328390300201828.bin,1328390300201828.jpg,1328390300201828.jpg,1328390300201828.jpg,1328390300201828.jpg,1328390300201828.jpg
1328390300401819,1328390300404043,2224,1328390300401819.bin,1328390300401819.jpg,1328390300401819.jpg,1328390300401819.jpg,1328390300401819.jpg,1328390300401819.jpg
1328390300601762,1328390300603646,1884,1328390300601762.bin,1328390300601762.jpg,1328390300601762.jpg,1328390300601762.jpg,1328390300601762.jpg,1328390300601762.jpg
1328390300801734,1328390300803765,2031,1328390300801734.bin,1328390300801734.jpg,1328390300801734.jpg,1328390300801734.jpg,1328390300801734.jpg,1328390300801734.jpg
1328390301001722,1328390301003875,2153,1328390301001722.bin,1328390301001722.jpg,1328390301001722.jpg,1328390301001722.jpg,1328390301001722.jpg,1328390301001722.jpg
1328390301201662,1328390301203774,2112,1328390301201662.bin,1328390301201662.jpg,1328390301201662.jpg,1328390301201662.jpg,1328390301201662.jpg,1328390301201662.jpg
1328390301401630,1328390301403697,2067,1328390301401630.bin,1328390301401630.jpg,1328390301401630.jpg,1328390301401630.jpg,1328390301401630.jpg,1328390301401630.jpg
1328390301601596,1328390301603701,2105,1328390301601596.bin,1328390301601596.jpg,1328390301601596.jpg,1328390301601596.jpg,1328390301601596.jpg,1328390301601596.jpg
1328390301801565,1328390301799587,1978,1328390301801565.bin,1328390301801565.jpg,1328390301801565.jpg,1328390301801565.jpg,1328390301801565.jpg,1328390301801565.jpg
1328390302001544,1328390302000763,781,1328390302001544.bin,1328390302001544.jpg,1328390302001544.jpg,1328390302001544.jpg,1328390302001544.jpg,1328390302001544.jpg
1328390302201499,1328390302203717,2218,1328390302201499.bin,1328390302201499.jpg,1328390302201499.jpg,1328390302201499.jpg,1328390302201499.jpg,1328390302201499.jpg
1328390302401466,1328390302403683,2217,1328390302401466.bin,1328390302401466.jpg,1328390302401466.jpg,1328390302401466.jpg,1328390302401466.jpg,1328390302401466.jpg
1328390302601434,1328390302604047,2613,1328390302601434.bin,1328390302601434.jpg,1328390302601434.jpg,1328390302601434.jpg,1328390302601434.jpg,1328390302601434.jpg
1328390302801395,1328390302803861,2466,1328390302801395.bin,1328390302801395.jpg,1328390302801395.jpg,1328390302801395.jpg,1328390302801395.jpg,1328390302801395.jpg
1328390303001370,1328390303004073,2703,1328390303001370.bin,1328390303001370.jpg,1328390303001370.jpg,1328390303001370.jpg,1328390303001370.jpg,1328390303001370.jpg
1328390303201335,1328390303204027,2692,1328390303201335.bin,1328390303201335.jpg,1328390303201335.jpg,1328390303201335.jpg,1328390303201335.jpg,1328390303201335.jpg
1328390303401300,1328390303403977,2677,1328390303401300.bin,1328390303401300.jpg,1328390303401300.jpg,1328390303401300.jpg,1328390303401300.jpg,1328390303401300.jpg
1328390303602101,1328390303603614,1513,1328390303602101.bin,1328390303602101.jpg,1328390303602101.jpg,1328390303602101.jpg,1328390303602101.jpg,1328390303602101.jpg
1328390303801234,1328390303795684,5550,1328390303801234.bin,1328390303801234.jpg,1328390303801234.jpg,1328390303801234.jpg,1328390303801234.jpg,1328390303801234.jpg
1328390304001222,1328390304004022,2800,1328390304001222.bin,1328390304001222.jpg,1328390304001222.jpg,1328390304001222.jpg,1328390304001222.jpg,1328390304001222.jpg
1328390304201171,1328390304203724,2553,1328390304201171.bin,1328390304201171.jpg,1328390304201171.jpg,1328390304201171.jpg,1328390304201171.jpg,1328390304201171.jpg
1328390304401141,1328390304403695,2554,1328390304401141.bin,1328390304401141.jpg,1328390304401141.jpg,1328390304401141.jpg,1328390304401141.jpg,1328390304401141.jpg
1328390304601102,1328390304603707,2605,1328390304601102.bin,1328390304601102.jpg,1328390304601102.jpg,1328390304601102.jpg,1328390304601102.jpg,1328390304601102.jpg
1328390304801073,1328390304797054,4019,1328390304801073.bin,1328390304801073.jpg,1328390304801073.jpg,1328390304801073.jpg,1328390304801073.jpg,1328390304801073.jpg
1328390305001044,1328390305003724,2680,1328390305001044.bin,1328390305001044.jpg,1328390305001044.jpg,1328390305001044.jpg,1328390305001044.jpg,1328390305001044.jpg
1328390305201036,1328390305203868,2832,1328390305201036.bin,1328390305201036.jpg,1328390305201036.jpg,1328390305201036.jpg,1328390305201036.jpg,1328390305201036.jpg
1328390305400977,1328390305403939,2962,1328390305400977.bin,1328390305400977.jpg,1328390305400977.jpg,1328390305400977.jpg,1328390305400977.jpg,1328390305400977.jpg
1328390305600932,1328390305603552,2620,1328390305600932.bin,1328390305600932.jpg,1328390305600932.jpg,1328390305600932.jpg,1328390305600932.jpg,1328390305600932.jpg
1328390305800911,1328390305803665,2754,1328390305800911.bin,1328390305800911.jpg,1328390305800911.jpg,1328390305800911.jpg,1328390305800911.jpg,1328390305800911.jpg
1328390306000888,1328390306003825,2937,1328390306000888.bin,1328390306000888.jpg,1328390306000888.jpg,1328390306000888.jpg,1328390306000888.jpg,1328390306000888.jpg
1328390306200846,1328390306203966,3120,1328390306200846.bin,1328390306200846.jpg,1328390306200846.jpg,1328390306200846.jpg,1328390306200846.jpg,1328390306200846.jpg
1328390306400809,1328390306403783,2974,1328390306400809.bin,1328390306400809.jpg,1328390306400809.jpg,1328390306400809.jpg,1328390306400809.jpg,1328390306400809.jpg
1328390306600781,1328390306603596,2815,1328390306600781.bin,1328390306600781.jpg,1328390306600781.jpg,1328390306600781.jpg,1328390306600781.jpg,1328390306600781.jpg
1328390307000717,1328390307003921,3204,1328390307000717.bin,1328390307000717.jpg,1328390307000717.jpg,1328390307000717.jpg,1328390307000717.jpg,1328390307000717.jpg
1328390307200678,1328390307203624,2946,1328390307200678.bin,1328390307200678.jpg,1328390307200678.jpg,1328390307200678.jpg,1328390307200678.jpg,1328390307200678.jpg
1328390307400651,1328390307403676,3025,1328390307400651.bin,1328390307400651.jpg,1328390307400651.jpg,1328390307400651.jpg,1328390307400651.jpg,1328390307400651.jpg
1328390307600606,1328390307598609,1997,1328390307600606.bin,1328390307600606.jpg,1328390307600606.jpg,1328390307600606.jpg,1328390307600606.jpg,1328390307600606.jpg
1328390307800583,1328390307804019,3436,1328390307800583.bin,1328390307800583.jpg,1328390307800583.jpg,1328390307800583.jpg,1328390307800583.jpg,1328390307800583.jpg
1328390308000540,1328390307997303,3237,1328390308000540.bin,1328390308000540.jpg,1328390308000540.jpg,1328390308000540.jpg,1328390308000540.jpg,1328390308000540.jpg
1328390308200520,1328390308197791,2729,1328390308200520.bin,1328390308200520.jpg,1328390308200520.jpg,1328390308200520.jpg,1328390308200520.jpg,1328390308200520.jpg
1328390308400483,1328390308398273,2210,1328390308400483.bin,1328390308400483.jpg,1328390308400483.jpg,1328390308400483.jpg,1328390308400483.jpg,1328390308400483.jpg
1328390308600450,1328390308598764,1686,1328390308600450.bin,1328390308600450.jpg,1328390308600450.jpg,1328390308600450.jpg,1328390308600450.jpg,1328390308600450.jpg
1328390308800417,1328390308799252,1165,1328390308800417.bin,1328390308800417.jpg,1328390308800417.jpg,1328390308800417.jpg,1328390308800417.jpg,1328390308800417.jpg
1328390309000386,1328390308999653,733,1328390309000386.bin,1328390309000386.jpg,1328390309000386.jpg,1328390309000386.jpg,1328390309000386.jpg,1328390309000386.jpg
1328390309200354,1328390309199433,921,1328390309200354.bin,1328390309200354.jpg,1328390309200354.jpg,1328390309200354.jpg,1328390309200354.jpg,1328390309200354.jpg
1328390309400322,1328390309400622,300,1328390309400322.bin,1328390309400322.jpg,1328390309400322.jpg,1328390309400322.jpg,1328390309400322.jpg,1328390309400322.jpg
1328390309600281,1328390309601103,822,1328390309600281.bin,1328390309600281.jpg,1328390309600281.jpg,1328390309600281.jpg,1328390309600281.jpg,1328390309600281.jpg
1328390309800257,1328390309799568,689,1328390309800257.bin,1328390309800257.jpg,1328390309800257.jpg,1328390309800257.jpg,1328390309800257.jpg,1328390309800257.jpg
1328390310000214,1328390310000674,460,1328390310000214.bin,1328390310000214.jpg,1328390310000214.jpg,1328390310000214.jpg,1328390310000214.jpg,1328390310000214.jpg
1328390310200190,1328390310202536,2346,1328390310200190.bin,1328390310200190.jpg,1328390310200190.jpg,1328390310200190.jpg,1328390310200190.jpg,1328390310200190.jpg
1328390310400155,1328390310402959,2804,1328390310400155.bin,1328390310400155.jpg,1328390310400155.jpg,1328390310400155.jpg,1328390310400155.jpg,1328390310400155.jpg
1328390310600124,1328390310603583,3459,1328390310600124.bin,1328390310600124.jpg,1328390310600124.jpg,1328390310600124.jpg,1328390310600124.jpg,1328390310600124.jpg
1328390310800090,1328390310797215,2875,1328390310800090.bin,1328390310800090.jpg,1328390310800090.jpg,1328390310800090.jpg,1328390310800090.jpg,1328390310800090.jpg
1328390311000051,1328390311005160,5109,1328390311000051.bin,1328390311000051.jpg,1328390311000051.jpg,1328390311000051.jpg,1328390311000051.jpg,1328390311000051.jpg
1328390311200027,1328390311203642,3615,1328390311200027.bin,1328390311200027.jpg,1328390311200027.jpg,1328390311200027.jpg,1328390311200027.jpg,1328390311200027.jpg
1328390311399996,1328390311404832,4836,1328390311399996.bin,1328390311399996.jpg,1328390311399996.jpg,1328390311399996.jpg,1328390311399996.jpg,1328390311399996.jpg
1328390311599960,1328390311596809,3151,1328390311599960.bin,1328390311599960.jpg,1328390311599960.jpg,1328390311599960.jpg,1328390311599960.jpg,1328390311599960.jpg
1328390311799930,1328390311797929,2001,1328390311799930.bin,1328390311799930.jpg,1328390311799930.jpg,1328390311799930.jpg,1328390311799930.jpg,1328390311799930.jpg
1328390311999911,1328390311994893,5018,1328390311999911.bin,1328390311999911.jpg,1328390311999911.jpg,1328390311999911.jpg,1328390311999911.jpg,1328390311999911.jpg
1328390312199872,1328390312196084,3788,1328390312199872.bin,1328390312199872.jpg,1328390312199872.jpg,1328390312199872.jpg,1328390312199872.jpg,1328390312199872.jpg
1328390312399829,1328390312397537,2292,1328390312399829.bin,1328390312399829.jpg,1328390312399829.jpg,1328390312399829.jpg,1328390312399829.jpg,1328390312399829.jpg
1328390312599790,1328390312598789,1001,1328390312599790.bin,1328390312599790.jpg,1328390312599790.jpg,1328390312599790.jpg,1328390312599790.jpg,1328390312599790.jpg
1328390312799768,1328390312800189,421,1328390312799768.bin,1328390312799768.jpg,1328390312799768.jpg,1328390312799768.jpg,1328390312799768.jpg,1328390312799768.jpg
1328390312999735,1328390313001369,1634,1328390312999735.bin,1328390312999735.jpg,1328390312999735.jpg,1328390312999735.jpg,1328390312999735.jpg,1328390312999735.jpg
1328390313199702,1328390313202583,2881,1328390313199702.bin,1328390313199702.jpg,1328390313199702.jpg,1328390313199702.jpg,1328390313199702.jpg,1328390313199702.jpg
1328390313399667,1328390313403876,4209,1328390313399667.bin,1328390313399667.jpg,1328390313399667.jpg,1328390313399667.jpg,1328390313399667.jpg,1328390313399667.jpg
1328390313599634,1328390313597384,2250,1328390313599634.bin,1328390313599634.jpg,1328390313599634.jpg,1328390313599634.jpg,1328390313599634.jpg,1328390313599634.jpg
1328390313799666,1328390313798520,1146,1328390313799666.bin,1328390313799666.jpg,1328390313799666.jpg,1328390313799666.jpg,1328390313799666.jpg,1328390313799666.jpg
1328390313999569,1328390313999763,194,1328390313999569.bin,1328390313999569.jpg,1328390313999569.jpg,1328390313999569.jpg,1328390313999569.jpg,1328390313999569.jpg
1328390314199534,1328390314203874,4340,1328390314199534.bin,1328390314199534.jpg,1328390314199534.jpg,1328390314199534.jpg,1328390314199534.jpg,1328390314199534.jpg
1328390314399505,1328390314403635,4130,1328390314399505.bin,1328390314399505.jpg,1328390314399505.jpg,1328390314399505.jpg,1328390314399505.jpg,1328390314399505.jpg
1328390314599460,1328390314604030,4570,1328390314599460.bin,1328390314599460.jpg,1328390314599460.jpg,1328390314599460.jpg,1328390314599460.jpg,1328390314599460.jpg
1328390314799463,1328390314803673,4210,1328390314799463.bin,1328390314799463.jpg,1328390314799463.jpg,1328390314799463.jpg,1328390314799463.jpg,1328390314799463.jpg
1328390314999409,1328390315003982,4573,1328390314999409.bin,1328390314999409.jpg,1328390314999409.jpg,1328390314999409.jpg,1328390314999409.jpg,1328390314999409.jpg
1328390315199372,1328390315197111,2261,1328390315199372.bin,1328390315199372.jpg,1328390315199372.jpg,1328390315199372.jpg,1328390315199372.jpg,1328390315199372.jpg
1328390315399357,1328390315398360,997,1328390315399357.bin,1328390315399357.jpg,1328390315399357.jpg,1328390315399357.jpg,1328390315399357.jpg,1328390315399357.jpg
1328390315599305,1328390315599550,245,1328390315599305.bin,1328390315599305.jpg,1328390315599305.jpg,1328390315599305.jpg,1328390315599305.jpg,1328390315599305.jpg
1328390315799272,1328390315803585,4313,1328390315799272.bin,1328390315799272.jpg,1328390315799272.jpg,1328390315799272.jpg,1328390315799272.jpg,1328390315799272.jpg
1328390315999233,1328390315993888,5345,1328390315999233.bin,1328390315999233.jpg,1328390315999233.jpg,1328390315999233.jpg,1328390315999233.jpg,1328390315999233.jpg
1328390316199211,1328390316203927,4716,1328390316199211.bin,1328390316199211.jpg,1328390316199211.jpg,1328390316199211.jpg,1328390316199211.jpg,1328390316199211.jpg
1328390316399182,1328390316403584,4402,1328390316399182.bin,1328390316399182.jpg,1328390316399182.jpg,1328390316399182.jpg,1328390316399182.jpg,1328390316399182.jpg
1328390316599141,1328390316594892,4249,1328390316599141.bin,1328390316599141.jpg,1328390316599141.jpg,1328390316599141.jpg,1328390316599141.jpg,1328390316599141.jpg
1328390316799131,1328390316796021,3110,1328390316799131.bin,1328390316799131.jpg,1328390316799131.jpg,1328390316799131.jpg,1328390316799131.jpg,1328390316799131.jpg
1328390316999077,1328390316997175,1902,1328390316999077.bin,1328390316999077.jpg,1328390316999077.jpg,1328390316999077.jpg,1328390316999077.jpg,1328390316999077.jpg
1328390317199045,1328390317198282,763,1328390317199045.bin,1328390317199045.jpg,1328390317199045.jpg,1328390317199045.jpg,1328390317199045.jpg,1328390317199045.jpg
1328390317399018,1328390317403677,4659,1328390317399018.bin,1328390317399018.jpg,1328390317399018.jpg,1328390317399018.jpg,1328390317399018.jpg,1328390317399018.jpg
1328390317598982,1328390317603961,4979,1328390317598982.bin,1328390317598982.jpg,1328390317598982.jpg,1328390317598982.jpg,1328390317598982.jpg,1328390317598982.jpg
1328390317798949,1328390317794059,4890,1328390317798949.bin,1328390317798949.jpg,1328390317798949.jpg,1328390317798949.jpg,1328390317798949.jpg,1328390317798949.jpg
1328390317998907,1328390317996589,2318,1328390317998907.bin,1328390317998907.jpg,1328390317998907.jpg,1328390317998907.jpg,1328390317998907.jpg,1328390317998907.jpg
1328390318198883,1328390318197692,1191,1328390318198883.bin,1328390318198883.jpg,1328390318198883.jpg,1328390318198883.jpg,1328390318198883.jpg,1328390318198883.jpg
1328390318398847,1328390318399873,1026,1328390318398847.bin,1328390318398847.jpg,1328390318398847.jpg,1328390318398847.jpg,1328390318398847.jpg,1328390318398847.jpg
1328390318598817,1328390318601042,2225,1328390318598817.bin,1328390318598817.jpg,1328390318598817.jpg,1328390318598817.jpg,1328390318598817.jpg,1328390318598817.jpg
1328390318798780,1328390318794082,4698,1328390318798780.bin,1328390318798780.jpg,1328390318798780.jpg,1328390318798780.jpg,1328390318798780.jpg,1328390318798780.jpg
1328390318998751,1328390319003622,4871,1328390318998751.bin,1328390318998751.jpg,1328390318998751.jpg,1328390318998751.jpg,1328390318998751.jpg,1328390318998751.jpg
1328390319198715,1328390319193777,4938,1328390319198715.bin,1328390319198715.jpg,1328390319198715.jpg,1328390319198715.jpg,1328390319198715.jpg,1328390319198715.jpg
1328390319398684,1328390319393943,4741,1328390319398684.bin,1328390319398684.jpg,1328390319398684.jpg,1328390319398684.jpg,1328390319398684.jpg,1328390319398684.jpg
1328390319598652,1328390319593735,4917,1328390319598652.bin,1328390319598652.jpg,1328390319598652.jpg,1328390319598652.jpg,1328390319598652.jpg,1328390319598652.jpg
1328390319798618,1328390319793978,4640,1328390319798618.bin,1328390319798618.jpg,1328390319798618.jpg,1328390319798618.jpg,1328390319798618.jpg,1328390319798618.jpg
1328390319998616,1328390319992961,5655,1328390319998616.bin,1328390319998616.jpg,1328390319998616.jpg,1328390319998616.jpg,1328390319998616.jpg,1328390319998616.jpg
1328390320198554,1328390320199915,1361,1328390320198554.bin,1328390320198554.jpg,1328390320198554.jpg,1328390320198554.jpg,1328390320198554.jpg,1328390320198554.jpg
1328390320398538,1328390320401124,2586,1328390320398538.bin,1328390320398538.jpg,1328390320398538.jpg,1328390320398538.jpg,1328390320398538.jpg,1328390320398538.jpg
1328390320598478,1328390320602617,4139,1328390320598478.bin,1328390320598478.jpg,1328390320598478.jpg,1328390320598478.jpg,1328390320598478.jpg,1328390320598478.jpg
1328390320798456,1328390320796500,1956,1328390320798456.bin,1328390320798456.jpg,1328390320798456.jpg,1328390320798456.jpg,1328390320798456.jpg,1328390320798456.jpg
1328390320998450,1328390320997687,763,1328390320998450.bin,1328390320998450.jpg,1328390320998450.jpg,1328390320998450.jpg,1328390320998450.jpg,1328390320998450.jpg
1328390321198393,1328390321198830,437,1328390321198393.bin,1328390321198393.jpg,1328390321198393.jpg,1328390321198393.jpg,1328390321198393.jpg,1328390321198393.jpg
1328390321398370,1328390321400031,1661,1328390321398370.bin,1328390321398370.jpg,1328390321398370.jpg,1328390321398370.jpg,1328390321398370.jpg,1328390321398370.jpg
1328390321598327,1328390321601230,2903,1328390321598327.bin,1328390321598327.jpg,1328390321598327.jpg,1328390321598327.jpg,1328390321598327.jpg,1328390321598327.jpg
1328390321798292,1328390321793891,4401,1328390321798292.bin,1328390321798292.jpg,1328390321798292.jpg,1328390321798292.jpg,1328390321798292.jpg,1328390321798292.jpg
1328390321998251,1328390321996270,1981,1328390321998251.bin,1328390321998251.jpg,1328390321998251.jpg,1328390321998251.jpg,1328390321998251.jpg,1328390321998251.jpg
1328390322198238,1328390322197337,901,1328390322198238.bin,1328390322198238.jpg,1328390322198238.jpg,1328390322198238.jpg,1328390322198238.jpg,1328390322198238.jpg
1328390322398192,1328390322398606,414,1328390322398192.bin,1328390322398192.jpg,1328390322398192.jpg,1328390322398192.jpg,1328390322398192.jpg,1328390322398192.jpg
1328390322598162,1328390322599804,1642,1328390322598162.bin,1328390322598162.jpg,1328390322598162.jpg,1328390322598162.jpg,1328390322598162.jpg,1328390322598162.jpg
1328390322798127,1328390322801020,2893,1328390322798127.bin,1328390322798127.jpg,1328390322798127.jpg,1328390322798127.jpg,1328390322798127.jpg,1328390322798127.jpg
1328390322998087,1328390322993549,4538,1328390322998087.bin,1328390322998087.jpg,1328390322998087.jpg,1328390322998087.jpg,1328390322998087.jpg,1328390322998087.jpg
1328390323198061,1328390323193619,4442,1328390323198061.bin,1328390323198061.jpg,1328390323198061.jpg,1328390323198061.jpg,1328390323198061.jpg,1328390323198061.jpg
1328390323398031,1328390323393981,4050,1328390323398031.bin,1328390323398031.jpg,1328390323398031.jpg,1328390323398031.jpg,1328390323398031.jpg,1328390323398031.jpg
1328390323598015,1328390323593945,4070,1328390323598015.bin,1328390323598015.jpg,1328390323598015.jpg,1328390323598015.jpg,1328390323598015.jpg,1328390323598015.jpg
1328390323797963,1328390323795480,2483,1328390323797963.bin,1328390323797963.jpg,1328390323797963.jpg,1328390323797963.jpg,1328390323797963.jpg,1328390323797963.jpg
1328390323997931,1328390323997624,307,1328390323997931.bin,1328390323997931.jpg,1328390323997931.jpg,1328390323997931.jpg,1328390323997931.jpg,1328390323997931.jpg
1328390324197903,1328390324198830,927,1328390324197903.bin,1328390324197903.jpg,1328390324197903.jpg,1328390324197903.jpg,1328390324197903.jpg,1328390324197903.jpg
1328390324397865,1328390324400006,2141,1328390324397865.bin,1328390324397865.jpg,1328390324397865.jpg,1328390324397865.jpg,1328390324397865.jpg,1328390324397865.jpg
1328390324597834,1328390324601213,3379,1328390324597834.bin,1328390324597834.jpg,1328390324597834.jpg,1328390324597834.jpg,1328390324597834.jpg,1328390324597834.jpg
1328390324797798,1328390324793633,4165,1328390324797798.bin,1328390324797798.jpg,1328390324797798.jpg,1328390324797798.jpg,1328390324797798.jpg,1328390324797798.jpg
1328390324997782,1328390324995382,2400,1328390324997782.bin,1328390324997782.jpg,1328390324997782.jpg,1328390324997782.jpg,1328390324997782.jpg,1328390324997782.jpg
1328390325197737,1328390325193886,3851,1328390325197737.bin,1328390325197737.jpg,1328390325197737.jpg,1328390325197737.jpg,1328390325197737.jpg,1328390325197737.jpg
1328390325397704,1328390325394936,2768,1328390325397704.bin,1328390325397704.jpg,1328390325397704.jpg,1328390325397704.jpg,1328390325397704.jpg,1328390325397704.jpg
1328390325597673,1328390325593884,3789,1328390325597673.bin,1328390325597673.jpg,1328390325597673.jpg,1328390325597673.jpg,1328390325597673.jpg,1328390325597673.jpg
1328390325797637,1328390325795988,1649,1328390325797637.bin,1328390325797637.jpg,1328390325797637.jpg,1328390325797637.jpg,1328390325797637.jpg,1328390325797637.jpg
1328390325997595,1328390325997167,428,1328390325997595.bin,1328390325997595.jpg,1328390325997595.jpg,1328390325997595.jpg,1328390325997595.jpg,1328390325997595.jpg
1328390326197569,1328390326198378,809,1328390326197569.bin,1328390326197569.jpg,1328390326197569.jpg,1328390326197569.jpg,1328390326197569.jpg,1328390326197569.jpg
1328390326397540,1328390326399500,1960,1328390326397540.bin,1328390326397540.jpg,1328390326397540.jpg,1328390326397540.jpg,1328390326397540.jpg,1328390326397540.jpg
1328390326597506,1328390326600682,3176,1328390326597506.bin,1328390326597506.jpg,1328390326597506.jpg,1328390326597506.jpg,1328390326597506.jpg,1328390326597506.jpg
1328390326797477,1328390326794346,3131,1328390326797477.bin,1328390326797477.jpg,1328390326797477.jpg,1328390326797477.jpg,1328390326797477.jpg,1328390326797477.jpg
1328390326997466,1328390326993781,3685,1328390326997466.bin,1328390326997466.jpg,1328390326997466.jpg,1328390326997466.jpg,1328390326997466.jpg,1328390326997466.jpg
1328390327197411,1328390327194096,3315,1328390327197411.bin,1328390327197411.jpg,1328390327197411.jpg,1328390327197411.jpg,1328390327197411.jpg,1328390327197411.jpg
1328390327397384,1328390327393781,3603,1328390327397384.bin,1328390327397384.jpg,1328390327397384.jpg,1328390327397384.jpg,1328390327397384.jpg,1328390327397384.jpg
1328390327597353,1328390327593921,3432,1328390327597353.bin,1328390327597353.jpg,1328390327597353.jpg,1328390327597353.jpg,1328390327597353.jpg,1328390327597353.jpg
1328390327797308,1328390327793804,3504,1328390327797308.bin,1328390327797308.jpg,1328390327797308.jpg,1328390327797308.jpg,1328390327797308.jpg,1328390327797308.jpg
1328390327997275,1328390327993538,3737,1328390327997275.bin,1328390327997275.jpg,1328390327997275.jpg,1328390327997275.jpg,1328390327997275.jpg,1328390327997275.jpg
1328390328197243,1328390328193793,3450,1328390328197243.bin,1328390328197243.jpg,1328390328197243.jpg,1328390328197243.jpg,1328390328197243.jpg,1328390328197243.jpg
1328390328397210,1328390328393871,3339,1328390328397210.bin,1328390328397210.jpg,1328390328397210.jpg,1328390328397210.jpg,1328390328397210.jpg,1328390328397210.jpg
1328390328597179,1328390328595070,2109,1328390328597179.bin,1328390328597179.jpg,1328390328597179.jpg,1328390328597179.jpg,1328390328597179.jpg,1328390328597179.jpg
1328390328797154,1328390328796392,762,1328390328797154.bin,1328390328797154.jpg,1328390328797154.jpg,1328390328797154.jpg,1328390328797154.jpg,1328390328797154.jpg
1328390328997117,1328390328997515,398,1328390328997117.bin,1328390328997117.jpg,1328390328997117.jpg,1328390328997117.jpg,1328390328997117.jpg,1328390328997117.jpg
1328390329397048,1328390329393389,3659,1328390329397048.bin,1328390329397048.jpg,1328390329397048.jpg,1328390329397048.jpg,1328390329397048.jpg,1328390329397048.jpg
1328390329597031,1328390329593858,3173,1328390329597031.bin,1328390329597031.jpg,1328390329597031.jpg,1328390329597031.jpg,1328390329597031.jpg,1328390329597031.jpg
1328390329796986,1328390329795787,1199,1328390329796986.bin,1328390329796986.jpg,1328390329796986.jpg,1328390329796986.jpg,1328390329796986.jpg,1328390329796986.jpg
1328390329996952,1328390329994508,2444,1328390329996952.bin,1328390329996952.jpg,1328390329996952.jpg,1328390329996952.jpg,1328390329996952.jpg,1328390329996952.jpg
1328390330196915,1328390330194162,2753,1328390330196915.bin,1328390330196915.jpg,1328390330196915.jpg,1328390330196915.jpg,1328390330196915.jpg,1328390330196915.jpg
1328390330396884,1328390330393718,3166,1328390330396884.bin,1328390330396884.jpg,1328390330396884.jpg,1328390330396884.jpg,1328390330396884.jpg,1328390330396884.jpg
1328390330596851,1328390330593596,3255,1328390330596851.bin,1328390330596851.jpg,1328390330596851.jpg,1328390330596851.jpg,1328390330596851.jpg,1328390330596851.jpg
1328390330796818,1328390330795537,1281,1328390330796818.bin,1328390330796818.jpg,1328390330796818.jpg,1328390330796818.jpg,1328390330796818.jpg,1328390330796818.jpg
1328390330996776,1328390330999706,2930,1328390330996776.bin,1328390330996776.jpg,1328390330996776.jpg,1328390330996776.jpg,1328390330996776.jpg,1328390330996776.jpg
1328390331196756,1328390331193536,3220,1328390331196756.bin,1328390331196756.jpg,1328390331196756.jpg,1328390331196756.jpg,1328390331196756.jpg,1328390331196756.jpg
1328390331396721,1328390331393736,2985,1328390331396721.bin,1328390331396721.jpg,1328390331396721.jpg,1328390331396721.jpg,1328390331396721.jpg,1328390331396721.jpg
1328390331596686,1328390331595209,1477,1328390331596686.bin,1328390331596686.jpg,1328390331596686.jpg,1328390331596686.jpg,1328390331596686.jpg,1328390331596686.jpg
1328390331796654,1328390331796438,216,1328390331796654.bin,1328390331796654.jpg,1328390331796654.jpg,1328390331796654.jpg,1328390331796654.jpg,1328390331796654.jpg
1328390331996624,1328390331997403,779,1328390331996624.bin,1328390331996624.jpg,1328390331996624.jpg,1328390331996624.jpg,1328390331996624.jpg,1328390331996624.jpg
1328390332196588,1328390332195150,1438,1328390332196588.bin,1328390332196588.jpg,1328390332196588.jpg,1328390332196588.jpg,1328390332196588.jpg,1328390332196588.jpg
1328390332396557,1328390332396298,259,1328390332396557.bin,1328390332396557.jpg,1328390332396557.jpg,1328390332396557.jpg,1328390332396557.jpg,1328390332396557.jpg
1328390332596522,1328390332597455,933,1328390332596522.bin,1328390332596522.jpg,1328390332596522.jpg,1328390332596522.jpg,1328390332596522.jpg,1328390332596522.jpg
1328390332796493,1328390332798605,2112,1328390332796493.bin,1328390332796493.jpg,1328390332796493.jpg,1328390332796493.jpg,1328390332796493.jpg,1328390332796493.jpg
1328390332996459,1328390332993735,2724,1328390332996459.bin,1328390332996459.jpg,1328390332996459.jpg,1328390332996459.jpg,1328390332996459.jpg,1328390332996459.jpg
1328390333196425,1328390333194118,2307,1328390333196425.bin,1328390333196425.jpg,1328390333196425.jpg,1328390333196425.jpg,1328390333196425.jpg,1328390333196425.jpg
1328390333396391,1328390333395659,732,1328390333396391.bin,1328390333396391.jpg,1328390333396391.jpg,1328390333396391.jpg,1328390333396391.jpg,1328390333396391.jpg
1328390333596359,1328390333594131,2228,1328390333596359.bin,1328390333596359.jpg,1328390333596359.jpg,1328390333596359.jpg,1328390333596359.jpg,1328390333596359.jpg
1328390333796317,1328390333793926,2391,1328390333796317.bin,1328390333796317.jpg,1328390333796317.jpg,1328390333796317.jpg,1328390333796317.jpg,1328390333796317.jpg
1328390333996294,1328390333995691,603,1328390333996294.bin,1328390333996294.jpg,1328390333996294.jpg,1328390333996294.jpg,1328390333996294.jpg,1328390333996294.jpg
1328390334196260,1328390334196813,553,1328390334196260.bin,1328390334196260.jpg,1328390334196260.jpg,1328390334196260.jpg,1328390334196260.jpg,1328390334196260.jpg
1328390334396255,1328390334398253,1998,1328390334396255.bin,1328390334396255.jpg,1328390334396255.jpg,1328390334396255.jpg,1328390334396255.jpg,1328390334396255.jpg
1328390334596187,1328390334593664,2523,1328390334596187.bin,1328390334596187.jpg,1328390334596187.jpg,1328390334596187.jpg,1328390334596187.jpg,1328390334596187.jpg
1328390334796165,1328390334794339,1826,1328390334796165.bin,1328390334796165.jpg,1328390334796165.jpg,1328390334796165.jpg,1328390334796165.jpg,1328390334796165.jpg
1328390334996135,1328390334993654,2481,1328390334996135.bin,1328390334996135.jpg,1328390334996135.jpg,1328390334996135.jpg,1328390334996135.jpg,1328390334996135.jpg
1328390335196096,1328390335195277,819,1328390335196096.bin,1328390335196096.jpg,1328390335196096.jpg,1328390335196096.jpg,1328390335196096.jpg,1328390335196096.jpg
1328390335396066,1328390335396385,319,1328390335396066.bin,1328390335396066.jpg,1328390335396066.jpg,1328390335396066.jpg,1328390335396066.jpg,1328390335396066.jpg
1328390335596032,1328390335597504,1472,1328390335596032.bin,1328390335596032.jpg,1328390335596032.jpg,1328390335596032.jpg,1328390335596032.jpg,1328390335596032.jpg
1328390335796000,1328390335794164,1836,1328390335796000.bin,1328390335796000.jpg,1328390335796000.jpg,1328390335796000.jpg,1328390335796000.jpg,1328390335796000.jpg
1328390335995958,1328390335994075,1883,1328390335995958.bin,1328390335995958.jpg,1328390335995958.jpg,1328390335995958.jpg,1328390335995958.jpg,1328390335995958.jpg
1328390336195934,1328390336193521,2413,1328390336195934.bin,1328390336195934.jpg,1328390336195934.jpg,1328390336195934.jpg,1328390336195934.jpg,1328390336195934.jpg
1328390336395900,1328390336393894,2006,1328390336395900.bin,1328390336395900.jpg,1328390336395900.jpg,1328390336395900.jpg,1328390336395900.jpg,1328390336395900.jpg
1328390336595868,1328390336593530,2338,1328390336595868.bin,1328390336595868.jpg,1328390336595868.jpg,1328390336595868.jpg,1328390336595868.jpg,1328390336595868.jpg
1328390336795840,1328390336793962,1878,1328390336795840.bin,1328390336795840.jpg,1328390336795840.jpg,1328390336795840.jpg,1328390336795840.jpg,1328390336795840.jpg
1328390336995795,1328390336994018,1777,1328390336995795.bin,1328390336995795.jpg,1328390336995795.jpg,1328390336995795.jpg,1328390336995795.jpg,1328390336995795.jpg
1328390337195770,1328390337193691,2079,1328390337195770.bin,1328390337195770.jpg,1328390337195770.jpg,1328390337195770.jpg,1328390337195770.jpg,1328390337195770.jpg
1328390337395739,1328390337394010,1729,1328390337395739.bin,1328390337395739.jpg,1328390337395739.jpg,1328390337395739.jpg,1328390337395739.jpg,1328390337395739.jpg
1328390337595705,1328390337593889,1816,1328390337595705.bin,1328390337595705.jpg,1328390337595705.jpg,1328390337595705.jpg,1328390337595705.jpg,1328390337595705.jpg
1328390337795701,1328390337795504,197,1328390337795701.bin,1328390337795701.jpg,1328390337795701.jpg,1328390337795701.jpg,1328390337795701.jpg,1328390337795701.jpg
1328390337995634,1328390337996751,1117,1328390337995634.bin,1328390337995634.jpg,1328390337995634.jpg,1328390337995634.jpg,1328390337995634.jpg,1328390337995634.jpg
1328390338195608,1328390338193584,2024,1328390338195608.bin,1328390338195608.jpg,1328390338195608.jpg,1328390338195608.jpg,1328390338195608.jpg,1328390338195608.jpg
1328390338395574,1328390338393794,1780,1328390338395574.bin,1328390338395574.jpg,1328390338395574.jpg,1328390338395574.jpg,1328390338395574.jpg,1328390338395574.jpg
1328390338595542,1328390338594037,1505,1328390338595542.bin,1328390338595542.jpg,1328390338595542.jpg,1328390338595542.jpg,1328390338595542.jpg,1328390338595542.jpg
1328390338795511,1328390338793906,1605,1328390338795511.bin,1328390338795511.jpg,1328390338795511.jpg,1328390338795511.jpg,1328390338795511.jpg,1328390338795511.jpg
1328390338995469,1328390339003051,7582,1328390338995469.bin,1328390338995469.jpg,1328390338995469.jpg,1328390338995469.jpg,1328390338995469.jpg,1328390338995469.jpg
1328390339195456,1328390339193686,1770,1328390339195456.bin,1328390339195456.jpg,1328390339195456.jpg,1328390339195456.jpg,1328390339195456.jpg,1328390339195456.jpg
1328390339395412,1328390339393946,1466,1328390339395412.bin,1328390339395412.jpg,1328390339395412.jpg,1328390339395412.jpg,1328390339395412.jpg,1328390339395412.jpg
1328390339595378,1328390339593228,2150,1328390339595378.bin,1328390339595378.jpg,1328390339595378.jpg,1328390339595378.jpg,1328390339595378.jpg,1328390339595378.jpg
1328390339795362,1328390339793696,1666,1328390339795362.bin,1328390339795362.jpg,1328390339795362.jpg,1328390339795362.jpg,1328390339795362.jpg,1328390339795362.jpg
1328390339995314,1328390339995787,473,1328390339995314.bin,1328390339995314.jpg,1328390339995314.jpg,1328390339995314.jpg,1328390339995314.jpg,1328390339995314.jpg
1328390340195280,1328390340193991,1289,1328390340195280.bin,1328390340195280.jpg,1328390340195280.jpg,1328390340195280.jpg,1328390340195280.jpg,1328390340195280.jpg
1328390340395246,1328390340393858,1388,1328390340395246.bin,1328390340395246.jpg,1328390340395246.jpg,1328390340395246.jpg,1328390340395246.jpg,1328390340395246.jpg
1328390340595215,1328390340593879,1336,1328390340595215.bin,1328390340595215.jpg,1328390340595215.jpg,1328390340595215.jpg,1328390340595215.jpg,1328390340595215.jpg
1328390340795181,1328390340793835,1346,1328390340795181.bin,1328390340795181.jpg,1328390340795181.jpg,1328390340795181.jpg,1328390340795181.jpg,1328390340795181.jpg
1328390340995142,1328390340993794,1348,1328390340995142.bin,1328390340995142.jpg,1328390340995142.jpg,1328390340995142.jpg,1328390340995142.jpg,1328390340995142.jpg
1328390341195114,1328390341193674,1440,1328390341195114.bin,1328390341195114.jpg,1328390341195114.jpg,1328390341195114.jpg,1328390341195114.jpg,1328390341195114.jpg
1328390341395085,1328390341396040,955,1328390341395085.bin,1328390341395085.jpg,1328390341395085.jpg,1328390341395085.jpg,1328390341395085.jpg,1328390341395085.jpg
1328390341595052,1328390341593882,1170,1328390341595052.bin,1328390341595052.jpg,1328390341595052.jpg,1328390341595052.jpg,1328390341595052.jpg,1328390341595052.jpg
1328390341795022,1328390341793971,1051,1328390341795022.bin,1328390341795022.jpg,1328390341795022.jpg,1328390341795022.jpg,1328390341795022.jpg,1328390341795022.jpg
1328390341994986,1328390341993143,1843,1328390341994986.bin,1328390341994986.jpg,1328390341994986.jpg,1328390341994986.jpg,1328390341994986.jpg,1328390341994986.jpg
1328390342194958,1328390342194291,667,1328390342194958.bin,1328390342194958.jpg,1328390342194958.jpg,1328390342194958.jpg,1328390342194958.jpg,1328390342194958.jpg
1328390342394920,1328390342393756,1164,1328390342394920.bin,1328390342394920.jpg,1328390342394920.jpg,1328390342394920.jpg,1328390342394920.jpg,1328390342394920.jpg
1328390342594888,1328390342593960,928,1328390342594888.bin,1328390342594888.jpg,1328390342594888.jpg,1328390342594888.jpg,1328390342594888.jpg,1328390342594888.jpg
1328390342794871,1328390342793203,1668,1328390342794871.bin,1328390342794871.jpg,1328390342794871.jpg,1328390342794871.jpg,1328390342794871.jpg,1328390342794871.jpg
1328390342994835,1328390342993597,1238,1328390342994835.bin,1328390342994835.jpg,1328390342994835.jpg,1328390342994835.jpg,1328390342994835.jpg,1328390342994835.jpg
1328390343194807,1328390343193780,1027,1328390343194807.bin,1328390343194807.jpg,1328390343194807.jpg,1328390343194807.jpg,1328390343194807.jpg,1328390343194807.jpg
1328390343394783,1328390343393495,1288,1328390343394783.bin,1328390343394783.jpg,1328390343394783.jpg,1328390343394783.jpg,1328390343394783.jpg,1328390343394783.jpg
1328390343594736,1328390343594119,617,1328390343594736.bin,1328390343594736.jpg,1328390343594736.jpg,1328390343594736.jpg,1328390343594736.jpg,1328390343594736.jpg
1328390343794705,1328390343793652,1053,1328390343794705.bin,1328390343794705.jpg,1328390343794705.jpg,1328390343794705.jpg,1328390343794705.jpg,1328390343794705.jpg
1328390343994649,1328390343993777,872,1328390343994649.bin,1328390343994649.jpg,1328390343994649.jpg,1328390343994649.jpg,1328390343994649.jpg,1328390343994649.jpg
1328390344194626,1328390344193772,854,1328390344194626.bin,1328390344194626.jpg,1328390344194626.jpg,1328390344194626.jpg,1328390344194626.jpg,1328390344194626.jpg
1328390344394595,1328390344394103,492,1328390344394595.bin,1328390344394595.jpg,1328390344394595.jpg,1328390344394595.jpg,1328390344394595.jpg,1328390344394595.jpg
1328390344594562,1328390344593677,885,1328390344594562.bin,1328390344594562.jpg,1328390344594562.jpg,1328390344594562.jpg,1328390344594562.jpg,1328390344594562.jpg
1328390344794527,1328390344793679,848,1328390344794527.bin,1328390344794527.jpg,1328390344794527.jpg,1328390344794527.jpg,1328390344794527.jpg,1328390344794527.jpg
1328390344994486,1328390344994480,6,1328390344994486.bin,1328390344994486.jpg,1328390344994486.jpg,1328390344994486.jpg,1328390344994486.jpg,1328390344994486.jpg
1328390345194461,1328390345193736,725,1328390345194461.bin,1328390345194461.jpg,1328390345194461.jpg,1328390345194461.jpg,1328390345194461.jpg,1328390345194461.jpg
1328390345394428,1328390345394079,349,1328390345394428.bin,1328390345394428.jpg,1328390345394428.jpg,1328390345394428.jpg,1328390345394428.jpg,1328390345394428.jpg
1328390345594400,1328390345593709,691,1328390345594400.bin,1328390345594400.jpg,1328390345594400.jpg,1328390345594400.jpg,1328390345594400.jpg,1328390345594400.jpg
1328390345794367,1328390345793793,574,1328390345794367.bin,1328390345794367.jpg,1328390345794367.jpg,1328390345794367.jpg,1328390345794367.jpg,1328390345794367.jpg
1328390345994322,1328390345994396,74,1328390345994322.bin,1328390345994322.jpg,1328390345994322.jpg,1328390345994322.jpg,1328390345994322.jpg,1328390345994322.jpg
1328390346194330,1328390346194070,260,1328390346194330.bin,1328390346194330.jpg,1328390346194330.jpg,1328390346194330.jpg,1328390346194330.jpg,1328390346194330.jpg
1328390346394265,1328390346394162,103,1328390346394265.bin,1328390346394265.jpg,1328390346394265.jpg,1328390346394265.jpg,1328390346394265.jpg,1328390346394265.jpg
1328390346594257,1328390346593537,720,1328390346594257.bin,1328390346594257.jpg,1328390346594257.jpg,1328390346594257.jpg,1328390346594257.jpg,1328390346594257.jpg
1328390346794256,1328390346793911,345,1328390346794256.bin,1328390346794256.jpg,1328390346794256.jpg,1328390346794256.jpg,1328390346794256.jpg,1328390346794256.jpg
1328390346994272,1328390346993646,626,1328390346994272.bin,1328390346994272.jpg,1328390346994272.jpg,1328390346994272.jpg,1328390346994272.jpg,1328390346994272.jpg
1328390347194136,1328390347193187,949,1328390347194136.bin,1328390347194136.jpg,1328390347194136.jpg,1328390347194136.jpg,1328390347194136.jpg,1328390347194136.jpg
1328390347394102,1328390347394155,53,1328390347394102.bin,1328390347394102.jpg,1328390347394102.jpg,1328390347394102.jpg,1328390347394102.jpg,1328390347394102.jpg
1328390347594103,1328390347593678,425,1328390347594103.bin,1328390347594103.jpg,1328390347594103.jpg,1328390347594103.jpg,1328390347594103.jpg,1328390347594103.jpg
1328390347794037,1328390347794091,54,1328390347794037.bin,1328390347794037.jpg,1328390347794037.jpg,1328390347794037.jpg,1328390347794037.jpg,1328390347794037.jpg
1328390347994005,1328390347993611,394,1328390347994005.bin,1328390347994005.jpg,1328390347994005.jpg,1328390347994005.jpg,1328390347994005.jpg,1328390347994005.jpg
1328390348193976,1328390348193707,269,1328390348193976.bin,1328390348193976.jpg,1328390348193976.jpg,1328390348193976.jpg,1328390348193976.jpg,1328390348193976.jpg
1328390348393939,1328390348393854,85,1328390348393939.bin,1328390348393939.jpg,1328390348393939.jpg,1328390348393939.jpg,1328390348393939.jpg,1328390348393939.jpg
1328390348593908,1328390348594192,284,1328390348593908.bin,1328390348593908.jpg,1328390348593908.jpg,1328390348593908.jpg,1328390348593908.jpg,1328390348593908.jpg
1328390348793902,1328390348793656,246,1328390348793902.bin,1328390348793902.jpg,1328390348793902.jpg,1328390348793902.jpg,1328390348793902.jpg,1328390348793902.jpg
1328390348993921,1328390348993039,882,1328390348993921.bin,1328390348993921.jpg,1328390348993921.jpg,1328390348993921.jpg,1328390348993921.jpg,1328390348993921.jpg
1328390349193797,1328390349193841,44,1328390349193797.bin,1328390349193797.jpg,1328390349193797.jpg,1328390349193797.jpg,1328390349193797.jpg,1328390349193797.jpg
1328390349393766,1328390349394036,270,1328390349393766.bin,1328390349393766.jpg,1328390349393766.jpg,1328390349393766.jpg,1328390349393766.jpg,1328390349393766.jpg
1328390349593740,1328390349593606,134,1328390349593740.bin,1328390349593740.jpg,1328390349593740.jpg,1328390349593740.jpg,1328390349593740.jpg,1328390349593740.jpg
1328390349793708,1328390349793733,25,1328390349793708.bin,1328390349793708.jpg,1328390349793708.jpg,1328390349793708.jpg,1328390349793708.jpg,1328390349793708.jpg
1328390349993725,1328390349993894,169,1328390349993725.bin,1328390349993725.jpg,1328390349993725.jpg,1328390349993725.jpg,1328390349993725.jpg,1328390349993725.jpg
1328390350193661,1328390350193948,287,1328390350193661.bin,1328390350193661.jpg,1328390350193661.jpg,1328390350193661.jpg,1328390350193661.jpg,1328390350193661.jpg
1328390350393628,1328390350393537,91,1328390350393628.bin,1328390350393628.jpg,1328390350393628.jpg,1328390350393628.jpg,1328390350393628.jpg,1328390350393628.jpg
1328390350593609,1328390350593640,31,1328390350593609.bin,1328390350593609.jpg,1328390350593609.jpg,1328390350593609.jpg,1328390350593609.jpg,1328390350593609.jpg
1328390350793543,1328390350793844,301,1328390350793543.bin,1328390350793543.jpg,1328390350793543.jpg,1328390350793543.jpg,1328390350793543.jpg,1328390350793543.jpg
1328390350993514,1328390350993952,438,1328390350993514.bin,1328390350993514.jpg,1328390350993514.jpg,1328390350993514.jpg,1328390350993514.jpg,1328390350993514.jpg
1328390351193481,1328390351193993,512,1328390351193481.bin,1328390351193481.jpg,1328390351193481.jpg,1328390351193481.jpg,1328390351193481.jpg,1328390351193481.jpg
1328390351393480,1328390351393642,162,1328390351393480.bin,1328390351393480.jpg,1328390351393480.jpg,1328390351393480.jpg,1328390351393480.jpg,1328390351393480.jpg
1328390351593436,1328390351593743,307,1328390351593436.bin,1328390351593436.jpg,1328390351593436.jpg,1328390351593436.jpg,1328390351593436.jpg,1328390351593436.jpg
1328390351793382,1328390351793893,511,1328390351793382.bin,1328390351793382.jpg,1328390351793382.jpg,1328390351793382.jpg,1328390351793382.jpg,1328390351793382.jpg
1328390351993351,1328390351994777,1426,1328390351993351.bin,1328390351993351.jpg,1328390351993351.jpg,1328390351993351.jpg,1328390351993351.jpg,1328390351993351.jpg
1328390352193331,1328390352195393,2062,1328390352193331.bin,1328390352193331.jpg,1328390352193331.jpg,1328390352193331.jpg,1328390352193331.jpg,1328390352193331.jpg
1328390352393291,1328390352393905,614,1328390352393291.bin,1328390352393291.jpg,1328390352393291.jpg,1328390352393291.jpg,1328390352393291.jpg,1328390352393291.jpg
1328390352593806,1328390352593989,183,1328390352593806.bin,1328390352593806.jpg,1328390352593806.jpg,1328390352593806.jpg,1328390352593806.jpg,1328390352593806.jpg
1328390352793347,1328390352793986,639,1328390352793347.bin,1328390352793347.jpg,1328390352793347.jpg,1328390352793347.jpg,1328390352793347.jpg,1328390352793347.jpg
1328390352993188,1328390352992608,580,1328390352993188.bin,1328390352993188.jpg,1328390352993188.jpg,1328390352993188.jpg,1328390352993188.jpg,1328390352993188.jpg
1328390353193150,1328390353193711,561,1328390353193150.bin,1328390353193150.jpg,1328390353193150.jpg,1328390353193150.jpg,1328390353193150.jpg,1328390353193150.jpg
1328390353393122,1328390353393840,718,1328390353393122.bin,1328390353393122.jpg,1328390353393122.jpg,1328390353393122.jpg,1328390353393122.jpg,1328390353393122.jpg
1328390353593101,1328390353593978,877,1328390353593101.bin,1328390353593101.jpg,1328390353593101.jpg,1328390353593101.jpg,1328390353593101.jpg,1328390353593101.jpg
1328390353793082,1328390353793561,479,1328390353793082.bin,1328390353793082.jpg,1328390353793082.jpg,1328390353793082.jpg,1328390353793082.jpg,1328390353793082.jpg
1328390353993011,1328390353993531,520,1328390353993011.bin,1328390353993011.jpg,1328390353993011.jpg,1328390353993011.jpg,1328390353993011.jpg,1328390353993011.jpg
1328390354192990,1328390354193848,858,1328390354192990.bin,1328390354192990.jpg,1328390354192990.jpg,1328390354192990.jpg,1328390354192990.jpg,1328390354192990.jpg
1328390354392979,1328390354394168,1189,1328390354392979.bin,1328390354392979.jpg,1328390354392979.jpg,1328390354392979.jpg,1328390354392979.jpg,1328390354392979.jpg
1328390354592923,1328390354593602,679,1328390354592923.bin,1328390354592923.jpg,1328390354592923.jpg,1328390354592923.jpg,1328390354592923.jpg,1328390354592923.jpg
1328390354792893,1328390354794080,1187,1328390354792893.bin,1328390354792893.jpg,1328390354792893.jpg,1328390354792893.jpg,1328390354792893.jpg,1328390354792893.jpg
1328390354992848,1328390354998722,5874,1328390354992848.bin,1328390354992848.jpg,1328390354992848.jpg,1328390354992848.jpg,1328390354992848.jpg,1328390354992848.jpg
1328390355192827,1328390355193908,1081,1328390355192827.bin,1328390355192827.jpg,1328390355192827.jpg,1328390355192827.jpg,1328390355192827.jpg,1328390355192827.jpg
1328390355392806,1328390355394153,1347,1328390355392806.bin,1328390355392806.jpg,1328390355392806.jpg,1328390355392806.jpg,1328390355392806.jpg,1328390355392806.jpg
1328390355592759,1328390355593697,938,1328390355592759.bin,1328390355592759.jpg,1328390355592759.jpg,1328390355592759.jpg,1328390355592759.jpg,1328390355592759.jpg
1328390355792726,1328390355794195,1469,1328390355792726.bin,1328390355792726.jpg,1328390355792726.jpg,1328390355792726.jpg,1328390355792726.jpg,1328390355792726.jpg
1328390355992689,1328390355994781,2092,1328390355992689.bin,1328390355992689.jpg,1328390355992689.jpg,1328390355992689.jpg,1328390355992689.jpg,1328390355992689.jpg
1328390356192677,1328390356191468,1209,1328390356192677.bin,1328390356192677.jpg,1328390356192677.jpg,1328390356192677.jpg,1328390356192677.jpg,1328390356192677.jpg
1328390356392631,1328390356392627,4,1328390356392631.bin,1328390356392631.jpg,1328390356392631.jpg,1328390356392631.jpg,1328390356392631.jpg,1328390356392631.jpg
1328390356592596,1328390356593646,1050,1328390356592596.bin,1328390356592596.jpg,1328390356592596.jpg,1328390356592596.jpg,1328390356592596.jpg,1328390356592596.jpg
1328390356792562,1328390356793800,1238,1328390356792562.bin,1328390356792562.jpg,1328390356792562.jpg,1328390356792562.jpg,1328390356792562.jpg,1328390356792562.jpg
1328390356992522,1328390356991779,743,1328390356992522.bin,1328390356992522.jpg,1328390356992522.jpg,1328390356992522.jpg,1328390356992522.jpg,1328390356992522.jpg
1328390357192498,1328390357192887,389,1328390357192498.bin,1328390357192498.jpg,1328390357192498.jpg,1328390357192498.jpg,1328390357192498.jpg,1328390357192498.jpg
1328390357392468,1328390357393856,1388,1328390357392468.bin,1328390357392468.jpg,1328390357392468.jpg,1328390357392468.jpg,1328390357392468.jpg,1328390357392468.jpg
1328390357592436,1328390357594066,1630,1328390357592436.bin,1328390357592436.jpg,1328390357592436.jpg,1328390357592436.jpg,1328390357592436.jpg,1328390357592436.jpg
1328390357792399,1328390357794076,1677,1328390357792399.bin,1328390357792399.jpg,1328390357792399.jpg,1328390357792399.jpg,1328390357792399.jpg,1328390357792399.jpg
1328390357992367,1328390357993589,1222,1328390357992367.bin,1328390357992367.jpg,1328390357992367.jpg,1328390357992367.jpg,1328390357992367.jpg,1328390357992367.jpg
1328390358192333,1328390358191397,936,1328390358192333.bin,1328390358192333.jpg,1328390358192333.jpg,1328390358192333.jpg,1328390358192333.jpg,1328390358192333.jpg
1328390358392300,1328390358391875,425,1328390358392300.bin,1328390358392300.jpg,1328390358392300.jpg,1328390358392300.jpg,1328390358392300.jpg,1328390358392300.jpg
1328390358592267,1328390358592272,5,1328390358592267.bin,1328390358592267.jpg,1328390358592267.jpg,1328390358592267.jpg,1328390358592267.jpg,1328390358592267.jpg
1328390358792236,1328390358793093,857,1328390358792236.bin,1328390358792236.jpg,1328390358792236.jpg,1328390358792236.jpg,1328390358792236.jpg,1328390358792236.jpg
1328390358992194,1328390358993542,1348,1328390358992194.bin,1328390358992194.jpg,1328390358992194.jpg,1328390358992194.jpg,1328390358992194.jpg,1328390358992194.jpg
1328390359192170,1328390359193818,1648,1328390359192170.bin,1328390359192170.jpg,1328390359192170.jpg,1328390359192170.jpg,1328390359192170.jpg,1328390359192170.jpg
1328390359392135,1328390359393976,1841,1328390359392135.bin,1328390359392135.jpg,1328390359392135.jpg,1328390359392135.jpg,1328390359392135.jpg,1328390359392135.jpg
1328390359592106,1328390359593732,1626,1328390359592106.bin,1328390359592106.jpg,1328390359592106.jpg,1328390359592106.jpg,1328390359592106.jpg,1328390359592106.jpg
1328390359792070,1328390359790831,1239,1328390359792070.bin,1328390359792070.jpg,1328390359792070.jpg,1328390359792070.jpg,1328390359792070.jpg,1328390359792070.jpg
1328390359992030,1328390359989458,2572,1328390359992030.bin,1328390359992030.jpg,1328390359992030.jpg,1328390359992030.jpg,1328390359992030.jpg,1328390359992030.jpg
1328390360192005,1328390360190651,1354,1328390360192005.bin,1328390360192005.jpg,1328390360192005.jpg,1328390360192005.jpg,1328390360192005.jpg,1328390360192005.jpg
1328390360391979,1328390360391824,155,1328390360391979.bin,1328390360391979.jpg,1328390360391979.jpg,1328390360391979.jpg,1328390360391979.jpg,1328390360391979.jpg
1328390360591942,1328390360593568,1626,1328390360591942.bin,1328390360591942.jpg,1328390360591942.jpg,1328390360591942.jpg,1328390360591942.jpg,1328390360591942.jpg
1328390360791935,1328390360794290,2355,1328390360791935.bin,1328390360791935.jpg,1328390360791935.jpg,1328390360791935.jpg,1328390360791935.jpg,1328390360791935.jpg
1328390360991870,1328390360988015,3855,1328390360991870.bin,1328390360991870.jpg,1328390360991870.jpg,1328390360991870.jpg,1328390360991870.jpg,1328390360991870.jpg
1328390361191852,1328390361193957,2105,1328390361191852.bin,1328390361191852.jpg,1328390361191852.jpg,1328390361191852.jpg,1328390361191852.jpg,1328390361191852.jpg
1328390361391808,1328390361390289,1519,1328390361391808.bin,1328390361391808.jpg,1328390361391808.jpg,1328390361391808.jpg,1328390361391808.jpg,1328390361391808.jpg
1328390361591775,1328390361591522,253,1328390361591775.bin,1328390361591775.jpg,1328390361591775.jpg,1328390361591775.jpg,1328390361591775.jpg,1328390361591775.jpg
1328390361791751,1328390361792840,1089,1328390361791751.bin,1328390361791751.jpg,1328390361791751.jpg,1328390361791751.jpg,1328390361791751.jpg,1328390361791751.jpg
1328390361991712,1328390361994293,2581,1328390361991712.bin,1328390361991712.jpg,1328390361991712.jpg,1328390361991712.jpg,1328390361991712.jpg,1328390361991712.jpg
1328390362191680,1328390362193591,1911,1328390362191680.bin,1328390362191680.jpg,1328390362191680.jpg,1328390362191680.jpg,1328390362191680.jpg,1328390362191680.jpg
1328390362391656,1328390362393791,2135,1328390362391656.bin,1328390362391656.jpg,1328390362391656.jpg,1328390362391656.jpg,1328390362391656.jpg,1328390362391656.jpg
1328390362591612,1328390362593872,2260,1328390362591612.bin,1328390362591612.jpg,1328390362591612.jpg,1328390362591612.jpg,1328390362591612.jpg,1328390362591612.jpg
1328390362791581,1328390362789900,1681,1328390362791581.bin,1328390362791581.jpg,1328390362791581.jpg,1328390362791581.jpg,1328390362791581.jpg,1328390362791581.jpg
1328390362991545,1328390362993937,2392,1328390362991545.bin,1328390362991545.jpg,1328390362991545.jpg,1328390362991545.jpg,1328390362991545.jpg,1328390362991545.jpg
1328390363191513,1328390363193728,2215,1328390363191513.bin,1328390363191513.jpg,1328390363191513.jpg,1328390363191513.jpg,1328390363191513.jpg,1328390363191513.jpg
1328390363391506,1328390363393815,2309,1328390363391506.bin,1328390363391506.jpg,1328390363391506.jpg,1328390363391506.jpg,1328390363391506.jpg,1328390363391506.jpg
1328390363591461,1328390363593974,2513,1328390363591461.bin,1328390363591461.jpg,1328390363591461.jpg,1328390363591461.jpg,1328390363591461.jpg,1328390363591461.jpg
1328390363791418,1328390363793552,2134,1328390363791418.bin,1328390363791418.jpg,1328390363791418.jpg,1328390363791418.jpg,1328390363791418.jpg,1328390363791418.jpg
1328390363991377,1328390363994943,3566,1328390363991377.bin,1328390363991377.jpg,1328390363991377.jpg,1328390363991377.jpg,1328390363991377.jpg,1328390363991377.jpg
1328390364191351,1328390364193773,2422,1328390364191351.bin,1328390364191351.jpg,1328390364191351.jpg,1328390364191351.jpg,1328390364191351.jpg,1328390364191351.jpg
1328390364391319,1328390364394052,2733,1328390364391319.bin,1328390364391319.jpg,1328390364391319.jpg,1328390364391319.jpg,1328390364391319.jpg,1328390364391319.jpg
1328390364591289,1328390364593613,2324,1328390364591289.bin,1328390364591289.jpg,1328390364591289.jpg,1328390364591289.jpg,1328390364591289.jpg,1328390364591289.jpg
1328390364791266,1328390364789316,1950,1328390364791266.bin,1328390364791266.jpg,1328390364791266.jpg,1328390364791266.jpg,1328390364791266.jpg,1328390364791266.jpg
1328390364991215,1328390364990610,605,1328390364991215.bin,1328390364991215.jpg,1328390364991215.jpg,1328390364991215.jpg,1328390364991215.jpg,1328390364991215.jpg
1328390365191190,1328390365191824,634,1328390365191190.bin,1328390365191190.jpg,1328390365191190.jpg,1328390365191190.jpg,1328390365191190.jpg,1328390365191190.jpg
1328390365391155,1328390365393532,2377,1328390365391155.bin,1328390365391155.jpg,1328390365391155.jpg,1328390365391155.jpg,1328390365391155.jpg,1328390365391155.jpg
1328390365591135,1328390365594908,3773,1328390365591135.bin,1328390365591135.jpg,1328390365591135.jpg,1328390365591135.jpg,1328390365591135.jpg,1328390365591135.jpg
1328390365791090,1328390365793759,2669,1328390365791090.bin,1328390365791090.jpg,1328390365791090.jpg,1328390365791090.jpg,1328390365791090.jpg,1328390365791090.jpg
1328390365991048,1328390365994201,3153,1328390365991048.bin,1328390365991048.jpg,1328390365991048.jpg,1328390365991048.jpg,1328390365991048.jpg,1328390365991048.jpg
1328390366191025,1328390366194078,3053,1328390366191025.bin,1328390366191025.jpg,1328390366191025.jpg,1328390366191025.jpg,1328390366191025.jpg,1328390366191025.jpg
1328390366390992,1328390366392825,1833,1328390366390992.bin,1328390366390992.jpg,1328390366390992.jpg,1328390366390992.jpg,1328390366390992.jpg,1328390366390992.jpg
1328390366590957,1328390366593711,2754,1328390366590957.bin,1328390366590957.jpg,1328390366590957.jpg,1328390366590957.jpg,1328390366590957.jpg,1328390366590957.jpg
1328390366790927,1328390366788169,2758,1328390366790927.bin,1328390366790927.jpg,1328390366790927.jpg,1328390366790927.jpg,1328390366790927.jpg,1328390366790927.jpg
1328390366990890,1328390366989337,1553,1328390366990890.bin,1328390366990890.jpg,1328390366990890.jpg,1328390366990890.jpg,1328390366990890.jpg,1328390366990890.jpg
1328390367190895,1328390367190570,325,1328390367190895.bin,1328390367190895.jpg,1328390367190895.jpg,1328390367190895.jpg,1328390367190895.jpg,1328390367190895.jpg
1328390367390829,1328390367391659,830,1328390367390829.bin,1328390367390829.jpg,1328390367390829.jpg,1328390367390829.jpg,1328390367390829.jpg,1328390367390829.jpg
1328390367590796,1328390367592862,2066,1328390367590796.bin,1328390367590796.jpg,1328390367590796.jpg,1328390367590796.jpg,1328390367590796.jpg,1328390367590796.jpg
1328390367790760,1328390367793973,3213,1328390367790760.bin,1328390367790760.jpg,1328390367790760.jpg,1328390367790760.jpg,1328390367790760.jpg,1328390367790760.jpg
1328390367990720,1328390367994175,3455,1328390367990720.bin,1328390367990720.jpg,1328390367990720.jpg,1328390367990720.jpg,1328390367990720.jpg,1328390367990720.jpg
1328390368190697,1328390368193627,2930,1328390368190697.bin,1328390368190697.jpg,1328390368190697.jpg,1328390368190697.jpg,1328390368190697.jpg,1328390368190697.jpg
1328390368390669,1328390368393884,3215,1328390368390669.bin,1328390368390669.jpg,1328390368390669.jpg,1328390368390669.jpg,1328390368390669.jpg,1328390368390669.jpg
1328390368590629,1328390368594008,3379,1328390368590629.bin,1328390368590629.jpg,1328390368590629.jpg,1328390368590629.jpg,1328390368590629.jpg,1328390368590629.jpg
1328390368790598,1328390368794064,3466,1328390368790598.bin,1328390368790598.jpg,1328390368790598.jpg,1328390368790598.jpg,1328390368790598.jpg,1328390368790598.jpg
1328390368990556,1328390368994945,4389,1328390368990556.bin,1328390368990556.jpg,1328390368990556.jpg,1328390368990556.jpg,1328390368990556.jpg,1328390368990556.jpg
1328390369190532,1328390369188892,1640,1328390369190532.bin,1328390369190532.jpg,1328390369190532.jpg,1328390369190532.jpg,1328390369190532.jpg,1328390369190532.jpg
1328390369390498,1328390369390041,457,1328390369390498.bin,1328390369390498.jpg,1328390369390498.jpg,1328390369390498.jpg,1328390369390498.jpg,1328390369390498.jpg
1328390369590468,1328390369591360,892,1328390369590468.bin,1328390369590468.jpg,1328390369590468.jpg,1328390369590468.jpg,1328390369590468.jpg,1328390369590468.jpg
1328390369790449,1328390369792523,2074,1328390369790449.bin,1328390369790449.jpg,1328390369790449.jpg,1328390369790449.jpg,1328390369790449.jpg,1328390369790449.jpg
1328390369990392,1328390369993691,3299,1328390369990392.bin,1328390369990392.jpg,1328390369990392.jpg,1328390369990392.jpg,1328390369990392.jpg,1328390369990392.jpg
1328390370190384,1328390370194000,3616,1328390370190384.bin,1328390370190384.jpg,1328390370190384.jpg,1328390370190384.jpg,1328390370190384.jpg,1328390370190384.jpg
1328390370390338,1328390370393900,3562,1328390370390338.bin,1328390370390338.jpg,1328390370390338.jpg,1328390370390338.jpg,1328390370390338.jpg,1328390370390338.jpg
1328390370590304,1328390370593541,3237,1328390370590304.bin,1328390370590304.jpg,1328390370590304.jpg,1328390370590304.jpg,1328390370590304.jpg,1328390370590304.jpg
1328390370790270,1328390370793886,3616,1328390370790270.bin,1328390370790270.jpg,1328390370790270.jpg,1328390370790270.jpg,1328390370790270.jpg,1328390370790270.jpg
1328390370990231,1328390370993555,3324,1328390370990231.bin,1328390370990231.jpg,1328390370990231.jpg,1328390370990231.jpg,1328390370990231.jpg,1328390370990231.jpg
1328390371190206,1328390371194063,3857,1328390371190206.bin,1328390371190206.jpg,1328390371190206.jpg,1328390371190206.jpg,1328390371190206.jpg,1328390371190206.jpg
