1328389904866397,75.990467265938875,108.613690305363207,-3.290137873060661,-0.020283456306172,-0.002867528750445,-0.270902734221933
1328389905066347,75.993609784009251,108.612639336318281,-3.290096701714507,-0.020506049468556,0.001102531723793,-0.269656002811478
1328389905266321,75.997798104257384,108.611246179780224,-3.290041965935350,-0.020151366389029,0.002486465052062,-0.266927814497340
1328389905466290,75.999795174831675,108.610583378478722,-3.290015888522441,-0.020495774311697,0.002985412048857,-0.268948124202199
1328389905666261,76.005060354186540,108.608830543237758,-3.289946988994175,-0.020102915409648,0.008140971027289,-0.270539896107508
1328389905866224,76.005214702350301,108.608778930442440,-3.289944963594929,-0.020303572003481,0.009990707687691,-0.270688407312732
1328389906066192,76.003992743510594,108.609188052278128,-3.289961008333518,-0.020213989752744,0.012873924729661,-0.271157386507802
1328389906266158,75.993708500753641,108.612623143004868,-3.290095769723116,-0.020607041044712,0.004159942262085,-0.269481040598832
1328389906466128,75.983863210953643,108.615177391478113,-3.290290240222980,-0.020217800024307,0.000852530646487,-0.273349908760171
1328389906666096,75.983541305447844,108.615249903823681,-3.290297664073684,-0.020121154533836,0.002688992755145,-0.273315773494444
1328389906866062,75.983554897590977,108.615246842375939,-3.290297350623665,-0.020008190282191,0.001056006853615,-0.273407825215509
1328389907066039,75.985396258133335,108.614832538495847,-3.290254891912102,-0.020028799035280,0.004432979303549,-0.272320264698123
1328389907265995,75.992087567454945,108.613163965465247,-3.290116981209675,-0.020122128569876,0.007640213309406,-0.269988567218602
1328389907465964,75.997076189992910,108.611507913684747,-3.290051867141323,-0.020259763979898,0.005332750970017,-0.267466102635708
1328389907665930,75.997548924631559,108.611351520801264,-3.290045706237119,-0.020663945819482,0.003860141854735,-0.267253858448651
1328389907865898,75.997881951585796,108.611241311093679,-3.290041365080201,-0.020443678982602,0.002676704798167,-0.267481921101909
1328389908065864,75.998130866946923,108.611158772509413,-3.290038116703043,-0.020428983705693,0.005456639253478,-0.268838792802646
1328389908265834,76.000140902768095,108.610490910812715,-3.290011852717745,-0.020367253658477,0.009482287470799,-0.268773802905829
1328389908465801,75.999807626007453,108.610601656105445,-3.290016208122200,-0.020510855515056,0.013054530964115,-0.268920313611933
1328389908665785,75.994481105183752,108.612374382213005,-3.290085851962775,-0.020560629553143,0.008592791507771,-0.268961756641919
1328389908865754,75.982371826710590,108.615508275856968,-3.290324506726025,-0.020741882581906,0.000237162167183,-0.273044892593089
1328389909065719,75.980599975562853,108.615907314463328,-3.290365354234229,-0.020394606195801,0.002446139021159,-0.273297053734985
1328389909265692,75.980952793663207,108.615827759171239,-3.290357218946891,-0.020748552105621,0.001822970414989,-0.273591955362982
1328389909465661,75.984808412462158,108.614962035874967,-3.290268379490527,-0.020353878139960,0.004341432692848,-0.271759731452181
1328389909665613,75.988979345861864,108.614033037192897,-3.290172404759335,-0.020850860261443,0.003251021143149,-0.270197480892721
1328389909865591,75.989732844031579,108.613866064838959,-3.290155081670815,-0.020566908773741,-0.000461265316280,-0.269540421243572
1328389910065549,75.992846251432141,108.612913242355063,-3.290107105488173,-0.020808266456299,-0.000294428733150,-0.268725408070123
1328389910265517,75.998104934848058,108.611169726937845,-3.290038505816983,-0.020577315481175,0.004054938865873,-0.269058622621326
1328389910465497,75.999705266311949,108.610637065466392,-3.290017575813614,-0.020400290544615,0.005969981423111,-0.269624179743405
1328389910665466,75.997833337340893,108.611259935695557,-3.290042053385946,-0.020575951262379,0.008238707895398,-0.269016228520329
1328389910865428,75.986201031904173,108.614651595004361,-3.290236334812966,-0.020847475749849,-0.001612504856331,-0.269536083560477
1328389911065395,75.979529501258170,108.616142942146226,-3.290389892592792,-0.019958036985981,-0.001824928287135,-0.272938325285735
1328389911265362,75.979529501258170,108.616142942146226,-3.290389892592792,-0.020354139346012,-0.001434465261761,-0.273036171946782
1328389911465332,75.979726763900771,108.616098519930460,-3.290385346286517,-0.020129053368426,-0.004672821885640,-0.273112502759489
1328389911665289,75.985459206343833,108.614814262234617,-3.290253338579295,-0.020645283173037,-0.000296993024597,-0.271373229106825
1328389911865268,75.995438272493743,108.612048455668869,-3.290073181948837,-0.020969920458239,0.003987136880527,-0.268631046567555
1328389912065233,76.001136373624561,108.610150990683536,-3.289998645797020,-0.020557904747452,0.004220005440921,-0.270610826008247
1328389912265203,76.001595822169321,108.609997349743495,-3.289992619581765,-0.020438512496155,0.001551016343364,-0.270859715325701
1328389912465170,76.001595822169321,108.609997349743495,-3.289992619581765,-0.020274905324604,0.002040625055219,-0.270935904420961
1328389912665125,76.001396383794940,108.610064196509967,-3.289995238811344,-0.020215462900882,0.004089044434905,-0.271640305023658
1328389912865104,75.999418805123142,108.610726861557467,-3.290021203153393,-0.020111619501337,0.003414682044787,-0.270700641589109
1328389913065072,75.991051709076643,108.613519927741081,-3.290130758702734,-0.020816088408309,-0.005373655196999,-0.268998178537284
1328389913265041,75.985357117492043,108.614846008564669,-3.290255909828006,-0.020904778771671,-0.008638771906787,-0.270538056998593
1328389913465003,75.986580116307223,108.614573660909173,-3.290227773261310,-0.020871206256775,-0.009193552508783,-0.270726295015836
1328389913664990,75.993388957542180,108.612739203580176,-3.290100154854013,-0.020525521567682,-0.004942307154579,-0.268237630344075
1328389913864939,76.000742777608963,108.610298334532871,-3.290004146473359,-0.020458620805304,-0.003088195964467,-0.269609287323975
1328389914064908,76.005114694873328,108.608840728431048,-3.289946886562769,-0.020391160297057,-0.004758358102472,-0.270455730557073
1328389914264878,76.007285706521628,108.608112099955520,-3.289918336960224,-0.020154361917494,-0.005528654265950,-0.272574122142310
1328389914464842,76.008124701969223,108.607829790864855,-3.289907286062241,-0.020077508784955,-0.006180626704818,-0.271997800924356
1328389914664823,76.011353581617144,108.606744208506683,-3.289864764663174,-0.020190052693668,-0.001327445965596,-0.271915968325113
1328389914864817,76.010894509582840,108.606898611389568,-3.289870812545477,-0.020291767821771,0.001488586941406,-0.272484783700606
1328389915064738,76.005078708344769,108.608861145594688,-3.289947539371501,-0.020041238402263,-0.004058446914157,-0.273597380651066
1328389915264946,75.996545836483705,108.611734252115880,-3.290059874399932,-0.020509274658850,-0.008997893774042,-0.270941890946921
1328389915464677,75.994766962919215,108.612328857687558,-3.290083184695102,-0.020762079229998,-0.007065387360822,-0.269237618132254
1328389915664649,75.994766962919215,108.612328857687558,-3.290083184695102,-0.020663905794348,-0.007125182095365,-0.269163506315504
1328389915864615,75.994766962919215,108.612328857687558,-3.290083184695102,-0.020776688110404,-0.009819940920736,-0.269002424225243
1328389916064587,75.995666589989227,108.612030423094495,-3.290071445640629,-0.020674068226103,-0.012880882315893,-0.267359736128068
1328389916264552,76.004197166924712,108.609193463581207,-3.289959915232754,-0.020407248855070,-0.006613124059052,-0.269523617547872
1328389916464518,76.012835639409801,108.606303132146806,-3.289846475005040,-0.020583369018633,-0.003591185955422,-0.271641782254349
1328389916664490,76.013119498375275,108.606207966215905,-3.289842741164851,-0.020519057956639,-0.005705201110130,-0.271146895455038
1328389916864457,76.012980892129804,108.606254420235430,-3.289844564069065,-0.020535682278101,-0.004159076917555,-0.271235612808655
1328389917064422,76.012439820646250,108.606436155143854,-3.289851688261410,-0.020325135147272,-0.000562912546747,-0.272024654994013
1328389917264445,76.005995631711585,108.608609424698514,-3.289936689802051,-0.020134826823991,-0.005416550684177,-0.273498080009420
1328389917464359,75.994181298732613,108.612583265183204,-3.290092126949519,-0.020413926319149,-0.013893340727792,-0.270435302322301
1328389917664322,75.990072921440770,108.613907667860801,-3.290150259671166,-0.020630252612108,-0.014195227015332,-0.269528718151832
1328389917864288,75.990634507815784,108.613766761769384,-3.290138824502428,-0.020352377998986,-0.015618373829514,-0.269062557274479
1328389918064255,75.995708161849535,108.612082746185678,-3.290072331302789,-0.020351180964654,-0.008605245004784,-0.267407248587248
1328389918264237,76.008938191332604,108.607669556989578,-3.289899017221624,-0.020022142743318,-0.000581990053219,-0.271076588110886
1328389918464190,76.016276860120499,108.605213053673566,-3.289802573723155,-0.020420884384173,-0.004409292038303,-0.270610726746999
1328389918664157,76.016413259354806,108.605167367660414,-3.289800779723743,-0.020335140266359,-0.004774041796591,-0.271088569450249
1328389918864149,76.016288444527078,108.605209262936697,-3.289802423289560,-0.020545386317770,-0.002963421036867,-0.271853621650886
1328389919064084,76.014347196344801,108.605862558784381,-3.289828019004576,-0.020203936067658,-0.003831177048266,-0.272900018654663
1328389919264067,76.007458574957326,108.608185964504017,-3.289918907249302,-0.020046144424692,-0.009501685226931,-0.271991402472087
1328389919464033,76.006763629178863,108.608419262752165,-3.289928048370100,-0.020337205083985,-0.007192865836320,-0.271934395430690
1328389919664001,76.006998165266438,108.608340511458479,-3.289924963094566,-0.020248293101875,-0.007659378933113,-0.271436683751589
1328389919863965,76.007975452560359,108.608012596136078,-3.289912111135866,-0.020240862404524,-0.007743637597908,-0.271271742674681
1328389920063921,76.010835868906483,108.607053479446364,-3.289874499955747,-0.020142767995217,-0.006865287214409,-0.271397071387887
1328389920263926,76.017386100737667,108.604849210664355,-3.289788149515416,-0.020090016627615,0.000597796752369,-0.272378234650262
1328389920463866,76.018573336281960,108.604450389726850,-3.289772505959400,-0.020244262782805,0.000500083646596,-0.271765644316702
1328389920663883,76.017065802191553,108.604956914452885,-3.289792371838794,-0.020038502297944,0.002204784774115,-0.272399676120878
1328389920863803,76.015223545697808,108.605577523547709,-3.289816678395264,-0.019885123029459,0.005015341487017,-0.273556931746561
1328389921063932,76.007217266415083,108.608281895734478,-3.289922403559809,-0.019695015005454,-0.001494570858235,-0.272829572271759
1328389921263764,75.998046574450569,108.611360104237392,-3.290042958098899,-0.020457580556854,-0.007251037244276,-0.269946684253557
1328389921463705,75.997135714183031,108.611664217763007,-3.290054890374332,-0.020293938512995,-0.005823695177616,-0.268989142450060
1328389921663663,75.999357789369100,108.610924452600599,-3.290025825497579,-0.020514628021068,-0.005868424892402,-0.268933539913843
1328389921863649,76.005227697039629,108.608974966063755,-3.289949114229488,-0.020336974708727,-0.000040980386812,-0.269761287881691
1328389922063594,76.014446538356566,108.605888216190351,-3.289827985281774,-0.020199143605481,0.006008201235163,-0.272090805762449
1328389922263574,76.015168375985866,108.605645817897425,-3.289818479722606,-0.020335529009118,0.003874843002846,-0.272022018534970
1328389922463539,76.015057352894232,108.605683105602665,-3.289819941908244,-0.019999242862088,0.005438889870487,-0.271952127770339
1328389922663508,76.013853192459507,108.606088129509970,-3.289835812473704,-0.020107141767424,0.007628044411209,-0.273031180177402
1328389922863464,76.006792755967112,108.608471594087007,-3.289929006453169,-0.019823231906968,0.001858592012453,-0.273305920701251
1328389923063580,75.998239886882800,108.611344641852895,-3.290041488277684,-0.020502687682379,-0.002032471617769,-0.270375667421200
1328389923263421,75.996148075009103,108.612043268558125,-3.290068897552802,-0.020577565013806,-0.000982663160919,-0.269840358908272
1328389923463509,75.996148075009103,108.612043268558125,-3.290068897552802,-0.020675556389683,-0.001928619382298,-0.269803625964543
1328389923663348,75.996675869382514,108.611867352911389,-3.290061989752203,-0.020464427453970,-0.004224171404549,-0.269206425600776
1328389923863312,76.003068643140793,108.609744155927245,-3.289978463025713,-0.020661733041196,0.001706145759424,-0.269312047427602
1328389924063284,76.013117956320315,108.606387097089737,-3.289846617825124,-0.020168770882641,0.008307496596401,-0.271793295988806
1328389924263245,76.013454884197230,108.606274021038701,-3.289842183275300,-0.020357683867878,0.007910882930495,-0.272396410340905
1328389924463212,76.011681458689779,108.606871667028116,-3.289865575856362,-0.019888322567720,0.009436447508556,-0.273536090007896
1328389924663183,76.005894491195676,108.608824560720564,-3.289941932179451,-0.019879469041483,0.006745180484786,-0.272925158417804
1328389924863151,75.995244919341815,108.612397680197162,-3.290081881908380,-0.020360635472692,-0.001168234166360,-0.270235198539816
1328389925063107,75.988473361131113,108.614431133641460,-3.290191218764702,-0.020223246760581,-0.002313024226001,-0.271268804861878
1328389925263083,75.988679815281657,108.614384937821796,-3.290186474687529,-0.020115004719094,-0.002653717073248,-0.271368518909640
1328389925463051,75.991326898722292,108.613705843485178,-3.290133418887855,-0.020199529901738,-0.001707828692671,-0.270707539725190
1328389925663020,75.997736574585446,108.611570947710490,-3.290049346645502,-0.020314390744937,0.000502330290818,-0.267663724202058
1328389925862984,76.004925863764171,108.609180797396974,-3.289955342775249,-0.020199957670864,0.005647343667257,-0.269928229104775
1328389926062951,76.009587167585167,108.607624352042961,-3.289894208350874,-0.019859987187378,0.007043541084426,-0.271546201996627
1328389926262927,76.007878828698736,108.608218053339883,-3.289917121123765,-0.020635407775732,0.003447594322219,-0.290723929653322
1328389926463006,75.996241077157592,108.612580454240117,-3.290080175180058,-0.018427731219951,-0.011357324690570,-0.320085083916858
1328389926662851,75.977840367558315,108.618491582764619,-3.290478313031957,-0.016972978645806,-0.038498227420051,-0.341918613225964
1328389926862825,75.968828873785299,108.621245721013409,-3.290703868973519,-0.016547881211253,-0.057877647023118,-0.360417677806232
1328389927062796,75.978273300531029,108.618046111542213,-3.290459488217216,-0.016992861058724,-0.073698784492872,-0.389985827398598
1328389927262761,75.977837572360102,108.618244021385379,-3.290472048048946,-0.016952521400493,-0.128406604093147,-0.412859259817995
1328389927462728,75.982848096980192,108.616146892424553,-3.290332161920567,-0.016789468482219,-0.199609364860849,-0.451994442695126
1328389927662683,76.056866292065138,108.571725801540481,-3.288848673727723,-0.013332789196566,-0.212605764590182,-0.531797244315933
1328389927862671,76.181662918056730,108.482905312182609,-3.286168651291073,-0.008905066859556,-0.177051082918473,-0.594733407655551
1328389928062630,76.327894710032083,108.367099890580164,-3.282679826176101,-0.005368048797906,-0.160077301333836,-0.640516813858441
1328389928262594,76.488331068878665,108.228758059066607,-3.278460452366582,-0.001439104435871,-0.163351495238978,-0.685722409707618
1328389928462564,76.668837883340856,108.061477723350166,-3.273242201527912,0.002860758674265,-0.154553698453713,-0.719265899376368
1328389928662526,76.876355847964376,107.857044261921089,-3.266651147742854,0.010474856780596,-0.120732374143932,-0.753587551755048
1328389928862509,77.106151985802143,107.617828490531608,-3.258610724234945,0.024850882205239,-0.077898001879711,-0.769933711197297
1328389929062465,77.351739618106052,107.361091882086370,-3.249468421335348,-0.000832520010132,-0.040047308615429,-0.779618558650407
1328389929262435,77.593882752780758,107.092578650287379,-3.239465918950108,0.014158210700625,-0.012454372220397,-0.824488740995495
1328389929462402,77.822699004321436,106.826569484923112,-3.229089536782524,0.009614933604700,0.003290983473466,-0.837813445289693
1328389929662367,78.046243994410816,106.557336423166049,-3.218090896208900,0.009191175275460,0.016636073550674,-0.870655032126464
1328389929862338,78.258303681533036,106.290949226442564,-3.206735626942362,0.010728130254190,0.034601942458723,-0.877658476764047
1328389930062306,78.458198530187346,106.036973350399208,-3.195408525713742,-0.010256604424095,0.039243635879916,-0.898804945427878
1328389930262269,78.634822321681654,105.803715612636879,-3.184632751880214,0.014694398714187,0.033917119769870,-0.908626682216729
1328389930462241,78.799547753229547,105.589419052865452,-3.174322754011816,-0.008044674448165,0.014726469386921,-0.893778258282901
1328389930662207,78.957090056509259,105.388483273859677,-3.164283516282270,0.007986862534088,-0.007662499216484,-0.891627442333623
1328389930862169,79.111420962749449,105.199662041198891,-3.154472551959317,0.010396214047950,-0.023165564624527,-0.851041516057750
1328389931062132,79.269604313677036,105.020348635647707,-3.144733110098024,-0.007911027650191,-0.041183311287107,-0.829793334355436
1328389931262109,79.421934282117959,104.855798689517044,-3.135460587118041,0.012363755265643,-0.059475685874879,-0.788243056519192
1328389931462072,79.597546137299716,104.690813486681108,-3.125536807215890,-0.015963406696662,-0.065444243712964,-0.747504907820478
1328389931662039,79.782505835605789,104.521403659596928,-3.115784461205379,0.005345912126997,-0.064378663947032,-0.742019549767502
1328389931862015,79.964816095709750,104.358787224669996,-3.106843546004642,-0.005186060206368,-0.075972527486782,-0.728536511403097
1328389932061976,80.144454461741077,104.194942627360561,-3.098365818100596,-0.000746800151936,-0.090562123305482,-0.762490613160774
1328389932261968,80.333052127868456,104.012896043880644,-3.089630481628856,0.013114651152604,-0.094684863459077,-0.773577825671011
1328389932461909,80.534099706060502,103.811613263952381,-3.080715863999015,0.002437681229142,-0.089008753856844,-0.808019692594569
1328389932661878,80.738211289251169,103.589687174733328,-3.071851326673406,0.023450701831688,-0.071347569218781,-0.834587842720144
1328389932861851,80.961703687260695,103.340776180804028,-3.062909844756033,0.011227931485982,-0.017202920533842,-0.850625700416835
1328389933061817,81.168269279793819,103.096154746621849,-3.055197223921225,0.027804207011181,0.009285555070789,-0.880809447220645
1328389933261784,81.345224183114695,102.876164934000030,-3.049126325795507,0.019209395059675,-0.017906299887137,-0.900485421320586
1328389933461750,81.503205991773356,102.669161255882216,-3.044150219338174,0.024976026654844,-0.057977980707011,-0.927490911831132
1328389933661718,81.662104797791855,102.452808614349706,-3.039677997467875,0.027657018838669,-0.067962647818680,-0.934098980883000
1328389933861684,81.835683211996269,102.211574235217483,-3.035532770024529,0.026365089608312,-0.045269448829122,-0.944412470081917
1328389934061643,82.017944197229426,101.958907559925976,-3.032112217031745,0.031526459672000,-0.022202030087045,-0.927347991662114
1328389934261616,82.193280516901623,101.722892715277794,-3.029751524676177,0.027814621987135,-0.017377704968658,-0.920216218664846
1328389934461584,82.361705036883450,101.499167036453713,-3.028273369103044,0.042200950500625,-0.030719292440943,-0.902371003534745
1328389934661545,82.533806655779742,101.281295898390482,-3.027535868473527,0.031038456598629,-0.038246044637146,-0.881207445064793
1328389934861524,82.705671563077786,101.068983488795155,-3.027503736254856,0.038630475485021,-0.029368699277126,-0.872959915694807
1328389935061477,82.892303265977517,100.855235595979494,-3.025570623006403,0.037396717053519,-0.016938538808189,-0.850620463948190
1328389935261454,83.092001231512270,100.634216244594214,-3.023391677011092,0.037184405058165,-0.018044715974550,-0.838549113618140
1328389935461422,83.278119335775003,100.433600635934624,-3.021259352752831,0.045500555464603,-0.037075584299117,-0.816362405708393
1328389935661389,83.466925693662432,100.240020987616873,-3.019033919040619,0.032323022405705,-0.050435215376279,-0.794697762205569
1328389935862123,83.675069441091622,100.032193261062659,-3.016483966179793,0.038714810058160,-0.043364426176609,-0.784799099029384
1328389936061321,83.885676393825634,99.826510003856683,-3.013799281653903,0.036229868370042,-0.032530373788886,-0.772498899670202
1328389936261296,84.090918736647637,99.626902552884076,-3.011059214344624,0.042933691009716,-0.032074407587781,-0.778604145543783
1328389936461262,84.281705236013750,99.438169203139395,-3.008370149619047,0.052630611839601,-0.042483590303131,-0.786640613480560
1328389936661229,84.475133587115153,99.242364945924081,-3.005487585483975,0.039930404812570,-0.057776804292972,-0.807309789175174
1328389936861198,84.666459722846923,99.037872532626011,-3.002415928850357,0.041039610236012,-0.061590718363991,-0.835006788073139
1328389937061163,84.857757174902318,98.822865580867614,-2.999112388966726,0.037724543233263,-0.058273241506481,-0.856891406645294
1328389937261129,85.039689985532419,98.607285882983717,-2.995727611794565,0.039633141997513,-0.052323993060176,-0.885731958434101
1328389937461086,85.217195593744307,98.384594509156784,-2.992161221624295,0.041214181914983,-0.060370451866672,-0.911503645501060
1328389937661062,85.384194099989003,98.160592923685229,-2.988514596214688,0.034480169363132,-0.073432306855367,-0.953324752373187
1328389937861033,85.542587900575825,97.928932256965211,-2.984704229824265,0.036476470494374,-0.077327941212430,-0.986355628370073
1328389938060990,85.700333682026283,97.679829179718283,-2.980543207085138,0.034607177841762,-0.070048615142135,-1.022474650467557
1328389938260959,85.851227073503608,97.421529941420914,-2.976157597829884,0.034344003675422,-0.063782499156767,-1.056655258841497
1328389938460932,85.982714808375704,97.178822007846549,-2.971964677743735,0.035826564623096,-0.064625844199541,-1.090922175066130
1328389938660901,86.121009516223580,96.939883275365318,-2.972536089957554,0.031011359149458,-0.077162837067660,-1.099592146073462
1328389938860898,86.257163479823930,96.692545527645308,-2.973537013619107,0.025485189674709,-0.078121898919397,-1.135794453165633
1328389939060915,86.386488719312410,96.437488443778051,-2.974969074605359,0.039797405438780,-0.071767758431193,-1.151743798496810
1328389939260820,86.516795872424439,96.175515225082279,-2.976859115867440,0.024913600158340,-0.065793790858666,-1.161723114159386
1328389939461343,86.642402250864635,95.911373262707784,-2.979168902086481,0.037441243393389,-0.066478426439138,-1.169945908371826
1328389939660742,86.770416933365397,95.651835117599177,-2.981877356816631,0.022689443578789,-0.069988250777272,-1.141059679412721
1328389939860709,86.905423830331173,95.382891736691249,-2.985141573815867,0.024843594403752,-0.062756055349864,-1.151512658010461
1328389940060671,87.038459049142958,95.116267733502099,-2.988817607793905,0.033521798587408,-0.060520229595278,-1.129232382585416
1328389940260640,87.173245741962873,94.855654722293082,-2.992882722282088,0.008796679689895,-0.056432378338209,-1.141085789711803
1328389940460611,87.303225605205412,94.588302731839462,-2.997408367201280,0.032466137634176,-0.051783551780930,-1.147702526661055
1328389940660584,87.433639065143524,94.324855483842043,-3.002311076182350,0.005667679306341,-0.055636101367081,-1.153296125674505
1328389940860543,87.553496082319228,94.055237368524757,-3.007584653671745,0.022101727833076,-0.053198960643369,-1.211405740639645
1328389941060501,87.662070906186187,93.786503304346994,-3.013094328025623,0.007444549577155,-0.056182788199237,-1.217583770195628
1328389941260478,87.759246576247193,93.517569758046037,-3.018822268850249,-0.007523900029410,-0.049313814943460,-1.303168277463578
1328389941460449,87.835151955711240,93.235242954067800,-3.024853123336679,0.042770502449554,-0.039366810580047,-1.336124868468782
1328389941660730,87.907579265032282,92.962957812002486,-3.030980944580468,-0.009692092052634,-0.047517500253342,-1.351320204871190
1328389941860435,87.962918934130528,92.683716299419473,-3.037319499453973,0.021412099157010,-0.049131298004597,-1.431156814401867
1328389942060346,88.004251315853224,92.417890191086059,-3.043471449515047,0.014810027087988,-0.051562478532189,-1.434517573644007
1328389942260316,88.038134649206157,92.137935135966146,-3.046154138510380,0.016301892326515,-0.049838807167637,-1.501734566889352
1328389942460283,88.063151522764173,91.846188186214064,-3.049420287382866,0.036615695009596,-0.044954321232269,-1.488238299645710
1328389942660259,88.092757058042508,91.560365178055577,-3.053175230643558,0.004083783346243,-0.048291041889147,-1.502357370719221
1328389942860232,88.111253954850923,91.282459397606175,-3.057281556651284,0.041132390338367,-0.051309453544194,-1.525648730214534
1328389943060186,88.132057848375283,91.007638695494521,-3.061830890995245,0.009012302316822,-0.055030805202693,-1.520250098961784
1328389943260152,88.142283567365382,90.719319738768903,-3.067097967782895,0.022740002230764,-0.044831651599579,-1.596819864831497
1328389943460116,88.136952782074459,90.431059085255470,-3.072910969729596,0.028841572928940,-0.042074355601277,-1.618181425532116
1328389943660104,88.124469883291567,90.162692477671470,-3.078846284802826,0.010585252126925,-0.050688017814877,-1.674191642483873
1328389943860066,88.093954684119936,89.878839812500914,-3.085742217417040,0.034249930093779,-0.038732109493287,-1.711806440659457
1328389944060064,88.053525296504077,89.560271861205365,-3.094229463564679,0.013635198278605,0.006584174508904,-1.741410832578746
1328389944259990,88.000456715269124,89.267260607551620,-3.102838921693510,0.026178140477640,0.014524095109784,-1.805669414682523
1328389944459959,87.944476424756928,89.027382638376821,-3.110527424584736,0.020058239426803,-0.022748306215346,-1.841910654753118
1328389944659924,87.882503023004475,88.806749144914193,-3.118161566291161,0.016287616743721,-0.061316895025181,-1.899531716095560
1328389944859890,87.800350296260262,88.564480767055528,-3.127259062801718,0.021724013026136,-0.063172903726400,-1.941561746094165
1328389945059954,87.705115955991801,88.317594716872875,-3.137317208681795,0.015325848877106,-0.047846244962758,-1.986593667798892
1328389945259825,87.589235401730605,88.055797042468868,-3.148968505310796,0.017875003940208,-0.034261224125035,-2.035051319459500
1328389945459795,87.467041083367505,87.808177694818113,-3.160977953184015,0.012690661504177,-0.039451357587709,-2.071240317776946
1328389945659760,87.342031350954983,87.569093860738164,-3.173447477189589,0.012281385445026,-0.055469088324808,-2.083754375053210
1328389945859792,87.220873731900795,87.339866864328712,-3.186109718576881,0.004953767639075,-0.055877135653732,-2.085267021758672
1328389946059693,87.069435821973528,87.101855779330876,-3.196956999676047,0.006658734366407,-0.042794924432721,-2.098471357436029
1328389946259661,86.907954273470594,86.849632243034804,-3.208610903727422,0.001692385016233,-0.032280193451791,-2.094059297501173
1328389946459631,86.749006570451826,86.603396797725523,-3.220150209055620,0.000792527165691,-0.038149537741740,-2.109917805357963
1328389946659612,86.591940238198418,86.364277674409209,-3.231537373526831,0.001822641174284,-0.047289416401921,-2.104624844350875
1328389946859582,86.433307460756311,86.120091202497662,-3.243256085272959,-0.007587180423376,-0.042167390525220,-2.110839916403009
1328389947059528,86.259104183167025,85.857817989869304,-3.256059335885412,0.002064197780043,-0.028995709183982,-2.115704173359604
1328389947259513,86.089630715236993,85.600834433813205,-3.268716364609770,-0.012395854027057,-0.024697396737373,-2.121173362342424
1328389947459483,85.919563916247427,85.356982218511149,-3.281033903693518,-0.004219305595020,-0.031632284937064,-2.159092609037755
1328389947659434,85.745858239884953,85.119104350288666,-3.293316667379637,-0.005951380928205,-0.038093550713481,-2.165104366959987
1328389947859421,85.564139172459818,84.876047806041868,-3.306060531273887,-0.014214085948933,-0.029392215530947,-2.192356763722735
1328389948059373,85.378694301583195,84.639856432076130,-3.318724476608011,-0.005923457957558,-0.015178470168949,-2.204139484065609
1328389948259331,85.178596016895483,84.389295705726511,-3.332331311772544,-0.020948317271417,-0.008575443962547,-2.218921507250755
1328389948459296,84.987300864476396,84.163464157558337,-3.344905341184149,-0.009950175298431,-0.017104678942277,-2.256935691786188
1328389948659274,84.794299365407042,83.945159361529306,-3.357300350127826,-0.021195889541159,-0.026703199861432,-2.262567165537637
1328389948859242,84.590861941327972,83.726789659149105,-3.369981905993467,-0.019337599452836,-0.017865434263712,-2.317347506821723
1328389949059198,84.379621579561885,83.517171404527829,-3.382547743719147,-0.004078103503835,-0.000618954945343,-2.332196810518373
1328389949259174,84.155835151663481,83.299047558052365,-3.395764910873326,-0.030825108495155,0.002928908827304,-2.360211048968799
1328389949459161,83.928062531656067,83.095081314041664,-3.408562395955314,0.009357454154042,0.007501115219190,-2.392038622845348
1328389949659110,83.711320171603575,82.910669619286637,-3.396832479874716,-0.030534220562735,0.003923181724287,-2.383771742842814
1328389949859111,83.482642463287775,82.726038610816730,-3.385693031603426,-0.016189785441200,0.005935914964557,-2.437526661006239
1328389950059044,83.238207845940423,82.541583898046369,-3.375131260223498,0.002805424374537,0.023733815418769,-2.435193222062657
1328389950259012,82.990261808124529,82.354172342913799,-3.365628370894093,-0.028086776608488,0.039193198230928,-2.456237464654293
1328389950459008,82.749514217324247,82.184663347170954,-3.357654635322487,0.009412098278609,0.046364455526605,-2.484592235253562
1328389950658965,82.502821518987460,82.015252714009506,-3.350649737326524,-0.021986821237250,0.040621952123953,-2.488159423855184
1328389950858915,82.262002174001850,81.857255320029225,-3.344933307284319,-0.003690501816835,0.034492239951376,-2.523618971768258
1328389951058880,82.010726331826248,81.700319465949860,-3.340105310455606,-0.004551842144830,0.039431638732675,-2.525625252349501
1328389951258913,81.747398243328988,81.539853878580800,-3.336253942756032,-0.017429313002581,0.050081029483294,-2.554208036149763
1328389951458815,81.500407288093669,81.400301972304163,-3.333715463071901,0.015254033002056,0.057991728673560,-2.576575497148073
1328389951658782,81.247050525423290,81.260213403969516,-3.332182050558562,-0.017730962219221,0.053908126889819,-2.583308178508497
1328389951858762,81.002487203984103,81.131617383789603,-3.331688608107730,0.002677901662722,0.045874880507206,-2.611775129984672
1328389952058723,80.749002055545134,81.004130425492164,-3.332178368414823,-0.007935035546385,0.047177234407071,-2.617395258758198
1328389952258683,80.487855376392375,80.876998458088337,-3.333744287444863,-0.019744252554183,0.051769166252362,-2.644018528289181
1328389952458652,80.224329815087160,80.757579043134569,-3.336338211369962,-0.002560196296463,0.054154174916898,-2.661946622745358
1328389952658612,79.971697595726681,80.647178913012510,-3.339808328012880,-0.021673348009220,0.056145653096130,-2.678712884518784
1328389952858589,79.689467651190512,80.531859606416589,-3.344751325784719,-0.000986419932187,0.099432443772104,-2.707973056271080
1328389953058556,79.455494127293306,80.419460113644320,-3.342438312923089,-0.021870066579253,0.104490967375232,-2.740864205195346
1328389953258526,79.238514634375960,80.328444222260288,-3.340845721744683,-0.012515176275443,0.079854419683392,-2.807519961154787
1328389953458491,79.025185891011702,80.256330519260800,-3.339690979653690,0.011534108992877,0.059696910432267,-2.871923623583708
1328389953658457,78.789712171558335,80.192709245530239,-3.338853809750930,-0.003237146474968,0.062101570372550,-2.936241632860290
1328389953858426,78.561090729713627,80.147873712453929,-3.338408515325778,0.016483300783198,0.082985349899650,-3.005974085806994
1328389954058390,78.332715360151795,80.116477106931995,-3.338324023668217,-0.007833407443716,0.079441308823513,-3.050450534466409
1328389954258361,78.142113855332084,80.099886987020739,-3.338517075579510,-0.010273214897154,0.038518901765718,-3.106526494316546
1328389954458340,77.958233430185544,80.094563486520499,-3.338870805896192,0.006304000407452,-0.005250397112718,3.136676652205971
1328389954658294,77.759748861407900,80.095417947092074,-3.339521088881546,-0.016439607319476,-0.029183204999734,3.105185053332933
1328389954858265,77.527709044844570,80.106782660263676,-3.340596323375633,-0.004360713391978,-0.022692323189418,3.060623221252845
1328389955058228,77.267146421896200,80.127505686916706,-3.342319289633923,-0.015946659567173,-0.004200970130166,3.032677017793807
1328389955258196,76.996126846128575,80.159903829047707,-3.344656779961922,-0.007542148261102,0.006409388541262,2.987738759506647
1328389955458167,76.722661597193593,80.201271939030818,-3.347646837786849,-0.016603545172267,0.007002862199239,2.970287412294241
1328389955658131,76.436067911889751,80.254577440429841,-3.351464189704397,-0.021840606160126,0.012313958279984,2.917652133067221
1328389955858107,76.133009120364733,80.325274215722573,-3.356205876794035,-0.008830880384538,0.031260318123947,2.892752742745710
1328389956058069,75.827990228700472,80.406843370968119,-3.361844884145883,-0.027491273335384,0.047316703956393,2.836669167459579
1328389956258033,75.522682935629874,80.510226219586940,-3.368124435183455,0.005197744691916,0.066332173544170,2.785802341004334
1328389956458001,75.236267218217037,80.617904631479121,-3.374852869234279,-0.020751018288624,0.072835649052277,2.755340234401171
1328389956657970,74.953927135943957,80.738922108395968,-3.382211896984253,-0.003745472620574,0.078721663114898,2.705044069080104
1328389956857936,74.661639201815547,80.878793151490697,-3.390670641130648,-0.008778104182891,0.092644320910762,2.677801892237137
1328389957057893,74.381915893496696,81.025498294080393,-3.392618276850989,-0.017894017374303,0.140122439747225,2.650617419479848
1328389957257876,74.100770413688480,81.184020805995246,-3.393831207361031,0.004831297975751,0.158014825154235,2.616685230288120
1328389957457838,73.879508931603155,81.316971678539062,-3.394247199783585,-0.011293933803330,0.117129813452367,2.597609103972215
1328389957657812,73.694462441426694,81.433395411645222,-3.394239900104006,0.001229028498128,0.065103216102643,2.578323586137096
1328389957857775,73.505788878889518,81.556528877422181,-3.393914603347354,-0.002409402038809,0.037355339397205,2.571829638006020
1328389958057740,73.296108233545922,81.695047681673287,-3.393291864561064,-0.006638565156963,0.036091481963994,2.561824389188886
1328389958257715,73.079434714711539,81.840222458406600,-3.392355509327738,0.001258236462430,0.044946234347727,2.561916701199052
1328389958457700,72.862809595833284,81.983668307151447,-3.391244976687512,-0.010288406804972,0.044183462642273,2.569218288276513
1328389958657643,72.654185590177576,82.120021709688743,-3.390018418445652,0.000235578349039,0.023099923318897,2.576126546059939
1328389958857610,72.445301510415760,82.252706597458186,-3.388704545277359,-0.004405574513247,0.002576986923097,2.593488318821289
1328389959057569,72.216887851050274,82.396999774769469,-3.387055963635853,-0.002885215684353,0.002271622961520,2.572210914861027
1328389959257543,71.973077626665670,82.562062358028200,-3.384666931569744,0.010129032657355,0.020937653670987,2.540392183087635
1328389959457510,71.735441603577712,82.732753886256404,-3.381750645975936,-0.006648601111250,0.025345322272772,2.505227246847828
1328389959657477,71.510908020666193,82.907487351512316,-3.378312352131129,0.011149018003836,0.014381351316693,2.469392585384348
1328389959857465,71.291781871418380,83.086277757122986,-3.374459724858566,0.002802193231490,0.005947815441835,2.461527757215356
1328389960057413,71.056336811533441,83.280185111487413,-3.370014799146839,-0.001086660169034,0.013927833585218,2.453211605137704
1328389960257379,70.805934397564769,83.486347490677659,-3.365012737982038,0.006923556750869,0.035585700649340,2.468779683410497
1328389960457351,70.550872038284737,83.688484886998836,-3.359878053371199,-0.010248289070248,0.053857638902641,2.478570114550576
1328389960657322,70.317703316385789,83.872342163300345,-3.354954946152293,0.006123829391800,0.052857198610475,2.476592884580217
1328389960857288,70.098587825620669,84.045336672230547,-3.350967877078930,-0.004622932271058,0.041624521398072,2.482155960032363
1328389961057252,69.870903327391659,84.225620302177347,-3.347566240105103,-0.003473273609669,0.033760389173504,2.470543003196998
1328389961257217,69.642614568153732,84.409080320983065,-3.344862793091552,0.004743931599035,0.034366688767995,2.474124400100402
1328389961457185,69.414973737950390,84.589823398055316,-3.343003101536498,-0.010481587931374,0.044133037229947,2.473178012264072
1328389961657153,69.182952764998305,84.776904220255688,-3.341844583381576,0.005027131972570,0.057570207989737,2.463982935149351
1328389961857122,68.955326100564662,84.960087155584901,-3.341509735595511,-0.005333546316645,0.059907657800880,2.470915797817873
1328389962057090,68.735733126957612,85.136791585195340,-3.341932473732973,-0.005313829496938,0.051236021891535,2.461162859559349
1328389962257054,68.527875435814394,85.306338492357895,-3.342973388873525,0.002632025141240,0.038628419304309,2.463229675180497
1328389962457088,68.314646070233550,85.476953094506499,-3.344777704303928,-0.010587795470264,0.030301440468153,2.475929373652443
1328389962656991,68.093644963081829,85.649843627397672,-3.347419206082989,0.004170553204089,0.033968003331551,2.490561255336067
1328389962856962,67.863574236971090,85.820688104310136,-3.351020820888011,-0.007389433075305,0.044460856646071,2.520663301032843
1328389963056925,67.627045809180046,85.987520574398260,-3.355562339614602,-0.009212124990329,0.049023330008890,2.535254924451086
1328389963256897,67.386683912758969,86.152874651050723,-3.360969744914180,-0.000588303522301,0.092550820763336,2.550529224724623
1328389963456869,67.128498020753824,86.322200538288371,-3.367646943226112,-0.012432429414034,0.112857302979687,2.571409483552780
1328389963656828,66.902737561671941,86.464873470804989,-3.374180333200161,-0.002809806894754,0.084336282590537,2.585710477037908
1328389963856799,66.702911902946084,86.586295660466419,-3.380480050039755,-0.007867708977819,0.035413621009926,2.606905694041284
1328389964056757,66.512919711114847,86.696547309471896,-3.386896203754989,-0.010333986383853,0.013998179826935,2.622600073179173
1328389964256732,66.290609579065020,86.820860730736513,-3.394909815994858,-0.004698863956067,0.022535845351664,2.640574176944979
1328389964456696,66.060333577066103,86.945885808263029,-3.403131619449279,-0.011290085409364,0.039227345062972,2.660965398466369
1328389964656666,65.815624413998364,87.073422017316062,-3.411512265049253,-0.003971599757229,0.042991988222126,2.677586897089662
1328389964856632,65.574358542457475,87.193147958583751,-3.419415294272156,-0.007523666483323,0.032914751750768,2.697803028245047
1328389965056599,65.322450928133122,87.312438610029261,-3.427292962668365,-0.004290946480270,0.024400353393773,2.714392394783039
1328389965256569,65.055792323235579,87.434144496093040,-3.435229154478187,-0.005123417563396,0.030506670815051,2.720885862576144
1328389965456533,64.777958984434292,87.564618399052023,-3.443099739772058,-0.001060902150324,0.046796106472856,2.689565163953722
1328389965656527,64.514306061116741,87.699446516483988,-3.450219425196810,0.005498045084216,0.054387150804497,2.661152096226441
1328389965856471,64.255927924328404,87.841182755991170,-3.456851908294719,-0.000524171078980,0.046911471682349,2.629532900868460
1328389966056438,64.002014780310375,87.992204107752713,-3.463032297953117,0.006262272421984,0.042662144199565,2.597896649915714
1328389966256424,63.748886174470762,88.152028557390040,-3.468840752459104,-0.004013399218607,0.051508083598792,2.570764615002660
1328389966456371,63.493394385023436,88.323794364509325,-3.474339221088429,0.004945632541171,0.064373056450354,2.549502206497188
1328389966656340,63.239109955316181,88.496256210360102,-3.479427420359861,-0.001239184915615,0.072115472379409,2.565973213146352
1328389966856303,62.985258265991270,88.660732207542807,-3.484113682537369,-0.002768594180274,0.069833372627524,2.588029683304796
1328389967056276,62.741124709188867,88.808893349909653,-3.488251576589551,0.001228760681503,0.063184652310376,2.621971215828396
1328389967256241,62.493476997785024,88.947425001458555,-3.492079610258462,-0.008336722759934,0.059144457259525,2.652331329291082
1328389967456223,62.242891676692366,89.079471819154747,-3.495583949316536,0.006158746938944,0.058428541508085,2.676047683408312
1328389967656205,62.000838785560028,89.198475367988365,-3.498614914993166,-0.004063781989378,0.055850878864522,2.703913692053705
1328389967856182,61.761287358504305,89.307558095850354,-3.498976099409305,0.006550364690027,0.051507766796200,2.706184152052010
1328389968056122,61.504119186957794,89.422885586086096,-3.499493651833617,0.009191063434436,0.046274639897801,2.719895047658519
1328389968256078,61.260281848020824,89.529812825180969,-3.500100132209340,-0.002759132345171,0.041193358045123,2.714229847218808
1328389968456043,61.008225761304132,89.643799072917147,-3.500863549935436,0.017111666254952,0.036663382618926,2.709928786068081
1328389968656012,60.751073711783796,89.757588174564688,-3.501762999921842,-0.001354857851845,0.037503032747151,2.720468849318080
1328389968855981,60.485710205893199,89.876665745671048,-3.502838644085817,0.008375183911592,0.044327909913857,2.702019430243289
1328389969055945,60.225618149688735,89.996305172633356,-3.504053580759878,0.014622242938436,0.047619093564274,2.709626506120263
1328389969255912,59.964386415786805,90.114947047179015,-3.505403952379521,-0.001909531052721,0.045160933864780,2.700026671626775
1328389969455885,59.703711002520151,90.239147405218546,-3.506949455469355,0.028413845144767,0.047538268168956,2.690788415052056
1328389969655877,59.444144088913518,90.360161546349929,-3.508610372070355,0.006392864263748,0.048031972859551,2.705022299780433
1328389969855816,59.182104905531901,90.483166449701457,-3.510444548466943,0.014087057783122,0.047100527349845,2.687436684080452
1328389970055775,58.922406386190538,90.607297871503917,-3.512439782021275,0.012244737586167,0.050812732883711,2.697757801103463
1328389970255768,58.660138349441993,90.731800917714949,-3.514596384608450,0.002729343391885,0.052429446505394,2.682372482754999
1328389970455731,58.401618336665663,90.858800195402154,-3.516939745399091,0.030663281565415,0.052387751702238,2.689058487578080
1328389970655694,58.141248806947054,90.979024512516219,-3.519328718331769,-0.003804666796940,0.051145388369576,2.710823024024346
1328389970855654,57.881216633715951,91.100016019279821,-3.521873696482053,0.020002547931524,0.048658541616716,2.697243808088703
1328389971055629,57.621276590344451,91.218290534977527,-3.524509373055262,0.010212791016331,0.046358019953550,2.726868231030185
1328389971255588,57.368012415827820,91.328803632554269,-3.527110085308200,-0.003500304983192,0.044804343903505,2.719698539587757
1328389971455556,57.118499624595785,91.447193610293169,-3.531100446412608,0.022164642802445,0.045841080140998,2.729044911129464
1328389971655515,56.847805798600945,91.568125651395022,-3.535368924046274,-0.002918395690616,0.048609636169434,2.751092809921850
1328389971855496,56.579223941991899,91.686912443152551,-3.539674734484407,0.015585153942306,0.048416644957759,2.742740882684994
1328389972055462,56.306866964767075,91.804792441419963,-3.544089538918180,0.014894819909423,0.045000724684404,2.770048737827480
1328389972255425,56.031355099419962,91.917404503353055,-3.548534980942583,-0.003547709945564,0.043623127328286,2.769456915321274
1328389972455392,55.751354424736334,92.033827207471461,-3.553199459885554,0.026046680053580,0.052365011781433,2.774589821956439
1328389972655367,55.465007519192532,92.145737166522622,-3.557958519259662,0.002132191972126,0.062041047500012,2.800668397252945
1328389972855378,55.177501377979752,92.255678434850680,-3.562819316597402,0.014680082944623,0.066726840914933,2.793062845306980
1328389973055287,54.897804048529160,92.360972245358994,-3.567642921465193,0.017953408939375,0.061640914133869,2.815483671569977
1328389973255254,54.618286812172649,92.460632174452158,-3.572498264828034,-0.002638380193670,0.055169108641131,2.814674157624841
1328389973455230,54.327786385076884,92.567069887013361,-3.577728022532363,0.030358399454135,0.103261194538454,2.814044467911595
1328389973655199,53.995759828513101,92.683835420544852,-3.583810414011848,-0.004629120778277,0.222236213941228,2.831784860166894
1328389973855168,53.648587784220517,92.801696916947179,-3.590337565748472,0.013333283375823,0.321002097323947,2.837304638764348
1328389974055137,53.396490607932385,92.891251450366326,-3.595291241729919,0.013885282030167,0.344432568091833,2.803667715344587
1328389974255098,53.257133832678846,92.942609755834880,-3.598116727839205,-0.002059451412489,0.298667233100992,2.819004803905457
1328389974455070,53.220930784414961,92.955705338742575,-3.598856827049324,0.010413830149716,0.235728562220488,2.804178783255987
1328389974655039,53.215841670793736,92.957607374270950,-3.598961810724336,0.004647591379568,0.195256509189389,2.809852514077622
1328389974855013,53.241310547211256,92.948206178386641,-3.598438390875770,0.004799913840368,0.155354651211870,2.805788129322006
1328389975055031,53.292742133604818,92.928992274789636,-3.597384589298271,0.006584948594019,0.117410359107905,2.800240464574846
1328389975254938,53.361146196744350,92.903245839400768,-3.595991593438173,0.003746949441800,0.080905814111153,2.799875002024135
1328389975454923,53.438196825883679,92.874167723762611,-3.594434984932270,0.008477589881557,0.046119508980612,2.798494172178360
1328389975654872,53.514523258531227,92.845255770993674,-3.592904660225204,0.007332378878593,0.022737091388248,2.797450930112816
1328389975854846,53.578835437187166,92.820942243073702,-3.591625200680922,0.009016272334521,0.005461495901835,2.797861258244542
1328389976054812,53.635377004784971,92.799514601802017,-3.590506511933003,0.009754711470484,-0.011162663486538,2.798746647329667
1328389976254800,53.675996724089742,92.784215912666824,-3.589707878114836,0.010916365683388,-0.019719418911437,2.800187262521512
1328389976454741,53.697057102205967,92.776285230755718,-3.589295069448851,0.011175333495145,-0.017552836375913,2.800799766021682
1328389976654711,53.699962818899607,92.775199413128789,-3.589238288506703,0.011059413732425,-0.013562001995113,2.799011487297756
1328389976854678,53.689963881787179,92.778932636072881,-3.589433705727199,0.011451970685709,-0.008601654499681,2.802663197680200
1328389977054643,53.664687965767385,92.788389855950129,-3.589928813324592,0.011338459284686,0.004729920603441,2.803426807385935
1328389977254613,53.625006766607470,92.803133622309304,-3.590707306377868,0.010865079988939,0.024568289540915,2.804844441803106
1328389977454576,53.584327099300353,92.818191546357610,-3.591507967331436,0.009584943983550,0.038731098319023,2.806137102482245
1328389977654585,53.541760001051784,92.833891288022528,-3.592348750131400,0.009578111998932,0.048573337489003,2.807913346816135
1328389977854551,53.498618676023590,92.849764977882316,-3.593204375964412,0.008945591573220,0.065266988777929,2.807754589823253
1328389978054471,53.456169963076348,92.865359265726994,-3.594049999822717,0.008316891594681,0.074795116570289,2.808191294008552
1328389978254452,53.426290173516684,92.876336551655754,-3.594647717343032,0.007071954086648,0.077096165350356,2.808015132345852
1328389978454415,53.404324178576758,92.884430176322525,-3.595088739352267,0.006352453539797,0.070272936311645,2.799243211262552
1328389978654417,53.400590793337216,92.885843712564110,-3.595164243874525,0.006606132643113,0.045290245965664,2.785899404974853
1328389978854352,53.426723176141607,92.875285753136652,-3.594628726337047,0.005829436414546,-0.032490385740424,2.766020982706785
1328389979054317,53.449373075501185,92.865706687249542,-3.594160659209577,0.005293396198547,-0.111778583363670,2.743377070832091
1328389979254284,53.412288646336982,92.882957177113084,-3.594945506679898,0.002679899654134,-0.150122217944561,2.702149823729068
1328389979454251,53.306013672722443,92.937961756013635,-3.597266741268688,0.003917588990153,-0.142574128307075,2.659272454991172
1328389979654210,53.152308318683964,93.025745357775818,-3.600729702072434,0.004922804122994,-0.122243942518597,2.624141376086991
1328389979854182,52.973045746207447,93.131056189466051,-3.604815630027027,0.001946804371888,-0.124128609411178,2.629365331365718
1328389980054150,52.745904068751877,93.261835831525289,-3.609991825929383,0.000316600474258,-0.105828089845195,2.642719370810007
1328389980254122,52.468910880671103,93.414265256766072,-3.616283973851566,-0.000214531884396,-0.062721506751312,2.661067921071352
1328389980454090,52.179713610877158,93.561778908275642,-3.617814279125785,0.003936531487047,-0.008255538291474,2.676317602342863
1328389980654055,51.857904586333156,93.723300754176805,-3.619369145989204,-0.005086057501965,0.047646380240468,2.664109836689082
1328389980854051,51.535682390808240,93.889913935433171,-3.620776216548605,0.003922755631439,0.087582200319920,2.663916558363582
1328389981053984,51.221324401347644,94.049973645979009,-3.622000796319375,-0.014359052454025,0.115468788679910,2.663707130617573
1328389981254030,50.914489352403315,94.209660904949374,-3.623057051994610,-0.001643909971911,0.143399099848364,2.654196072979045
1328389981453948,50.619412622531236,94.362187460789386,-3.623946637179459,-0.004080712104935,0.157628243887236,2.669516366135130
1328389981653894,50.341955542848027,94.497976268676652,-3.624679964213466,-0.008922678889633,0.164632937089659,2.692588753067268
1328389981853862,50.081544631636049,94.617110816295593,-3.625283739043497,-0.009696606513889,0.167380389303782,2.718494007367145
1328389982053850,49.837850561515715,94.720787889406225,-3.625778225701785,-0.002693897031416,0.154466165372524,2.742599287670827
1328389982253830,49.611655737751747,94.809863832022216,-3.626178543815557,-0.009256424390300,0.139135233746912,2.768177128051096
1328389982453931,49.395731185057301,94.889684678238936,-3.626509045361361,-0.008725286724390,0.121610887151373,2.775836473757575
1328389982653734,49.189766296862672,94.965760624837273,-3.626775243720174,0.004591359553030,0.101806267049554,2.770760415297591
1328389982853698,48.988949975763120,95.040532572821860,-3.626988914967210,-0.016179287500592,0.083526874992859,2.770349322202652
1328389983053689,48.789871780628587,95.115984676997755,-3.627156270178137,-0.004752648193762,0.062299079845908,2.757758056332260
1328389983253636,48.589545371777845,95.191057469290868,-3.627283955074192,0.004668297716907,0.048861288670523,2.784768275279222
1328389983453621,48.378339565522623,95.261556754273968,-3.627380146368377,-0.013955168228750,0.040793940727063,2.814276388829307
1328389983653567,48.160326662401808,95.330459800859998,-3.627435027906665,0.000407255826721,0.035335063062525,2.822148769255152
1328389983853536,47.924314555558922,95.412339612538318,-3.622248342710130,-0.006219849482333,0.033081367803918,2.863732682310209
1328389984053492,47.674790370827189,95.490611100593966,-3.617014721866418,-0.007589130484879,0.032157482910031,2.870573478379702
1328389984253499,47.413954598405994,95.571243787181388,-3.611771171051330,0.002829792713931,0.035283212988553,2.883050237408378
1328389984453468,47.131269682552187,95.648886647581080,-3.606373268149215,-0.017866001876052,0.041959387648702,2.922904452929575
1328389984653447,46.844395819670339,95.719104909899201,-3.601174412369562,-0.008857929306876,0.050896406343047,2.937132062311438
1328389984853412,46.543937900179579,95.788587303444771,-3.596011735006272,0.000719172641021,0.061690937711014,2.950926625908274
1328389985053340,46.235618589850468,95.855359859076287,-3.591013819970458,-0.016773665094381,0.073956731665152,2.951092957928661
1328389985253306,45.927895808164649,95.928611051573483,-3.586327351865651,0.008242063631301,0.086913858175971,2.916891375500774
1328389985453301,45.625356340427544,96.006511403794519,-3.582021345139495,0.005286135828391,0.092774493470228,2.918962903001302
1328389985653241,45.327829095701773,96.085596804276463,-3.578081486858965,-0.007274749547657,0.093455952151479,2.886974367604406
1328389985853209,45.039088538266320,96.176238927097486,-3.574538891994785,0.026344025972737,0.096253728146566,2.844292992011276
1328389986253258,44.469142261838499,96.363983902356566,-3.568377680926128,0.003124095444709,0.100234296622451,2.862910482559106
1328389986453135,44.188127329542979,96.449815726869033,-3.565743689445291,0.012125991555486,0.100440499644193,2.880581063200430
1328389986653076,43.913962353334128,96.527058286288096,-3.563420345749289,-0.005220438075990,0.101443571484982,2.898750147224421
1328389986853044,43.647749636556327,96.598521042641906,-3.561396013913445,0.017325386397412,0.094989179124945,2.905826892000188
1328389987053003,43.400660852788896,96.660115793803811,-3.559711443112389,0.008652231656038,0.085195306012788,2.938055251218595
1328389987252980,43.147212171434148,96.709070459984986,-3.558215708955944,0.017997236795498,0.093491599251946,2.978966835361978
1328389987452947,42.876093933186809,96.750233427536571,-3.556446279731301,0.016168424442317,0.096460626538598,3.023929053662278
1328389987652939,42.624350193047512,96.777821970056522,-3.554623267176839,-0.001080624516860,0.077107442491344,3.055400501909830
1328389987852890,42.388024616807598,96.798217597139100,-3.552782945079149,0.018492824588100,0.049882986468015,3.077932987658194
1328389988052850,42.151853785220865,96.812195233471414,-3.550801629518300,-0.000831964747150,0.034434736449665,3.104387914231781
1328389988252817,41.892587541995709,96.824230114125953,-3.548515732245623,0.008255667548870,0.038682764417776,3.107328550472944
1328389988452977,41.622660774243400,96.830703544582150,-3.545981920059392,0.009920548786837,0.053124802455633,-3.123224264690688
1328389988652761,41.336374490191361,96.818641059455487,-3.542901604613923,-0.014296198428514,0.081129408845488,-3.061511884200149
1328389988852722,41.057904114556315,96.791360475703726,-3.539519979989576,0.018025607324067,0.108455132133784,-2.997425807529971
1328389989052688,40.809786710887060,96.750438986404362,-3.536070880734025,0.003857982241711,0.093666111006826,-2.935389852546023
1328389989252652,40.592559325253546,96.701609488159235,-3.532672521852096,0.009919644545267,0.050176024129891,-2.892716006163412
1328389989452624,40.374488838985464,96.641276468077564,-3.528896543862966,0.017362740161908,0.016713343980450,-2.839265317565228
1328389989652581,40.130277930951067,96.560117523932433,-3.524206282911353,0.009930821361473,0.020544919740520,-2.796056935058883
1328389989852557,39.867893464836442,96.464204725278350,-3.518792060482208,0.010705908315214,0.041452097986715,-2.784843807890957
1328389990052525,39.595374214977703,96.368712616206082,-3.513122102092041,0.005737787735889,0.058165607849664,-2.820215460919349
1328389990252494,39.319935293523407,96.285632066278879,-3.507606167999396,0.021208284476180,0.065565895030155,-2.850460118687470
1328389990452458,39.049863428965494,96.209363274301609,-3.502224551089742,0.011253045397254,0.057583263801130,-2.857866305273113
1328389990652424,38.783709748042952,96.135991080850275,-3.496873084433606,0.011021513291123,0.060509718774864,-2.859264981394475
1328389990852496,38.504734289746963,96.059169967416011,-3.491171427314920,0.019164116831655,0.080030561941369,-2.853873849223472
1328389991052363,38.193541816409976,95.967447674426950,-3.471503434564364,0.002754356915970,0.100484844350571,-2.837118375710112
1328389991252328,37.889164049218358,95.872824110255578,-3.452026593916298,-0.000240383607372,0.111774360309544,-2.827063183182738
1328389991452295,37.587310988437025,95.775502743093298,-3.432521540845946,0.020275259752986,0.112067382075229,-2.811052048495329
1328389991652265,37.284789903862148,95.673061822223261,-3.412714921164296,0.017493390216831,0.121448996902477,-2.805839360935221
1328389991852228,36.980542657125895,95.568711411794553,-3.392692850680086,0.010348533922547,0.135137173536228,-2.802201878047704
1328389992052227,36.683254573593715,95.466316816852540,-3.373081646186386,0.006828929934930,0.146670438754304,-2.803473156914045
1328389992252174,36.393104874754364,95.367326644633835,-3.353984713608639,0.026934597185353,0.147560577915118,-2.807234102562070
1328389992452131,36.117745615460422,95.272822855283820,-3.335858411217893,0.025104802054236,0.142526440016551,-2.796989571024867
1328389992652090,35.848212332852178,95.172472848488155,-3.317739630889143,0.013619142064245,0.137524424564122,-2.767298653494874
1328389992852069,35.596825348799761,95.070140228939806,-3.300391010719361,0.037576945163554,0.128106954279278,-2.730821099575470
1328389993052065,35.342541613112445,94.953181779859165,-3.282077915240888,0.014759357212239,0.131667075771705,-2.681389888256771
1328389993252001,35.097538121505458,94.827637459291665,-3.263637306673390,0.009539862457412,0.131006936198096,-2.650754965694229
1328389993451970,34.867547509912946,94.701841263136785,-3.245799458654449,0.021073399613889,0.120897476652651,-2.616824224064875
1328389993651980,34.637153347607878,94.558153358644375,-3.226691705566459,0.006566294406487,0.134002082358921,-2.544443569054147
1328389993851906,34.423514180203014,94.403486130413668,-3.207337271709839,0.000854585607470,0.139632724812056,-2.480478848142199
1328389994051894,34.243278530236672,94.257552134776574,-3.189711501073087,0.001833724423655,0.106254235077759,-2.436737268188119
1328389994251836,34.083117106054921,94.116795915369721,-3.173038454608186,0.012306304066022,0.060752546687584,-2.405544462281086
1328389994451805,33.918243918545045,93.964849121762995,-3.155140263430395,0.003905703380227,0.045891872494252,-2.390626708643214
1328389994651762,33.733614003001847,93.795765596681491,-3.135707614567332,0.005361717557650,0.052313430028374,-2.376566031103328
1328389994851740,33.536667413232621,93.609051510355755,-3.114322908790598,0.016332885035225,0.066259058547716,-2.354213098053497
1328389995051699,33.346073880779208,93.417936053997266,-3.092632450449391,0.006781039780483,0.069684241644796,-2.330272896324785
1328389995251676,33.150391357185995,93.223017665100258,-3.070344907127184,0.011677498560942,0.062602133706554,-2.362023630868708
1328389995451644,32.955184850175804,93.039009033978431,-3.048866038840010,0.024756400808848,0.059516926725419,-2.373739312002228
1328389995651611,32.742237721389863,92.840887692068279,-3.025521040005271,0.002644231919467,0.067581733391232,-2.377500224538219
1328389995851579,32.513792239666955,92.628102698633683,-3.000313808159158,0.016655763872869,0.087364088274187,-2.371662760364244
1328389996051545,32.287109419809553,92.407801583310544,-2.974399756890386,0.005988462588867,0.107744856851976,-2.331238447057033
1328389996251514,32.080659200484412,92.188813436998998,-2.949139962252597,0.000974799345065,0.106417630057151,-2.297949014661012
1328389996451479,31.890279029178174,91.977219539895657,-2.924933830885076,0.014995517389759,0.098708417145650,-2.277404098179360
1328389996651452,31.705973538678364,91.762894354722675,-2.900607242834626,-0.012787942217922,0.093299088659284,-2.259871424603912
1328389996851415,31.528251386814276,91.552077433492499,-2.876723247347482,0.011597791393079,0.089328563391162,-2.254143225005444
1328389997051378,31.358142677764540,91.345198820727717,-2.853367462616312,0.002883467277864,0.089163010256604,-2.233434263404470
1328389997251349,31.186578420540691,91.121962137368797,-2.828487758208237,-0.017415635039852,0.093386350031251,-2.193723048060879
1328389997451317,31.022895493400021,90.893921100428415,-2.803377228422354,0.003413075255672,0.092600433688146,-2.172160653909431
1328389997651285,30.866040723178202,90.662897153262378,-2.778163955091763,-0.029688352775590,0.089497041024946,-2.137475427450132
1328389997851250,30.724478676414449,90.437958219289584,-2.753901318677794,0.001979925516374,0.077103243924536,-2.112677968795261
1328389998051217,30.590869355629998,90.214200490044462,-2.729940427540182,-0.002258862078938,0.068142960657804,-2.086022885204732
1328389998251188,30.462667422303831,89.977992714225579,-2.715167727258638,-0.022686739062351,0.069053248708298,-2.090498608390948
1328389998451156,30.321994893947817,89.732591238700934,-2.699721135785329,0.014441128384420,0.070431283245321,-2.119591454358629
1328389998651120,30.180964537910306,89.495509540026177,-2.684691253361481,-0.016095652379178,0.059843775319982,-2.121439344268919
1328389998851089,30.043694717221399,89.269049055007500,-2.670244148278309,0.009178139859641,0.044414844137515,-2.136421110962003
1328389999051054,29.905585821945380,89.046369348719480,-2.655932778881545,0.010783531898061,0.036005249139548,-2.133231264087118
1328389999251024,29.761615253570525,88.807870840160007,-2.640596779071304,-0.024118270015444,0.042396211747231,-2.116888283692748
1328389999450989,29.618153433439346,88.569976796469732,-2.625241525396847,0.017075610911953,0.050308401051952,-2.130585075910025
1328389999650991,29.468167276050799,88.324706721044265,-2.609308758520776,-0.016554438898962,0.047425743483862,-2.122886513825636
1328389999850933,29.323022097350680,88.087926660649913,-2.593857014351286,-0.008226235443762,0.037874332469209,-2.136616728197240
1328390000050884,29.177175077867815,87.857119244939653,-2.578638479912750,0.013301913544616,0.032550321757033,-2.137905356772348
1328390000250861,29.023039181118136,87.608270672755026,-2.562227202622281,-0.026070611041441,0.039014162063972,-2.127233974085043
1328390000450828,28.862378128154589,87.351303084716690,-2.545170139416206,0.009058526974076,0.055877075065420,-2.138969459299461
1328390000650793,28.698487441416695,87.091679653760025,-2.527817097567252,-0.012946014425863,0.061252787837698,-2.130894995702464
1328390000850762,28.541744692669624,86.841447654628638,-2.511051395602612,-0.022574778310666,0.059882775095334,-2.133952874233150
1328390001050722,28.388605914290480,86.603943987004143,-2.494942616157874,0.012355628686144,0.054557360720503,-2.148886461140965
1328390001250722,28.233289960015156,86.362645800515779,-2.478511511064473,-0.036188016065341,0.049740056536206,-2.137940931008047
1328390001450662,28.073151380253876,86.120749547130870,-2.461818386704179,0.003964609132988,0.050859262274238,-2.173244931567810
1328390001650772,27.916434239024269,85.894549588822798,-2.445882977926730,-0.005011443327668,0.048423621012120,-2.167970863133406
1328390001850597,27.756155090052879,85.667611782907102,-2.426343978528397,-0.030461808208661,0.044114091442084,-2.196604122639344
1328390002050565,27.582194797697298,85.442843309340105,-2.406679971847165,0.035622579991626,0.048993231972347,-2.237066393942154
1328390002250538,27.407983503246996,85.225059013671583,-2.387746807590487,-0.017010283327627,0.044803232236330,-2.241283967649816
1328390002450499,27.234215392087073,85.012709118826308,-2.369498946344691,0.013731248500415,0.042208471657946,-2.254311809173024
1328390002650495,27.050450797187658,84.784927911674828,-2.350403625635012,0.024724748255865,0.048840889354110,-2.224144881323336
1328390002850437,26.868020920829011,84.541757563612180,-2.330811403820805,-0.007668527581504,0.071265585521057,-2.202719008919938
1328390003050407,26.688196954512662,84.296341331032011,-2.311501897755547,0.038418693578517,0.092485350683376,-2.194688402402368
1328390003250372,26.515639581432026,84.055993418033864,-2.292990069448591,-0.005768353486160,0.113640790199616,-2.182341686425218
1328390003450336,26.344580030382900,83.812422896256862,-2.274601731322659,0.021212390675778,0.161965292021043,-2.181281538590298
1328390003650329,26.186706317746307,83.593229097964326,-2.258261099603174,0.033567059549147,0.186023636634068,-2.200472671534738
1328390003850274,26.066005239798599,83.427598405017747,-2.246077081316455,0.008506163994323,0.153713789939864,-2.187224415858234
1328390004050240,25.973412671815232,83.298575782254389,-2.236706733744742,0.042674905203621,0.087612372091676,-2.199948377737414
1328390004250233,25.889371021301955,83.183927762921016,-2.228447775468324,0.027436976267056,0.025711417634553,-2.200733039844831
1328390004450178,25.793937166432720,83.052502590671963,-2.219080524817021,0.023578078529671,-0.005339118518836,-2.205523402340178
1328390004650144,25.677180386005745,82.892771493764045,-2.207830740505681,0.037111038735094,-0.013618774121416,-2.199446338852862
1328390004850104,25.554397319866162,82.719441180699349,-2.195791552680140,0.016108870434172,-0.012740158664665,-2.185618213471736
1328390005050095,25.430506921595352,82.539755817617362,-2.183468543681941,0.036561919308601,-0.017556798507325,-2.170350277199638
1328390005250043,25.290718464893644,82.329361782607037,-2.169203361709115,0.026075639245354,-0.018275556008276,-2.159956743256852
1328390005450010,25.148914630555524,82.116860702420240,-2.154991839779866,0.043898903062892,-0.015775517982603,-2.171716521713597
1328390005650008,24.990952813971582,81.880858256536200,-2.139446251219440,0.049425658775761,0.002058613091230,-2.159236862125514
1328390005849946,24.836945325294494,81.641806702475662,-2.123853697862271,0.019319691643961,0.017366469293742,-2.154879782865020
1328390006049903,24.665943666179430,81.396357206632615,-2.105717743528795,0.063081339749703,0.033637025556222,-2.171323254210019
1328390006249880,24.487542915602219,81.135237131957240,-2.086438855985730,0.025673514501913,0.045456951520029,-2.149367541899466
1328390006449884,24.306433360062627,80.861548710009629,-2.066261538013572,0.033928733979955,0.067221277023650,-2.144783560663023
1328390006649816,24.124986857329318,80.581850313078178,-2.045716813958482,0.041005470755109,0.083464655876525,-2.125379357731456
1328390006849784,23.958449011883140,80.309305494824116,-2.025786318971520,0.006039976849372,0.091772694442259,-2.103498821229749
1328390007049754,23.808146259533139,80.055492059543155,-2.007353098396238,0.039806140468522,0.088574005759892,-2.096471494933380
1328390007249719,23.656071508869204,79.788104312403306,-1.988099473982603,0.009969754896714,0.086678383272180,-2.069424659956624
1328390007449685,23.520056363940398,79.532684967287167,-1.969916269957483,0.015802946433930,0.093992147483846,-2.053533703345163
1328390007649663,23.383181736918992,79.269181309188596,-1.951389735705191,0.019994108132491,0.097674920815397,-2.044570272331105
1328390007849619,23.252000496783864,79.009364939028814,-1.933382511185827,-0.005266293101448,0.090883301551866,-2.038370733406762
1328390008049577,23.132052042117486,78.771125079808144,-1.917092083065354,0.016943494748929,0.076991210417588,-2.045330335421274
1328390008249556,23.013461276987812,78.538346820815690,-1.901365951304848,-0.002095024247328,0.064267445954669,-2.050619421174761
1328390008449525,22.888292565935316,78.302119057895837,-1.885542298330751,0.003969737960518,0.058027876772320,-2.084049855853308
1328390008649491,22.756912834747929,78.077393772046520,-1.870432010718050,0.018441140528708,0.056980450101892,-2.126541172492239
1328390008849460,22.615113165896005,77.853264317362715,-1.855235890092026,-0.000172266083725,0.049446968960465,-2.163426115291960
1328390009049415,22.463108296155255,77.635414069840948,-1.840150124472272,0.019111116385939,0.042777873122750,-2.212347098945277
1328390009249428,22.305142282074101,77.426500553358309,-1.825296858195886,0.019268500785918,0.042424676249620,-2.236785248329575
1328390009449375,22.138625965584225,77.219031262959533,-1.814551943265689,0.008360974216808,0.037051247020017,-2.247694821569035
1328390009649330,21.963977203716091,77.004011362813145,-1.803169890053084,0.025449493381798,0.038524273094876,-2.241881078241767
1328390009849293,21.788021171360327,76.777248408851705,-1.791117760251251,0.010834683483071,0.046871443226460,-2.207321987236766
1328390010049261,21.631928467663528,76.559074986909749,-1.779584736631637,-0.005030963802528,0.046471217694570,-2.173320184242643
1328390010249236,21.468465286416219,76.317446450548516,-1.766763435480940,0.000500857686142,0.040402972826626,-2.153858545203985
1328390010449197,21.326602713689375,76.095425959628841,-1.754930532937973,-0.000878838113187,0.034640427842115,-2.120601165100227
1328390010649162,21.171269484562245,75.840648233970526,-1.741245115948372,-0.005559461624055,0.031503321370119,-2.129008525699366
1328390010849132,21.022234401612074,75.606843256712637,-1.728323024068328,0.010659916862890,0.038940364386879,-2.150446436325292
1328390011049091,20.860726715856863,75.364071334680077,-1.714537699435730,-0.005188946060113,0.049242902994556,-2.171433151211227
1328390011249070,20.691862340849752,75.120987606092498,-1.700357617974789,0.026382335452247,0.046845310556511,-2.186571006627795
1328390011449036,20.529913535959238,74.880468688254339,-1.686201546205164,0.002068443574293,0.045880678977451,-2.137920799302338
1328390011649002,20.378164676363184,74.629234825068238,-1.671515899971836,-0.007819370208258,0.057152586739389,-2.108559341032120
1328390011848968,20.235263169938477,74.378747954771882,-1.656793197891186,0.015089745452259,0.061410471690600,-2.071352523794714
1328390012048928,20.104227330475240,74.124278108536501,-1.641860773502400,-0.023544214452270,0.048040491435723,-2.043547381709787
1328390012248903,19.972817164379236,73.867977644921552,-1.626584680814390,0.014203388664770,0.037136258505656,-2.063742704700255
1328390012448899,19.839766055208784,73.619140242603351,-1.611410440044074,0.002744075519696,0.039443372003406,-2.072454392327837
1328390012648837,19.700397496624866,73.359883374246621,-1.595339123837402,-0.003880691933688,0.049635484084115,-2.076660307937413
1328390012848811,19.567355950979106,73.115921016230971,-1.579947860978948,0.011171781985996,0.056431541386069,-2.079679928577793
1328390013048792,19.434385441323734,72.878588859794576,-1.562149086113246,-0.006161950749481,0.050313470020102,-2.065785508977007
1328390013248743,19.295083810351251,72.625304372806198,-1.543335236571595,0.007946346927472,0.043246553247722,-2.064576113280034
1328390013448710,19.157774567810272,72.369920962489232,-1.524565456967283,0.011722218741035,0.042179691328743,-2.039301806895293
1328390013648689,19.023942101783746,72.106411686503122,-1.505518391351795,-0.009679538119967,0.047472757442892,-2.028009805179608
1328390013848664,18.887659599675068,71.839771943729460,-1.486366092862133,0.010119655185633,0.050878731269581,-2.035210653703873
1328390014048610,18.754430688793640,71.582173812514981,-1.467967602597512,-0.010946881999813,0.051281710621791,-2.042198988733158
1328390014248578,18.615323484434015,71.327174734113029,-1.449722072180375,0.016066597396603,0.045384624480229,-2.081927298197575
1328390014448543,18.468519916258984,71.081525608284664,-1.431961405947057,0.014601700918004,0.041939126456996,-2.115254130170268
1328390014648512,18.309246419521337,70.835062098030363,-1.413959887772964,0.013358540909374,0.042975314107687,-2.146645583425288
1328390014848477,18.141482600213180,70.591082550664879,-1.395989938444245,0.030594960531797,0.050908995404694,-2.168671005445337
1328390015048445,17.971097515991502,70.350703588811228,-1.378255987052782,0.008912545298395,0.056613080240880,-2.175043580710977
1328390015248412,17.798184106310330,70.111944736435930,-1.360647925635344,0.024982575212162,0.057797913256752,-2.188401122843461
1328390015448381,17.624608865362148,69.877131210977353,-1.343339294762958,0.022531342593263,0.054321393192478,-2.189325142093161
1328390015648376,17.450170352097288,69.640221714147401,-1.326003291785185,0.008401635669179,0.052185618112547,-2.189840531101776
1328390015848314,17.276761909972265,69.407917476983712,-1.309046962545572,0.026655250659678,0.060948792654655,-2.195979925785775
1328390016048362,17.097838727789430,69.168886818893952,-1.291700189381112,0.015190222620815,0.063368855904900,-2.190841914075032
1328390016248250,16.925191849788057,68.938376274733287,-1.275082056248368,0.004320006735513,0.057415522766091,-2.202733426905298
1328390016448214,16.751998645302457,68.717903347492054,-1.259059030382802,0.015137542515142,0.053413740296402,-2.229837495061927
1328390016648182,16.585626401836485,68.503766439463135,-1.239117997620469,0.004482717135394,0.057942039322883,-2.257918983333487
1328390016848151,16.402188601459663,68.284786365520148,-1.218654356114468,0.014278922552032,0.063646390394762,-2.302496348795078
1328390017048116,16.214041145750976,68.078949373266994,-1.199221081214073,0.018263642540037,0.062456774920934,-2.335852365900724
1328390017248084,16.018731010689045,67.880585984685268,-1.180342336099847,0.017297747907365,0.057567925625907,-2.380523265796336
1328390017448053,15.817085502632324,67.693797855627110,-1.162227756641927,0.022314785535235,0.061893582540171,-2.419882343742079
1328390017648026,15.598184761228453,67.505175127551581,-1.143717012322595,0.014014928559692,0.070135766752949,-2.447441588448439
1328390017847988,15.374065078936304,67.323032118696062,-1.125740996358886,0.008768132369659,0.072608150499648,-2.477700402984849
1328390018047968,15.150239709117606,67.151129290992969,-1.108680935523360,0.020656532604355,0.069799839167269,-2.494949609958829
1328390018247923,14.930915743045155,66.982954366137804,-1.092401352539283,0.000712066157453,0.070500583719355,-2.478726668502071
1328390018447925,14.713550102018814,66.809041562946135,-1.076411037582043,0.000154962963215,0.071314012038433,-2.465870601804237
1328390018647860,14.480017798831440,66.625550986996330,-1.059877749634994,0.013578225864444,0.073774863706724,-2.491095360483251
1328390018847825,14.268577719043336,66.466616570093763,-1.045630612947417,-0.005128397561333,0.069752633322581,-2.507356314697307
1328390019047787,14.046834391396501,66.308138334353941,-1.031425439359579,0.012558996590134,0.064910770444969,-2.542867172360513
1328390019247762,13.815012782869729,66.154369158322908,-1.017435852103421,0.003497850044615,0.067356218986623,-2.566056672650459
1328390019447730,13.575127159655850,66.003090401990676,-1.003679196318506,0.007730608897532,0.067493603036771,-2.598284307585628
1328390019647694,13.325756840664781,65.857193693845460,-0.990203050360279,0.028907003333014,0.073051833230025,-2.614675099695427
1328390019847661,13.075831995200886,65.712261692708665,-0.977219121792820,-0.003518481620359,0.079834117968183,-2.614142794042650
1328390020047638,12.820641402849475,65.568165912667240,-0.964568870015699,0.020857179912269,0.090370852921758,-2.643266591991960
1328390020247596,12.574705343054319,65.437476038023249,-0.941845368131891,0.015616616123207,0.095034472531661,-2.684042024822050
1328390020447567,12.315401025176939,65.311742106832185,-0.918907382420810,0.019413377478450,0.089731785521241,-2.714221657925043
1328390020647541,12.047038185546128,65.192452034640610,-0.896099789317501,0.026937006602361,0.096880127120282,-2.751771445361743
1328390020847499,11.763963519263626,65.080252863400943,-0.873024091147717,0.007015634689800,0.109554972339222,-2.792497149770202
1328390021047469,11.470010617369041,64.979413637956512,-0.850029537213117,0.034599705550419,0.127400023905562,-2.847965163149191
1328390021247436,11.175697521513428,64.896210835978835,-0.827900160657165,0.036719981984163,0.135227676962866,-2.886202637201224
1328390021447405,10.892169585277401,64.820995511189523,-0.807110835801915,0.010350765540312,0.127472322203963,-2.883004928610925
1328390021647369,10.610686604075795,64.745710016213707,-0.786905027735906,0.022990944177317,0.129156133932964,-2.887972359152655
1328390021847335,10.329921511908822,64.672370353397667,-0.767234409897752,0.015457286401233,0.139494702797013,-2.881914435552431
1328390022047304,10.042496140309197,64.592829236271527,-0.747553470240633,-0.005705878821329,0.146222425511787,-2.878072591845011
1328390022247281,9.761386065753925,64.521255566528694,-0.728861894982839,0.009915579347535,0.141359549827780,-2.918954156417300
1328390022447245,9.504506103489504,64.468882808045777,-0.712258450438533,0.014139476612699,0.123708032701630,-2.965344937574278
1328390022647203,9.250160139059162,64.427029789483385,-0.696191651078180,-0.004443949614880,0.108826781903539,-2.990140059653084
1328390023047141,8.701113452282769,64.353206836087054,-0.662602742626339,-0.000760191810136,0.129741774177048,-3.016901619079041
1328390023247107,8.427793611741464,64.319245273554898,-0.646428544003681,-0.004828940880960,0.129193402776789,-3.017110422641381
1328390023447074,8.164051539827568,64.288061657629243,-0.631167109553402,0.005286980558717,0.113664039838924,-3.026142084094477
1328390023647043,7.907674542145131,64.258973182046503,-0.616659804658048,-0.006222916322181,0.098828334688047,-3.023622801424708
1328390023847013,7.642466624264699,64.233496898888916,-0.605263928357827,-0.010264382701348,0.109018128636631,-3.016464811355851
1328390024046977,7.352777501804198,64.204770301867995,-0.593406749684342,-0.011708008841542,0.119942318722099,-3.013152605888231
1328390024246944,7.078600185197047,64.173736707118636,-0.582762113272754,-0.013967071978925,0.116865832629165,-2.995241112075739
1328390024446911,6.810423738277976,64.139149688898669,-0.572882154631988,-0.006076021863420,0.102508395075318,-2.986680246000471
1328390024646878,6.530116648200661,64.101327737594630,-0.563099490678145,-0.006569458158815,0.113795874479047,-2.983059734254171
1328390024846845,6.240047406455787,64.064095172956542,-0.553559669594730,-0.009506434807418,0.134890757407691,-3.010287715904125
1328390025046805,5.976141028401756,64.039598078153176,-0.545412085125257,0.007108548009445,0.123008778769189,-3.049299628045564
1328390025246781,5.735586042137754,64.025526475042625,-0.538448482687057,-0.011591442753427,0.088083250487782,-3.081230033432263
1328390025446746,5.486672629776663,64.019903686414452,-0.531731211379285,0.004183578562086,0.069646354211292,-3.122103912307344
1328390025646715,5.213378500632587,64.021330617690140,-0.524953081895161,0.013394850708934,0.078373092268028,-3.129942324413521
1328390025846680,4.941830713704277,64.021037305158956,-0.518830049265246,-0.018905833463622,0.088764190616016,-3.121287301982298
1328390026046641,4.666198808601081,64.018802000838761,-0.513244763026727,0.010147449245462,0.086518220541890,-3.107020366665450
1328390026246618,4.397947714468998,64.006417586221204,-0.508350214184683,-0.004140735455843,0.079274966359856,-3.050088724914531
1328390026446582,4.136182952853574,63.983152293105306,-0.504027588981992,-0.004346768830704,0.073533236905821,-3.034180537987427
1328390026646579,3.862813671940501,63.952758901621308,-0.500002910639122,0.012965200458284,0.073255987003571,-2.993600444045443
1328390026846518,3.598105527458856,63.913838403779842,-0.496501016413029,-0.019718745370195,0.066711445611245,-2.988673764957002
1328390027046486,3.325432034336785,63.878352022756808,-0.493491837382779,0.017851127045674,0.063361923722209,-3.008291650651430
1328390027246453,3.042722889791051,63.833726852888041,-0.490813822242977,-0.004215632144823,0.085597673051142,-2.933013789161288
1328390027446423,2.749427048817680,63.767495657261705,-0.488192079704717,-0.004827538745550,0.136095208930031,-2.889077914582380
1328390027646390,2.472672499011011,63.696932277485175,-0.506671528828002,0.019611293515465,0.163741724158079,-2.814733849259979
1328390027846356,2.242960826210236,63.617856038897777,-0.521163305204595,-0.025372281929819,0.160862968340041,-2.732057674732553
1328390028046323,2.079234810947995,63.549887612972839,-0.531015112978402,0.026691482112742,0.125596106737808,-2.701972569100834
1328390028246293,1.934695334490613,63.480550376687702,-0.539368301418274,0.008575311988947,0.085507135648988,-2.622939760559778
1328390028446257,1.799885778719826,63.402821796950292,-0.546829094245930,-0.014382306272283,0.060673196633988,-2.567173371418220
1328390028646229,1.686848133871948,63.330354909141107,-0.552840975742702,0.027964223059024,0.010930242196137,-2.508346837215454
1328390028846195,1.578138005962614,63.248296260731493,-0.558360697391690,-0.021306700681909,-0.030160767964839,-2.443490360457004
1328390029046162,1.452749647326144,63.144058138560581,-0.564424326489599,0.008598533507543,-0.043053602932542,-2.397930562479060
1328390029246127,1.319281963903975,63.013931357394185,-0.570430370627631,-0.003685829582210,-0.046903525658763,-2.301185954897526
1328390029446097,1.181313146108110,62.859211240955496,-0.576105044849284,-0.001151852929556,-0.043490298930933,-2.259499800504249
1328390029646062,1.042363103567084,62.684717546073209,-0.581232875595753,0.034694097413173,-0.038593625815093,-2.170816700959984
1328390029846029,0.916355741988099,62.484034818708764,-0.584999539494931,-0.007725280724941,-0.022337019543719,-2.061203422966173
1328390030045999,0.800398788558624,62.262848547270906,-0.587579054302354,-0.024825547731796,-0.003171146248681,-2.020119036140521
1328390030245964,0.694666059462705,62.034466573294033,-0.589129306306114,0.008697300925386,0.008511630159626,-1.952047864906185
1328390030445932,0.608186677796411,61.793370569627065,-0.589181323210928,0.000794805504249,0.018054474200805,-1.851328033402648
1328390030645898,0.544774476518086,61.551401694864850,-0.587807868654284,-0.010725882774205,0.026245508179751,-1.783469542048407
1328390030845867,0.499923424196410,61.319257732587872,-0.585476978063981,0.007951285565725,0.020619506909452,-1.714598025949577
1328390031045832,0.473185337026720,61.107449505814245,-0.582508952326441,-0.009665029564196,-0.007230195892477,-1.672319358119561
1328390031245802,0.448743825133249,60.896958523097389,-0.579253169740442,0.003819794981064,-0.036452190389422,-1.694513663082564
1328390031445768,0.417981040222173,60.674730823782369,-0.575772622254114,0.007478761051783,-0.048145335539392,-1.708897130571306
1328390031645754,0.381615588828026,60.433009344852906,-0.571811517534919,-0.007716740327039,-0.040700129016589,-1.723473206199086
1328390031845717,0.337589924039577,60.175037574796832,-0.567439724759463,0.005141547764189,-0.028141010091819,-1.739195423032429
1328390032045665,0.294177365286345,59.919655275047191,-0.562757482077226,0.001300216250894,-0.028492608896299,-1.718760234456999
1328390032245682,0.258898789023220,59.665764345434120,-0.557496876752894,-0.006390752792313,-0.039179344425078,-1.685194169027519
1328390032445605,0.231970644483681,59.401333441739787,-0.551359467076585,-0.002238714676288,-0.039689302557333,-1.647520602320330
1328390032645564,0.216433293981979,59.132825179326105,-0.546413561221490,-0.000332252941317,-0.027681113523189,-1.612250639094656
1328390032845540,0.210771798405347,58.858547204655466,-0.541241559017618,-0.006974777283713,-0.020682600105952,-1.581527422079187
1328390033045520,0.211686055640783,58.581348505081742,-0.536016261023202,-0.001001797764761,-0.021592254965750,-1.559644016738906
1328390033245475,0.220772956670899,58.301340292656519,-0.530687911701637,-0.007395354108938,-0.025792971617330,-1.526224691802855
1328390033445443,0.237108022337850,58.016182818272057,-0.525252389907047,-0.006670089476115,-0.022425696951106,-1.511727851385365
1328390033645416,0.260377685894085,57.720751118544470,-0.519649587362964,0.004142162220889,-0.009934780129926,-1.476033769172076
1328390033845379,0.295067873648392,57.425071065573960,-0.513894912398218,-0.014297446233384,0.001092649224124,-1.448915124329246
1328390034045349,0.334408820541753,57.133884499823004,-0.508290807768094,0.001400039168643,0.006268882991046,-1.427204956925372
1328390034245311,0.382617983998287,56.849188295192846,-0.502701713368539,-0.008932196924256,0.001719918175509,-1.391239059041866
1328390034445283,0.435267439789698,56.573428264542876,-0.497297714895357,-0.009329871533537,-0.004288342970609,-1.388912213867265
1328390034645276,0.487392509576409,56.294750733469854,-0.492096796902230,0.007404849279147,-0.003289521608202,-1.388732370987273
1328390034845213,0.541675417158203,56.006284666587490,-0.486937442399066,-0.015636290635867,0.007470000515958,-1.392789773305926
1328390035045174,0.590094682856119,55.718371065291109,-0.482233803341990,-0.005205549306134,0.021854272279877,-1.420742237532007
1328390035245148,0.629992412299657,55.439376042608458,-0.478156455519325,-0.003470414495424,0.017826821825556,-1.435818202042182
1328390035445119,0.663683333541826,55.176064079491582,-0.474657865786899,-0.014814483277433,0.000824744893856,-1.454032314308584
1328390035645098,0.691639202220529,54.921303056957484,-0.471631274698023,-0.002332927848726,-0.012958738556033,-1.461641398366447
1328390035845067,0.720703673861379,54.658542322849101,-0.468699751834356,-0.022402502297278,-0.021089232265065,-1.462018312014275
1328390036045010,0.746413485532329,54.389199857094830,-0.466050208389789,-0.012567130674147,-0.018691405590439,-1.484198282139642
1328390036244989,0.768082328366745,54.114777916753148,-0.453293789454030,-0.008224660305798,-0.011909743035240,-1.479141250300977
1328390036444952,0.791048917661016,53.830973671762038,-0.440508547321685,-0.022640694724022,-0.012454871644818,-1.490979035111855
1328390036644919,0.809629894241127,53.543393761648218,-0.428183264037339,0.005241378604945,-0.011913766603797,-1.493434886190547
1328390036844887,0.833098089300364,53.252116528690564,-0.415974858057204,-0.017927110431113,-0.012212023536481,-1.473954610621254
1328390037044846,0.858350766962545,52.950645228050966,-0.403785304572968,-0.003207965994339,-0.002948106844226,-1.479553538556179
1328390037244824,0.886386496170630,52.640678270259450,-0.391682574466460,-0.003317269308531,0.007665117679915,-1.464752143104117
1328390037444828,0.913108299370890,52.328295147502587,-0.380075179301394,-0.008874627872009,0.019871204382560,-1.492991104044188
1328390037644857,0.930696954844237,52.027465720018824,-0.369733390942725,0.008876054655095,0.023112473793130,-1.502986188702375
1328390037844734,0.947691813935151,51.734396832981950,-0.360142973965847,-0.017414998671938,0.014784533218808,-1.508841037428480
1328390038044730,0.958522809080975,51.445358822041790,-0.351393818933014,0.009370777060540,0.012225394904017,-1.533425429014783
1328390038244664,0.966351384225760,51.150952453810106,-0.343092707559375,0.006990073812986,0.015565416058882,-1.532935735262185
1328390038444627,0.971204535920904,50.857689479146529,-0.335428459319603,0.003909618963331,0.021312742754227,-1.557542003926040
1328390038644596,0.970388890115231,50.568182178473293,-0.328571977215354,0.025151430590870,0.025986604895129,-1.560136072444679
1328390038844564,0.970795062906930,50.280776466310428,-0.322183459763445,-0.002932290498736,0.030411064265629,-1.559525004213676
1328390039044530,0.966614296049954,49.993499065195998,-0.316461297957098,0.024711230302405,0.025499025759268,-1.582250394864767
1328390039244498,0.962610044984856,49.717250657553521,-0.311402900651288,0.005601216088433,0.016659720673333,-1.566056199517187
1328390039444462,0.956651765327223,49.444181548599303,-0.306918612423133,0.008577958482136,0.014525158279659,-1.600065318936480
1328390039644429,0.942140389974071,49.186108558785065,-0.305662456249493,0.025046480607987,0.018252870785929,-1.595082817879727
1328390039844400,0.931110349145314,48.922365997947594,-0.303919389524623,-0.015923702119090,0.008927468377302,-1.599158269946817
1328390040044368,0.914766879419375,48.669689397708744,-0.302119176437174,0.020744861630078,-0.005032384606070,-1.620196370557418
1328390040244344,0.899950078330590,48.415420056348076,-0.299932504153197,-0.003210825857663,-0.019594153411578,-1.603684127135924
1328390040444300,0.882071365600893,48.143905576113198,-0.297290259496525,-0.000895096236519,-0.016540422844603,-1.634480225161693
1328390040644259,0.861250826266129,47.863962141443764,-0.294218336560599,0.009515449944023,-0.003299737653983,-1.610219629519995
1328390040844263,0.848540677342513,47.586703120990343,-0.290595784315840,-0.022697272858408,-0.003972072245301,-1.605701117702691
1328390041044194,0.834605208611208,47.320150826197789,-0.286785907562269,0.009207918782697,-0.013704513736385,-1.603374689047939
1328390041244173,0.829335067419834,47.049702576387979,-0.282409669973145,-0.022604807961446,-0.025491545377332,-1.561428178487586
1328390041444137,0.828995219821294,46.764202556645884,-0.277358660649771,-0.008736609930792,-0.019103129086426,-1.566896851027236
1328390041644104,0.831207607099188,46.470819962706983,-0.271779415769554,-0.006812576127635,-0.007690401727240,-1.540409122234534
1328390041844075,0.836542584060325,46.174949206048581,-0.265770702942231,-0.026736962782517,-0.003884106580202,-1.575053881622958
1328390042244006,0.821374333741971,45.607235608892367,-0.253344085684856,-0.028279028205730,-0.017033453545188,-1.610028847440558
1328390042443973,0.800857996154150,45.326522832312108,-0.246624641695047,-0.000818403423469,-0.015783686863117,-1.671798592032192
1328390042643958,0.768804761067713,45.039569783820980,-0.239250314006141,-0.013130285605918,-0.007793764571029,-1.688916422586228
1328390042843928,0.728816608838017,44.754921375490241,-0.231350670294489,-0.019463140395467,-0.008099215232622,-1.740669584635382
1328390043043889,0.681943800801974,44.499533131038007,-0.223662263355687,0.005498956454188,-0.013035497051647,-1.753640648214100
1328390043243843,0.628593314486253,44.237986033712090,-0.224506830220824,-0.019044243192747,-0.022635168162619,-1.740795609434802
1328390043443834,0.572089018873442,43.961707120825920,-0.225183592040882,0.009264881090130,-0.023867396199506,-1.743605385753603
1328390043643776,0.524428258462933,43.675902198064676,-0.225668573278133,-0.026903147942753,-0.026011767384580,-1.684002486276756
1328390043843744,0.480925574353151,43.401464383768712,-0.225903381594192,-0.015721810387749,-0.030233222988457,-1.726563263356953
1328390044043705,0.431005766564553,43.116383480063305,-0.225900649805036,0.010254526328973,0.013623058243031,-1.697844466558588
1328390044243681,0.388797295139369,42.830190508517148,-0.225652172804948,-0.025181434744659,0.031064849520920,-1.701056525551591
1328390044643615,0.324343983670090,42.395337131121678,-0.224788703339181,-0.024152813966177,-0.063551473900589,-1.667789492998483
1328390044843629,0.293835310995036,42.176439866339308,-0.224129819164968,0.000315870007743,-0.091460980287495,-1.695489428097023
1328390045043545,0.263334716734136,41.918683396792801,-0.223150769627909,-0.007216631319803,-0.084518749106021,-1.632607390170186
1328390045243518,0.239260383219630,41.640163557580948,-0.221829119952091,-0.015447672016123,-0.062011904423824,-1.641267892152325
1328390045443487,0.217157001557567,41.359023423797240,-0.220224345871366,0.006074945511286,-0.053407043864414,-1.597069429000489
1328390045643450,0.207238895912596,41.081212072853432,-0.218328717541212,-0.022617651038879,-0.062735319561674,-1.585919179977956
1328390045843498,0.195289506451545,40.809672327422788,-0.216219532344676,0.007982603323122,-0.069333166012199,-1.586640627255920
1328390046043379,0.192273656750544,40.513687103222054,-0.213570037577252,-0.022474615997991,-0.061972113775249,-1.545979196682367
1328390046243358,0.189000424678511,40.203836885980280,-0.210449998630782,-0.004218402756697,-0.042472066575642,-1.570038358402818
1328390046443335,0.187441554865330,39.895203071663857,-0.206977768645692,-0.004062600819064,-0.036503119937050,-1.535110359022692
1328390046643285,0.192523227101091,39.590498869375239,-0.203151376978424,-0.017603942051774,-0.041662170535923,-1.544873900959613
1328390046843257,0.193727306228197,39.305632123745923,-0.199282057557427,0.010256930856828,-0.040036064626811,-1.533144322809093
1328390047043225,0.210063611090476,39.007060955586383,-0.194292016065435,-0.021809137634705,-0.030612165314429,-1.517845247435569
1328390047243191,0.221648220256640,38.706416962765573,-0.189464202785439,0.013667265053737,-0.014504607812770,-1.536601399865410
1328390047443161,0.237078327948367,38.410156615220302,-0.184796768564353,-0.000097335319071,-0.012670116976962,-1.500636437995925
1328390047643137,0.254463901320108,38.120659501757217,-0.180327431189328,-0.014178186819631,-0.014327008869602,-1.533164522689911
1328390047843092,0.264518866943249,37.834146715258299,-0.176144567843256,0.008231896075690,-0.017898217956045,-1.518912458592416
1328390048043061,0.276686552538024,37.560434702889211,-0.172228558743547,-0.019550855003969,-0.041869957565064,-1.550635019729536
1328390048243029,0.278447740850083,37.283817711238115,-0.168602766842093,0.021681283252681,-0.031412744447125,-1.551869609441725
1328390048442994,0.285190844246031,37.008200088564848,-0.165030778402139,-0.010694321321593,-0.028375061770629,-1.544525656876207
1328390048643070,0.287345821039665,36.739380925105621,-0.161777493610634,0.013198977811158,-0.031542097080863,-1.568540468004225
1328390048842927,0.289013499328732,36.477452797362460,-0.158751699135911,0.004178131675930,-0.044382405022895,-1.551114692943924
1328390049042899,0.290001411822089,36.211772870296173,-0.155836020747182,0.004894017090253,-0.055477613290033,-1.581867926973885
1328390049242869,0.283194637379495,35.942868383083578,-0.153238965746274,0.020680670630428,-0.055713938508014,-1.593968915307063
1328390049442830,0.271988190571435,35.660583901065635,-0.150805534111780,0.004348908935806,-0.049142527513200,-1.620961341575627
1328390049642799,0.252477318221366,35.378996376640046,-0.148822937373970,0.024417923192389,-0.046641361360603,-1.633336293812581
1328390049842769,0.234208283203998,35.100774063479491,-0.147043438638541,0.006813658819449,-0.053519205877851,-1.629203338071750
1328390050042724,0.212065238692944,34.823007498152720,-0.145604292617124,0.018115297205899,-0.056207844775157,-1.646584942782562
1328390050242710,0.189736740806225,34.522692413524638,-0.144236151895128,0.013813192159462,-0.041943448238443,-1.624743924434845
1328390050442670,0.170124415145253,34.233592770418042,-0.143083976280612,0.011285646220035,-0.029385451483490,-1.636727412809517
1328390050642637,0.149726282816317,33.934437921975217,-0.147655314031992,0.022966373980680,-0.025508996415292,-1.628507314539925
1328390050842606,0.133729099729862,33.644058276088344,-0.151607615913481,0.007051140456192,-0.035173176980070,-1.629857199256355
1328390051042570,0.114064407816755,33.356195375343489,-0.155334687297010,0.026086890246083,-0.037881683823664,-1.638201840287429
1328390051242540,0.096045730928495,33.056013414722244,-0.158775290093615,0.013212454575652,-0.025780500067168,-1.624410024542845
1328390051442509,0.078585462277672,32.754172373955413,-0.161846951201302,0.018999408329991,-0.017073735659743,-1.629428255914758
1328390051642475,0.063234083841962,32.465628339330237,-0.164393266673762,0.015732438911543,-0.022886622485442,-1.617400463796188
1328390051842442,0.049340142656831,32.188830802997273,-0.166492597492370,0.015608859098572,-0.033901991302423,-1.628983839114614
1328390052042427,0.032545215976498,31.905847089934383,-0.168415830434414,0.030283710351185,-0.033976291343853,-1.625243242320448
1328390052242378,0.020231752922939,31.616751890098698,-0.169873965204133,0.004409788866917,-0.031841149812606,-1.610361370142863
1328390052442344,0.007592261592777,31.341330684337123,-0.170984760297343,0.011322565170257,-0.033517221428968,-1.621145402886048
1328390052642309,-0.002735002105126,31.062966428075214,-0.171711152035215,0.006934803775756,-0.035552057768088,-1.596066514720469
1328390052842279,-0.008161838200550,30.796713638076042,-0.171958042987250,0.005888148367666,-0.050522472304390,-1.592791567525796
1328390053042252,-0.011038305018289,30.531794360543131,-0.171834286940283,0.018684607429935,-0.062499534540514,-1.567220918539529
1328390053242213,-0.005566209735051,30.256470837779133,-0.171113816567661,0.000212968248441,-0.061779993555537,-1.551110621467145
1328390053442180,0.001033986894512,29.970588078910239,-0.170017073137208,0.015865692069442,-0.048363191216289,-1.544800091011310
1328390053642151,0.013332735382477,29.685254859145928,-0.168402947097647,0.003935255972611,-0.046342198723137,-1.522318338300421
1328390053842116,0.027678947079849,29.420369233160770,-0.166516805926817,0.004263540742415,-0.054239345423885,-1.522294076020177
1328390054042074,0.042824026159522,29.146294421656165,-0.161920244725163,0.010124770873943,-0.062194765474098,-1.515547943795630
1328390054242046,0.060769605159308,28.850443066393311,-0.157243667456323,0.000837746424595,-0.057165242116633,-1.517691914091224
1328390054442018,0.075857150311265,28.543189130652266,-0.152887705593602,0.015098135196105,-0.044366438997295,-1.530146951992982
1328390054641986,0.089463209466231,28.239903200684537,-0.149012907765021,0.012876499255130,-0.035773170887466,-1.525766339584933
1328390054841951,0.102282160179001,27.942669193274455,-0.145600266642105,0.013569949514784,-0.038415862211693,-1.533749807874520
1328390055041931,0.112466751818204,27.648071027535053,-0.142672203393623,0.018719528611693,-0.045936183170564,-1.536882543190520
1328390055241885,0.122847580394279,27.350040664332241,-0.140072584025783,0.008943031378605,-0.038362804330502,-1.537247811797517
1328390055441855,0.130137612910232,27.037799821200153,-0.137886673047957,0.019132215323403,-0.024095693917644,-1.553342565087678
1328390055641824,0.134990030013739,26.738347557965440,-0.136261661307782,0.019534893937953,-0.019779733666529,-1.550164803176764
1328390055841787,0.138624116431160,26.449864955594009,-0.135097931350978,0.024957133389679,-0.024817664938668,-1.561796518375770
1328390056041745,0.139821077396590,26.163720608791152,-0.134394621679583,0.033028480815264,-0.032089838751598,-1.556314368268146
1328390056241737,0.144032250895108,25.869332148892255,-0.133908026831731,0.001387409173224,-0.027843137878314,-1.558485895406810
1328390056441690,0.140906377823370,25.592275644118871,-0.134096907084737,0.026364971936375,-0.027013409806291,-1.593281555683282
1328390056641693,0.134882216764026,25.287323836568319,-0.134808032588624,0.023513304761513,-0.026129543370146,-1.567620763093597
1328390056841625,0.131638602310403,24.996473656195349,-0.135753516532136,0.013458526740190,-0.026361919176597,-1.592569624030450
1328390057041592,0.121571403517748,24.714234937893153,-0.137345383089363,0.042666808315881,-0.026707240865054,-1.589072958727773
1328390057241560,0.116049260740994,24.427894338565935,-0.139103703907822,0.005462027577551,-0.025177288327427,-1.587901921726472
1328390057441526,0.105745595705898,24.134147789863391,-0.130227456858834,0.039444602008910,-0.015785153081814,-1.601327822001706
1328390057641496,0.101288115832659,23.836580101871320,-0.120923010295992,0.016950458293609,-0.012636345277184,-1.558705796461626
1328390057841468,0.103495712760846,23.543348767503602,-0.111410999870949,0.012063554080279,-0.011877987631293,-1.570560444024872
1328390058041426,0.103353573958671,23.252686506189434,-0.102060954107987,0.038389121125709,-0.012032421520323,-1.553390676416736
1328390058241412,0.112614695052216,22.952785738524298,-0.091936314002060,0.003961259217303,-0.002424954506166,-1.534829622590871
1328390058441366,0.122296159483099,22.646631455501108,-0.081555814753408,0.031884756866400,0.014582588669442,-1.537344181424438
1328390058641333,0.137343834494374,22.351756206095814,-0.071254540722614,0.009708455698672,0.017439182407772,-1.505803551241998
1328390058841296,0.154831340642502,22.072687160687835,-0.061323487321008,0.010387717116025,0.004292479173868,-1.524793446415583
1328390059041257,0.165953814110253,21.796715497877415,-0.051769022755897,0.029010594838007,-0.007581386704750,-1.532326133383559
1328390059241232,0.178930642251345,21.517848115065817,-0.042005789063464,0.001550747014330,-0.006417941843068,-1.534921033132728
1328390059441202,0.186239620145258,21.238872559429979,-0.032479906583653,0.034233386765202,0.002574288877753,-1.555292669632507
1328390059641167,0.194566046467344,20.962844941477059,-0.022976511726731,0.011125098950003,-0.000592291889682,-1.539274122509140
1328390059841148,0.202420514993577,20.704849023026668,-0.014067000455116,0.014721180908194,-0.010785952666792,-1.562559547002107
1328390060041096,0.205102265824550,20.441864381899251,-0.005209962226272,0.033843400562016,-0.019651328558800,-1.566085061822983
1328390060241069,0.208787149560607,20.173406123467956,0.003901073564069,0.002023174269332,-0.024641129602058,-1.577902231985230
1328390060441035,0.205430022246304,19.894786449136063,0.013052592505063,0.036509312156070,-0.012287970460729,-1.597673992484692
1328390060641005,0.203404805509678,19.613804880775760,0.022374660168415,0.010548309505303,-0.010716692470282,-1.583035149072403
1328390060840975,0.199360587735981,19.353527008187967,0.030937293528150,0.019569999838990,-0.022393477344040,-1.614528418569778
1328390061040930,0.189540935379114,19.074611464450641,0.038007252450650,0.030366510475020,-0.024645768712121,-1.602760104977421
1328390061240906,0.182135414559895,18.791660374681129,0.045535922726404,0.010144105676376,-0.019195824142121,-1.608277862481281
1328390061440871,0.169915085953164,18.504362552344276,0.053228347072824,0.029026377327892,-0.016463031929545,-1.622885241494044
1328390061640841,0.156607866209015,18.216785038112349,0.061141137203437,0.020188531642637,-0.019192998021474,-1.618778340259844
1328390061840807,0.142396544250460,17.926737415414237,0.069352000923264,0.021162837712125,-0.018167516383482,-1.626466118042048
1328390062040777,0.126347319666550,17.633168342424497,0.077864642920420,0.020261092688472,-0.017057887407481,-1.628020729930455
1328390062240741,0.110733370526304,17.336359666774754,0.086772724871193,0.015152611360429,-0.010769960895264,-1.618296977134767
1328390062440730,0.099101472532212,17.043709119188748,0.095973598715196,0.013930169103505,-0.008570847668513,-1.604389613371055
1328390062640680,0.091981138307858,16.746701860082950,0.105759718866872,0.018551297745272,-0.008538252519831,-1.582512485046427
1328390062840643,0.092157791612564,16.446514400178685,0.116195635629015,0.006679337157843,-0.000697406434339,-1.559978708975381
1328390063040617,0.096190430302997,16.142060096287381,0.127186200728589,0.005785417369146,0.007822382475347,-1.554021287936374
1328390063240581,0.101991182212885,15.852842688807144,0.137938472397741,0.010056362820362,0.008431575534182,-1.543269086455748
1328390063440545,0.109051387197027,15.568803101938443,0.148770630533803,0.000143003788242,-0.000710556577331,-1.549919328181039
1328390063640524,0.110771385099710,15.285798322281011,0.159598773357956,0.013480690151568,-0.008590258008711,-1.575233705588994
1328390063840481,0.107338331414908,15.001085496515373,0.170546797428530,0.004464211177944,-0.007399680223437,-1.581697789246963
1328390064040450,0.101482801093439,14.723596342893998,0.181362154724222,0.004399030007083,-0.005911311649733,-1.598816440766236
1328390064240417,0.091731306083659,14.438437457553675,0.192595115692478,0.010792567890152,-0.005882807189853,-1.598444759719682
1328390064440395,0.082921877377643,14.173465388463171,0.203261372958973,-0.005136821319098,-0.018990150044147,-1.606996008948098
1328390064640371,0.072371549479456,13.917231643337246,0.209242909298953,0.011113279601183,-0.030014535437967,-1.618157493858182
1328390064840321,0.061694048057063,13.640572595316200,0.215623365991328,-0.004462611221846,-0.028413754857159,-1.610540841264661
1328390065040277,0.047053332702347,13.357762956354378,0.221920550833885,0.018109548886830,-0.027947042733906,-1.643840660460471
1328390065240254,0.030739663094693,13.094304803198213,0.227602590558614,0.028312296670372,-0.027527644399874,-1.615769239431833
1328390065440219,0.019345171163152,12.826196377443537,0.233452270969607,-0.006030572334058,-0.035391794520278,-1.633303047007872
1328390065640186,-0.000698668875216,12.552627878092665,0.239048463321530,0.034556939035456,-0.040153738703275,-1.641949266714662
1328390065840158,-0.014790049984498,12.295715330366846,0.244361181259633,-0.001966725175202,-0.045512706759741,-1.626897527444663
1328390066040113,-0.035008901504057,12.017944543245008,0.249839309612294,0.020123245071012,-0.037264625986179,-1.659572648640767
1328390066240091,-0.054783228596051,11.734797014793131,0.255338563889288,0.017752995702752,-0.033166019954135,-1.619336814680817
1328390066440057,-0.070537118292648,11.430403735861447,0.261307336091685,0.004584304851182,0.011952017944423,-1.639387889483721
1328390066640040,-0.092631643261825,11.127026667482738,0.266914615695492,0.037661115278090,0.030870594593294,-1.637587732771780
1328390066839993,-0.107855643496393,10.874084593884305,0.271598016347846,-0.000037589904678,-0.000012888274767,-1.629605378382430
1328390067039957,-0.122879404735158,10.649540391194648,0.275629549705047,0.018465178045589,-0.050253154490254,-1.645421472480230
1328390067239926,-0.136997928851756,10.435285588114851,0.279417598201658,0.004264690217602,-0.072024483180862,-1.634697971411294
1328390067439916,-0.153291675219180,10.186852522549700,0.283731731698370,0.008701035856844,-0.058994809770477,-1.641832163383865
1328390067639862,-0.167662210761804,9.922447163602897,0.288331128945423,0.011679714267329,-0.042669544931253,-1.611774792445816
1328390067839827,-0.178121627656594,9.640070948730425,0.293307658889104,0.005481435392450,-0.040792562182286,-1.616875565696102
1328390068039794,-0.189342127674237,9.371359516715472,0.297898598600765,0.018898692576972,-0.050143139470337,-1.606276330911985
1328390068239765,-0.196187847933587,9.124817322365516,0.302147175648422,-0.002327587071957,-0.060444982171123,-1.607469692190304
1328390068439732,-0.208025787492318,8.848592662522961,0.310685734414686,0.009375075298650,-0.052984382450402,-1.613019879410384
1328390068639696,-0.219327442185190,8.535141526613231,0.320051107738484,-0.009693468639765,-0.034783212530445,-1.609171882834365
1328390068839692,-0.234492966067393,8.231118768091676,0.328593016388649,0.002210449612038,-0.019166851284688,-1.627375143998789
1328390069039625,-0.247374110942118,7.951938327676714,0.336125617578503,-0.004801205590355,-0.023041193074418,-1.599516848064801
1328390069239602,-0.255198887117686,7.667977720964231,0.343611044162858,-0.010235117637477,-0.035918426640635,-1.604366638601203
1328390069439565,-0.264413401573833,7.378060269966170,0.350854458977013,0.006115225729895,-0.033854040864000,-1.592200331663338
1328390069639596,-0.270976832554368,7.076657197107536,0.358088108977697,-0.004207341905140,-0.014892199591163,-1.596207369281609
1328390069839530,-0.280499383524784,6.765032588021327,0.365070385422423,0.005422050286255,-0.004291275003660,-1.597527685763696
1328390070039470,-0.286850386385481,6.460825991405301,0.371562444821402,-0.020645180350282,-0.013633641593926,-1.592837511040629
1328390070239434,-0.298685840308096,6.170117468836395,0.377232197067699,0.006837474847555,-0.019113413258116,-1.622297206225826
1328390070439403,-0.311344897976568,5.875628807533985,0.382590295305002,0.000815064725680,-0.018634109890689,-1.600447728904700
1328390070639371,-0.323483615380496,5.568474350111643,0.387812417783319,-0.006934077456686,-0.004606223617875,-1.625798036767374
1328390070839340,-0.341813393279466,5.272579224115063,0.392300430048469,0.021749452425149,0.009242924450326,-1.627419115108866
1328390071039305,-0.358768697303447,4.956034539320768,0.396762047825589,0.001700636649558,0.019917917612244,-1.614431552881816
1328390071239275,-0.372884922786156,4.671829368170776,0.400435024160759,-0.010046815749028,0.013272821327682,-1.626486549052651
1328390071439243,-0.392545895914125,4.386685761254753,0.403658488759748,0.015625954880743,0.005777499643896,-1.641298812111920
1328390071639208,-0.412262605402347,4.101538374989431,0.406547303527761,0.003927967272940,0.007834365079661,-1.634329287938196
1328390071839175,-0.434181802915688,3.814025412591377,0.417896581822522,0.008423157184136,0.015141205796456,-1.641670788741061
1328390072039145,-0.458132676463208,3.525648872738515,0.429274541874614,0.023580131009631,0.022065590404432,-1.644033182784222
1328390072239108,-0.479435203126087,3.253742890921501,0.440061159991811,0.008170105166538,0.016088328700197,-1.638809287437895
1328390072439081,-0.502920479772826,2.976120453867395,0.451066800485335,0.017593532550791,0.005172010238288,-1.657221723420750
1328390072639044,-0.530188903545522,2.684187078029723,0.462610127679861,0.027878043838470,0.007333535560550,-1.649890659980186
1328390072839013,-0.554764875732900,2.407293050225803,0.473615997654363,0.018991226800439,0.016654999849184,-1.657627138406981
1328390073038974,-0.583001912062770,2.115928274570933,0.485165346077476,0.039144922530761,0.023921734787396,-1.655757881438819
1328390073238959,-0.608961934675619,1.834129635811166,0.496394885082319,0.019287648005261,0.019323160680373,-1.657711035217145
1328390073438915,-0.636699810437989,1.563460912315236,0.507128965802139,0.044386186787539,0.010368349443404,-1.670263972850512
1328390073638887,-0.665482027936363,1.287266343758347,0.518088167912910,0.038284796710988,0.005648883693785,-1.661583173735580
1328390073838850,-0.692268439262548,1.005007637157007,0.529382632332483,0.018368124424120,0.008518241721786,-1.655956798039007
1328390074038816,-0.718404541629752,0.727212852627034,0.540528026698813,0.007563202349446,0.010940206235806,-1.662215023066611
1328390074238782,-0.748026927461936,0.452507233962137,0.551457191024943,0.011766774210269,0.009681930669482,-1.679632900311720
1328390074438752,-0.779854675292739,0.182447787532766,0.562132560180589,0.017801063870571,0.003088814195257,-1.680587098272227
1328390074638718,-0.811999804778836,-0.092892992111857,0.573037337389184,0.015319047111368,-0.002495019288401,-1.682791568796005
1328390074838703,-0.845768606073719,-0.377198328359086,0.584289626465551,0.036053733462650,0.003602586996528,-1.678468060124680
1328390075038646,-0.876818127851834,-0.674995512781095,0.596234677887959,0.028731214798944,0.013618433508139,-1.662125427537266
1328390075238624,-0.906997605369526,-0.963666478543146,0.607829618105592,0.052682176102809,0.021343116907739,-1.681125752003641
1328390075438589,-0.941956048449896,-1.256403601493588,0.622506168143063,0.070430076035611,0.023679080496301,-1.673277071118002
1328390075638545,-0.972308863823983,-1.538177665431107,0.636255008677811,0.027560158156902,0.026150015554167,-1.675981896895629
1328390075838530,-1.008529718724944,-1.836274818649699,0.650187654527826,0.059378002606063,0.033818676976573,-1.686401574695848
1328390076038495,-1.041533635775806,-2.129091288642499,0.663441105624589,0.017426913042943,0.034980678388881,-1.670728684437350
1328390076238457,-1.075607518308416,-2.420127130930055,0.676097948188006,0.029524212353414,0.034646532759280,-1.699663427409899
1328390076438427,-1.112768116731758,-2.704393099142663,0.687926682419247,0.039171785498464,0.028728899179635,-1.682101792113117
1328390076638396,-1.144853012386022,-2.985131612687937,0.699250213442250,-0.014471653493231,0.023440236782612,-1.696944048606644
1328390076838364,-1.187743140064171,-3.265855290360804,0.709980820096639,0.045405351926577,0.024448836299246,-1.735950995049681
1328390077038328,-1.231619993994585,-3.537180761883548,0.719948331253357,0.006876661393144,0.015949462413375,-1.728742543549143
1328390077238286,-1.279017648476582,-3.802580752021242,0.729311189456793,-0.000278877899243,0.005242048756899,-1.770363778906966
1328390077438270,-1.332169710902619,-4.054681716950327,0.737850174038212,0.019666699301319,-0.000189944808575,-1.777932511041441
1328390077638228,-1.387032588390170,-4.319191143899531,0.746537458606064,-0.016877609789430,-0.003201745654244,-1.785664622032461
1328390077838219,-1.450297309431846,-4.598477472703621,0.755385957032991,0.004904707811155,0.011481295143288,-1.800181403413344
1328390078038161,-1.513846413638021,-4.885161824439450,0.764163319739292,-0.018852037605304,0.012731586962665,-1.791346246763303
1328390078238130,-1.578612249789941,-5.165501225803226,0.772446661104210,-0.003846326449375,0.003490630312871,-1.810570540604852
1328390078438126,-1.644526179835680,-5.447939285939242,0.780503179038418,-0.012499949508677,0.006789069468947,-1.798791403180343
1328390078638067,-1.712187743966041,-5.744483669584966,0.788642866332977,-0.022378688251596,0.010819622511796,-1.811303613724039
1328390078838052,-1.783546846646246,-6.038365196163383,0.796427508090150,-0.005205377667606,0.021357809238995,-1.814466998945525
1328390079038002,-1.869823082483379,-6.312607062383108,0.803407324611924,-0.037245732634907,0.037047298469996,-1.788474653173371
1328390079237968,-1.954894953509225,-6.594901491305492,0.811346415010195,-0.032091488348317,0.043523295903192,-1.797381160451420
1328390079437937,-2.036859324563409,-6.871624828429944,0.819860376460796,-0.013812707062283,0.039492359003520,-1.776001917180712
1328390079637905,-2.110119133625687,-7.144103386996932,0.828938387195508,-0.026562565980098,0.029174538136989,-1.765831788218586
1328390079837871,-2.180751927805630,-7.417671371879337,0.838732278816147,-0.001874399242542,0.032126673786127,-1.749035288880314
1328390080037870,-2.238689983010715,-7.679214749908567,0.848769292292939,-0.027583218813287,0.036817123990544,-1.713485902613266
1328390080237817,-2.290466220660335,-7.944218326414173,0.859610627106920,-0.009816872160514,0.030676704016918,-1.705015073893114
1328390080437812,-2.335561513114726,-8.207225320284053,0.871031535590193,-0.001737881365748,0.029051321453406,-1.672300546022379
1328390080637729,-2.369497584303986,-8.482806116702761,0.883837807270891,-0.030403149712788,0.039182390269224,-1.632299445723436
1328390080837707,-2.390631469974366,-8.752425781754397,0.897237117572855,0.006129009178926,0.046157964694096,-1.569878798613584
1328390081037707,-2.390505836224023,-9.021267395383859,0.911809283498114,-0.055224881223769,0.071837805830871,-1.503974182493334
1328390081237658,-2.375392649938874,-9.280260687480180,0.926990570194648,-0.029393375145493,0.091077535777108,-1.461845508767139
1328390081437612,-2.347643870547856,-9.512219735652820,0.941700114423052,-0.022196920391902,0.101396366222461,-1.382171992970848
1328390081637575,-2.298506109237707,-9.736103283676897,0.957483234047312,-0.065423358473427,0.115847820987282,-1.285230779835685
1328390081837543,-2.235382818201799,-9.937258631148254,0.973235210226090,-0.043706318077821,0.103838244475267,-1.224784413393729
1328390082037512,-2.177029215928954,-10.086969371696441,0.986037962429144,-0.054859539688494,0.081152642473069,-1.151136743468853
1328390082237480,-2.117955038182998,-10.205594588356206,0.997310598894564,-0.067893373835070,0.053575385240893,-1.067175388705665
1328390082437446,-2.060563899577758,-10.301193149833921,1.007323842317221,-0.065989171466156,0.004600155173954,-1.006583835943649
1328390082637700,-2.007238599311165,-10.378236706258349,1.016116641835843,-0.078393889791506,-0.047139569701105,-0.953313468893199
1328390082837382,-1.944216056339229,-10.458853715764320,1.026112322681104,-0.076219086338343,-0.093572207540205,-0.902593749432586
1328390083037348,-1.858701254550667,-10.555450980581526,1.039289162987707,-0.078624225393598,-0.118068719669691,-0.840404356007646
1328390083237317,-1.746649933151971,-10.666858433729260,1.056283416040715,-0.080230577442488,-0.126360420298279,-0.786647451464372
1328390083437280,-1.605200909755268,-10.789907365259452,1.077676322084316,-0.079636171338456,-0.123306377304039,-0.718756386761671
1328390083637247,-1.429354588084180,-10.933826031249126,1.088685100487340,-0.087973320055394,-0.118818395883590,-0.673160025008849
1328390083837217,-1.229467793146028,-11.090254312984172,1.101043078879024,-0.073108403620499,-0.117666305162890,-0.667119343105454
1328390084037186,-1.021453379115599,-11.252445291716228,1.113844441423922,-0.071688505985350,-0.119284958148621,-0.669891827131915
1328390084237152,-0.783625349983822,-11.440232431544445,1.128453182296739,-0.071097305236224,-0.105919459075932,-0.672007811051211
1328390084437117,-0.529696049141606,-11.646413245538653,1.144061861053404,-0.066684318426738,-0.085810192889022,-0.703972890111220
1328390084637088,-0.263186014086600,-11.879373866396193,1.160610663426716,-0.058994284641122,-0.052120721424696,-0.729211020409177
1328390084837072,-0.000486279770342,-12.116034540185069,1.176943709422907,-0.063582883343111,-0.025890536437783,-0.742995127983221
1328390085037022,0.263253424712616,-12.363148406561976,1.193398716007235,-0.046376188466832,-0.006408872444158,-0.752739382575082
1328390085236992,0.525150153667425,-12.604131390370526,1.209583499296095,-0.060360584973433,0.007686702287649,-0.731018616882471
1328390085436953,0.777591951203149,-12.832544640513149,1.225041574701752,-0.043508591439242,0.019835605490580,-0.730036926890735
1328390085636923,1.033194062690626,-13.061095492195733,1.240568067713811,-0.041520521051449,0.032226404850341,-0.714947454512221
1328390085836894,1.279424545222739,-13.279074379351357,1.255411759636036,-0.051968093498780,0.038268720990766,-0.725840882568737
1328390086036909,1.511646355144777,-13.489776967102046,1.269414744425076,-0.024184300482334,0.037540964173509,-0.726030732896854
1328390086236824,1.729895106051941,-13.686500980416838,1.282488579781414,-0.049728990582237,0.027880714643034,-0.729391730271771
1328390086436792,1.934999930353229,-13.880773398092742,1.294856398663915,-0.016965970357235,0.016503406575571,-0.771579767433817
1328390086636761,2.127952291339057,-14.077781327952096,1.306654793387941,-0.021642765389876,0.010872719424261,-0.801830982784732
1328390086836727,2.309706081127928,-14.278467159423499,1.317954467202046,-0.028121150750727,0.003523975292181,-0.853852058202953
1328390087036696,2.461461875130894,-14.472230378608131,1.330031283642839,-0.011653077070040,-0.003500651930701,-0.878381877881451
1328390087236682,2.611484454436507,-14.671545815770642,1.341837446652427,-0.028715405503205,-0.013540853456007,-0.905113299655007
1328390087436627,2.753714834835975,-14.874271595007016,1.353086217002688,-0.008367608760731,-0.024469963908670,-0.936586585890626
1328390087636596,2.893471511698976,-15.080618412268691,1.364059625137108,-0.020582811034757,-0.037854019060691,-0.946707454052569
1328390087836567,3.032521037710183,-15.293181075389072,1.374915371305593,-0.025834356682112,-0.046239898789948,-0.970244297739818
1328390088036534,3.174912209970500,-15.517667534985122,1.385960674971224,-0.021320043789119,-0.045269619382578,-0.973673824728095
1328390088236497,3.322318672653495,-15.749678711879810,1.397120006168466,-0.036381996531367,-0.045491424021066,-0.980121193037413
1328390088436480,3.464406865872647,-15.981501430209576,1.407850906978445,-0.026375222187279,-0.048952906696656,-1.007521710374174
1328390088636443,3.605786313596340,-16.227249730228181,1.418720249876375,-0.028026712834201,-0.048845055501745,-1.035688091003201
1328390088836403,3.745412789736562,-16.486856411790484,1.429732850078462,-0.029523787630837,-0.045356618791108,-1.071493077421359
1328390089036361,3.880363075518702,-16.758402659419829,1.440812803191709,-0.023877136360338,-0.037273001405044,-1.097247380661208
1328390089236340,4.009440208577630,-17.034928056265528,1.451786327765718,-0.034172485438852,-0.028295067857317,-1.131603258346746
1328390089436303,4.129183893579764,-17.326000109610860,1.462967024042126,-0.025188804619874,-0.020068027487513,-1.186669039402177
1328390089636295,4.237206013401050,-17.623576818376762,1.474175175159272,-0.031598910987553,-0.012195625677204,-1.224268749044087
1328390089836239,4.331701255055137,-17.924648491747178,1.485403719154927,-0.029405658799176,-0.006980478009625,-1.277169595262266
1328390090036195,4.412702342155839,-18.228033028207221,1.496728368411435,-0.026171923864349,0.000345519847852,-1.311197406992040
1328390090236175,4.485137154000299,-18.533703204451854,1.508279723843652,-0.036223948425201,0.009687634614992,-1.338900218432244
1328390090436139,4.548350735577316,-18.829990011167325,1.519679583472983,-0.028379392618767,0.015427380108946,-1.354626025848348
1328390090636105,4.605396325287359,-19.096929400520537,1.537071758138921,-0.042274262297789,0.014562346355641,-1.353081822474521
1328390090836075,4.664641585269706,-19.371330379735824,1.554623953885621,-0.035463668951932,0.008998464048908,-1.348624126248339
1328390091036042,4.728227506022549,-19.647095738771839,1.571951897846622,-0.040127705077662,0.009640689623459,-1.327555401463981
1328390091236012,4.793201173395957,-19.922952135090640,1.588952291456840,-0.044726561810628,0.009357604017397,-1.347296888506062
1328390091435975,4.852058010835094,-20.196269625373233,1.605422454466989,-0.034358650082252,0.005899931793759,-1.352497224015302
1328390091635943,4.907861438436399,-20.455417551714305,1.620728159805634,-0.051654724075823,-0.002587308334239,-1.357359917866486
1328390091835912,4.959659089048344,-20.722016564280551,1.636127329088239,-0.029236340073727,-0.005426448165088,-1.385701216519385
1328390092035878,5.008538592717287,-20.997694031463539,1.651693625423890,-0.042058594764688,-0.000849050838001,-1.387934741044688
1328390092235843,5.055633288751338,-21.272293840437925,1.666855872823024,-0.044669712269136,0.000235412514844,-1.402920880004215
1328390092435813,5.096642944215787,-21.546024220844146,1.681612982861142,-0.030102929509199,-0.001673783938501,-1.424589016926602
1328390092635780,5.131856596782512,-21.825472793335962,1.696315487269028,-0.038790461478702,-0.004025986848333,-1.455319051263930
1328390092835748,5.158927638330567,-22.112001737721613,1.711011746779510,-0.019783518097764,0.003675501403264,-1.475361255929499
1328390093035713,5.184051576248834,-22.402321363420185,1.725536931997574,-0.036657236155078,0.010731621002418,-1.474380320819519
1328390093235682,5.207771088721856,-22.699542887781760,1.740027089695785,-0.029990177555577,0.021572270659034,-1.488537272958094
1328390093435648,5.227589133236123,-22.994438062393556,1.754020428531372,-0.018899273496888,0.026114971441516,-1.492294715639503
1328390093635631,5.247349564302993,-23.284444261329611,1.767415831463282,-0.034349182765746,0.021029241821462,-1.494722867428173
1328390093835590,5.263720338345863,-23.565451722247360,1.780044160792160,-0.016291929853211,0.015303190714848,-1.505269919999981
1328390094035553,5.280065927037057,-23.851126057661261,1.792530496293725,-0.030600887932806,0.021975478849000,-1.498905923927849
1328390094235529,5.296116868249271,-24.129479937765510,1.801740081423964,-0.031940841082076,0.026487383562295,-1.509713198235629
1328390094435485,5.309123269194956,-24.416762654307703,1.811428138671473,-0.015535874183151,0.024314067493585,-1.517284133275158
1328390094635472,5.321647183913257,-24.701660802425209,1.821224615590936,-0.034621364320954,0.018508032719536,-1.517383924951541
1328390094835438,5.332591455353082,-24.979205994326406,1.830943459487364,-0.018062065603155,0.016351238671049,-1.524307038424082
1328390095035390,5.343637380263004,-25.269676775094155,1.841301871216692,-0.027654477974900,0.019693509765269,-1.520713833878740
1328390095235386,5.354580442897173,-25.553931893340234,1.851625830463662,-0.033927500643689,0.020808475611749,-1.528137675693791
1328390095435322,5.362347198180217,-25.833014894941982,1.861919732113095,-0.016202021310082,0.018852425283140,-1.535825538074441
1328390095635291,5.369847344835904,-26.118423726748347,1.872621849693144,-0.034420260029989,0.018891077093338,-1.536323738526311
1328390095835256,5.375926320252248,-26.399848768502210,1.883338542360426,-0.017414377720779,0.017430741495133,-1.544601578515289
1328390096035243,5.380722380159597,-26.677509136620614,1.894068602109658,-0.021064567712338,0.012849795918941,-1.543079363721482
1328390096235195,5.385670810759422,-26.959116058728910,1.905120010529127,-0.029287313151181,0.012265778177751,-1.549646741295523
1328390096435162,5.387402732440705,-27.240791641013118,1.916307071089982,-0.007793317508923,0.014928889345604,-1.558463808471612
1328390096635117,5.389123152069445,-27.523696968556493,1.927706293747825,-0.024253395520405,0.014169061482739,-1.555874491435427
1328390096835307,5.389952351994992,-27.798557019571888,1.938926537510625,-0.014165078470509,0.006765738875580,-1.564663192245565
1328390097035065,5.389444479121764,-28.078750005897362,1.950501623316012,-0.013479405685444,0.010955373664903,-1.563763225614290
1328390097235035,5.389346869726069,-28.390560774792675,1.963569758724566,-0.021523366308571,0.081678610595709,-1.564537005610864
1328390097434999,5.387824580249799,-28.724103501358627,1.977734859673839,-0.004005635206065,0.173441695788555,-1.569252054321093
1328390097634954,5.384823173950920,-29.006937342407809,1.989881701553112,-0.014305841765595,0.218026906297864,-1.571872622778427
1328390097834929,5.383599821548458,-29.213325446309710,1.998853291312093,-0.013902847874584,0.196828844485970,-1.565278424976143
1328390098034904,5.382531384497085,-29.338386262496869,2.004321260662049,-0.010558176552142,0.147434789508176,-1.576857907912785
1328390098234885,5.381343999368696,-29.423086720147197,2.008031857448147,-0.017256706826705,0.104950827101603,-1.576704885568640
1328390098434838,5.380298123669093,-29.490121410040757,2.010975286209746,-0.013559610603944,0.080339566553213,-1.582224639034598
1328390098634800,5.379317053863446,-29.540536822824620,2.013190350824978,-0.013158429847098,0.059485075962672,-1.584542121047698
1328390098834801,5.378776279627758,-29.566668110119494,2.014339503926354,-0.014712174058194,0.029808472818060,-1.584169063780749
1328390099034728,5.378629515943217,-29.573521140706191,2.014640965373683,-0.013867282480125,-0.003584910139563,-1.589892688253143
1328390099234703,5.378545859221759,-29.576856846038027,2.014787500200728,-0.014920762381084,-0.031498897185743,-1.589549018995041
1328390099434663,5.378329710679850,-29.586608054077004,2.015216497144199,-0.015981377008911,-0.048545511272971,-1.586631066139433
1328390099634636,5.378020036382964,-29.599247707480203,2.015772242272556,-0.015330660955257,-0.071697753663152,-1.593533595842424
1328390099834603,5.377369702021909,-29.624390084949937,2.016877817758894,-0.016610165488305,-0.084195628589482,-1.589250031209601
1328390100034573,5.376167206545105,-29.672461717776628,2.018995199057708,-0.018416411582601,-0.081307433101433,-1.592207295579851
1328390100234538,5.374360180816083,-29.742419111040391,2.022081928360525,-0.018848107379057,-0.067304504278051,-1.591627175543249
1328390100434511,5.372218797652081,-29.827316427579575,2.025838996370737,-0.022041146529498,-0.054193300668836,-1.591059834893410
1328390100634489,5.369660977056782,-29.924395738581396,2.030146413302463,-0.022009278011269,-0.043615091748836,-1.592724693151654
1328390100834472,5.366824627513395,-30.031732384266434,2.034925034443174,-0.025781313909105,-0.031703568040142,-1.593325163268119
1328390101034412,5.363201889400116,-30.148640314689032,2.040137468150147,-0.024317593259469,-0.016358336186939,-1.600526296624301
1328390101234379,5.358485429215662,-30.272266905213854,2.045650548068727,-0.018894083863151,0.002350176393609,-1.604245218975777
1328390101434344,5.353644969746199,-30.401310566885059,2.051427240299712,-0.024008176520643,0.023348417905992,-1.601767274739147
1328390101634312,5.348939361142271,-30.523959370862329,2.056933483188715,-0.018625149925411,0.035880798434440,-1.604396016740807
1328390101834293,5.344345673465767,-30.642974466786484,2.062291748329955,-0.017995022579078,0.043280734573620,-1.602156798908876
1328390102034246,5.340202575864282,-30.755115252501056,2.067358134002007,-0.020872494479471,0.048197711833896,-1.602213218386613
1328390102234213,5.336222956185438,-30.859266363260417,2.072071032439888,-0.015427981264225,0.054231783789946,-1.602954797067918
1328390102434193,5.332749924253108,-30.954787183905864,2.076405917824853,-0.022873456580731,0.061524108906442,-1.599972240108856
1328390102634153,5.329807001238166,-31.036497350882797,2.080120420535686,-0.019170317305205,0.059212932461148,-1.602555205901226
1328390102834123,5.327314864359408,-31.101492651041326,2.083074515923895,-0.021272540209234,0.049110681695534,-1.603188614195612
1328390103034079,5.325445278523816,-31.153798056185863,2.085457237626015,-0.023380640675504,0.037635203301354,-1.597712288870571
1328390103234081,5.324302713925917,-31.199613487005564,2.087558651005862,-0.022554717155231,0.025405801235886,-1.582192856997376
1328390103434018,5.324024727123913,-31.244985198103009,2.089663782229352,-0.027025690484622,0.020301260147612,-1.560069649041980
1328390103634052,5.324792737550553,-31.284368422279755,2.091519556592691,-0.026225843266487,0.008560227915788,-1.534711333443502
1328390103833952,5.326383530880292,-31.320277824142039,2.093237224391325,-0.029054283624782,-0.002412683439913,-1.509725829075654
1328390104033920,5.328048607619522,-31.344254598018154,2.094401494449697,-0.031164971549111,-0.044115284276810,-1.480707862677779
1328390104233890,5.328060456136299,-31.344388388096775,2.094408063325120,-0.030927916296322,-0.124400219940814,-1.462045405627675
1328390104433892,5.331260135761269,-31.367805206031889,2.095589113120175,-0.037083242923349,-0.197695475077328,-1.425302097349479
1328390104633821,5.345949408708805,-31.453879899110959,2.100022923331796,-0.035492799894448,-0.226885131442654,-1.379379131733397
1328390104833792,5.384966691096693,-31.626062535309330,2.109228842702144,-0.039761240462912,-0.210517665087408,-1.323256307592696
1328390105033757,5.447819216980093,-31.855955125361703,2.121991967792429,-0.041535066865921,-0.171611302175517,-1.298728502249372
1328390105233750,5.529674419123495,-32.135735987286807,2.137955580312681,-0.035096434990267,-0.130210436758759,-1.276826158938956
1328390105433689,5.618886591898516,-32.423998905716331,2.154877579547510,-0.035418562819437,-0.100262680443831,-1.274697247294245
1328390105633684,5.718382773924233,-32.733232723830355,2.173527889262582,-0.028451074354410,-0.067215215181617,-1.243420136907761
1328390105833626,5.835292628931640,-33.059562029585678,2.194061876793487,-0.045871709463987,-0.039187077508322,-1.227448114932714
1328390106033583,5.955043218866663,-33.389101844186584,2.215336563371828,-0.027110242512551,-0.009112843044450,-1.214499537206870
1328390106233560,6.085697235282396,-33.720560580735764,2.237625857652946,-0.043454627827400,0.017563440331944,-1.183144206466009
1328390106433531,6.211573545226940,-34.021767235471060,2.258627336036031,-0.046152784032016,0.034462446626450,-1.175470639865539
1328390106633494,6.347696314110863,-34.318441755985106,2.263662368374500,-0.043118770557015,0.045673948681366,-1.160088084312556
1328390106833479,6.479256036235768,-34.594233071302568,2.268091645643313,-0.043765326759204,0.043842178686823,-1.144303832178394
1328390107033540,6.607704825021457,-34.853197470766673,2.272014841271363,-0.043955525200424,0.038079202557641,-1.126552263748584
1328390107233395,6.731151799116063,-35.092689151743670,2.275424619217250,-0.051860131265874,0.026608875743275,-1.118005051923686
1328390107433362,6.847050135975806,-35.316033407073718,2.278351101948918,-0.028186972635356,0.014502823607152,-1.112088798271678
1328390107633335,6.959247569118105,-35.527355993418482,2.280914719610165,-0.042592926000017,-0.002270595943169,-1.107196455919994
1328390107833400,7.065266807558658,-35.732521559319224,2.283143340401611,-0.022840002027043,-0.022240728419259,-1.127057534321581
1328390108033267,7.164699839833787,-35.928809507121528,2.285052113372436,-0.024653095334781,-0.038902838508077,-1.116710617346175
1328390108233231,7.264674365071258,-36.124992336770788,2.286770929243842,-0.041863748801479,-0.057553329807419,-1.134327478476597
1328390108433222,7.363415145717141,-36.330227553623715,2.288314385724318,-0.020485528080249,-0.066052723473924,-1.136843976931332
1328390108633184,7.468564516251661,-36.542077045476987,2.289717917007525,-0.053627263528492,-0.069764344890705,-1.127093925534644
1328390108833136,7.576400616612858,-36.767510923793097,2.290946531871763,-0.050865679969872,-0.067355147803498,-1.150907536858362
1328390109033102,7.678034563368740,-36.999972758451435,2.291924274697719,-0.017953694322054,-0.079777855779377,-1.199198733167680
1328390109233116,7.780249977042573,-37.234434885202063,2.292674790588165,-0.022979573666616,-0.093645768798380,-1.143461939482342
1328390109433035,7.895787849556598,-37.494364460647645,2.293233280304886,-0.054297762945201,-0.077994558406082,-1.197323974160071
1328390109633005,8.004187230226577,-37.767730049554089,2.293507304429646,-0.009489636346642,-0.052688229273360,-1.188254398181799
1328390109832971,8.118959070960670,-38.031011992712095,2.293476155368849,-0.055752819829978,-0.058872918674815,-1.175634728110531
1328390110032953,8.219126322631340,-38.289600757108644,2.293197306040559,-0.014489463023596,-0.071053493706617,-1.216696089614883
1328390110232907,8.321906932465083,-38.542410123989100,2.292654894989924,-0.041413316930599,-0.068211643949071,-1.169100429562000
1328390110432874,8.435405832419320,-38.818415620756724,2.285504044144172,-0.030198049731598,-0.054644518497456,-1.229318298164917
1328390110632857,8.549699771361972,-39.114466549856743,2.278502304311477,-0.009038498343399,-0.036189350458011,-1.191323908822211
1328390110832811,8.671582138581314,-39.406531104285619,2.272208013280578,-0.045448934319882,-0.031222701031851,-1.209978402188276
1328390111032822,8.785183929987213,-39.700588114581564,2.266518449076854,-0.019529819751101,-0.023077660174578,-1.217444130585733
1328390111232743,8.903588882531295,-39.997917908726123,2.261409925143822,-0.042387224663581,-0.020330218356116,-1.210640404846872
1328390111432710,9.016571899344569,-40.295904272525661,2.256906597852344,-0.015080512679634,-0.011652853131604,-1.235431050757148
1328390111632676,9.131389085005921,-40.595699478355684,2.253015040581612,-0.025707711382850,-0.002782457490984,-1.208367237104822
1328390111832644,9.250038726914951,-40.892967473440549,2.249833698994413,-0.033833991124334,0.000773368716936,-1.218719257604456
1328390112032617,9.363347191910762,-41.181040005476746,2.247343892169411,-0.016596791037830,0.004794892090041,-1.201925275900500
1328390112232582,9.481978564652650,-41.460935599832396,2.245623092339200,-0.048654009328606,0.004016215417469,-1.187726530066113
1328390112432550,9.599697861929570,-41.739506750504788,2.244499874000058,-0.010964048651406,0.005955722473962,-1.183629440460883
1328390112634295,9.722860097975044,-42.008975612878260,2.244159688101189,-0.049222741612645,0.006977493869651,-1.140277724221654
1328390112832482,9.846452691496410,-42.274176175595571,2.244468683165556,-0.025524500736155,0.018082593399109,-1.175772301191228
1328390113032451,9.975515245286431,-42.555237104571461,2.245424376282303,0.009073078227600,0.081868238130615,-1.141859172829981
1328390113232417,10.106587582611397,-42.830198688793160,2.247230660363230,-0.076080416801382,0.159716309630846,-1.173236158932218
1328390113432383,10.156619002644661,-42.969441389640124,2.247996005863921,0.031703641521674,0.149104810593870,-1.329783129594193
1328390113632350,10.173227007106689,-43.033633558497485,2.248218932944043,0.149924111793342,0.056971994338446,-1.310340700734370
1328390113832317,10.171655091050653,-43.028107758052357,2.248193380180279,0.082676887399242,0.000128494085113,-1.345218403402141
1328390114032277,10.171933980022402,-43.029248999069054,2.248197140293464,-0.061534006339009,0.009089419982463,-1.340140337488579
1328390114232253,10.164278169952198,-42.999589218670891,2.248090869234558,-0.007484582747721,-0.012266419750867,-1.337316858928963
1328390114432223,10.143800277568147,-42.917677651480801,2.247862512807732,0.122387332147268,-0.075140887545172,-1.378630971521098
1328390114632190,10.129700251816800,-42.840321618118551,2.247851296328116,0.048110502601285,-0.120544291457851,-1.464187394673151
1328390114832159,10.126414282442582,-42.812711973792332,2.247906383509912,-0.103727666226058,-0.106547317413684,-1.486206907328075
1328390115032114,10.126063406991761,-42.809304753287094,2.247914985682073,-0.079567997950984,-0.106865118514235,-1.476289860833727
1328390115232090,10.129442399598133,-42.836935537454252,2.247862178737850,0.066570582400747,-0.094065601159014,-1.469624034651163
1328390115432059,10.134898111146228,-42.878388161026692,2.247800330421560,0.029376494962625,-0.080317113375664,-1.457490235334628
1328390115632024,10.142090005431584,-42.935952995449526,2.247715371932130,-0.039779977034868,-0.086844838181068,-1.469801960137205
1328390115831992,10.147618821811278,-42.976866010544072,2.247677328521064,0.058794117585582,-0.073641306226620,-1.451856153632570
1328390116031959,10.149201756086924,-42.987796081338715,2.247671968036103,0.037741468366593,-0.075988644790355,-1.454357349946542
1328390116231924,10.143160935168083,-42.943940436381382,2.247707017424794,-0.020106005377221,-0.111777239555397,-1.452730669053699
1328390116431896,10.134550071582325,-42.887102620074515,2.247743319630350,0.022881640431779,-0.136302761412174,-1.446465451768161
1328390116631862,10.131501068748960,-42.867038016288816,2.247759722097086,-0.031144898908201,-0.131440188533938,-1.441700197424180
1328390116831831,10.136972016385158,-42.903995997981198,2.247726650951394,0.012630869762949,-0.088271103130919,-1.448605481258662
1328390117031792,10.145654327911942,-42.962463918848670,2.247689173673610,0.008626646214422,-0.048164146533058,-1.455978981724842
1328390117231765,10.148637344542422,-42.984042587771341,2.247673080570256,0.017825495551308,-0.034640903791645,-1.451382529016388
1328390117431732,10.146113905320206,-42.966450538459029,2.247683169853968,0.012629532372429,-0.033346794834369,-1.456530101804860
1328390117631696,10.138789674517795,-42.913601087594131,2.247731172222221,-0.005610186434212,-0.046722999937662,-1.450327293170620
1328390117831668,10.130364760959367,-42.857115060519178,2.247779591255907,-0.007496682048771,-0.059597137388597,-1.440758755256492
1328390118031634,10.127149118835291,-42.836525629084349,2.247796739113338,-0.008035171359004,-0.043767533957868,-1.440182263313273
1328390118231598,10.128142910882872,-42.842856950891075,2.247791397987124,-0.008421267322439,-0.017767494320153,-1.436863692201722
1328390118431566,10.131134331194957,-42.861636918387660,2.247777983821658,-0.007905226568860,0.009604506381207,-1.431604224775646
1328390118631534,10.133360940712137,-42.875435434252793,2.247770092257550,-0.008446997521510,0.025454494145560,-1.432451145087022
1328390118831503,10.135718734532489,-42.890035827503667,2.247762848002921,-0.007287939279002,0.043920643370007,-1.430226541916048
1328390119031460,10.136141159074356,-42.892637266527586,2.247761742554487,-0.007466670183954,0.053600603395779,-1.430225046872638
1328390119231458,10.135923238332254,-42.891295918698418,2.247762304785246,-0.007240910535740,0.068916727535364,-1.429815961830407
1328390119431405,10.137309061171635,-42.899777328824257,2.247759147347129,-0.007399592606599,0.122636391637299,-1.427172587913931
1328390119631699,10.139838043776095,-42.915287533243301,2.247754203694448,-0.005196127018902,0.203247587049385,-1.423774072267565
1328390119831338,10.131183087309850,-42.862539424970606,2.247774553233854,-0.008175492693060,0.211457159398344,-1.425511741693135
1328390120031297,10.104301539837849,-42.696831795212404,2.247935107693975,-0.018524589950126,0.133711606694736,-1.428864336407064
1328390120231294,10.070604782424937,-42.497103924791460,2.248253040845878,-0.023475818881914,0.049307082856348,-1.407957419849437
1328390120431239,10.034502363631859,-42.303521468357076,2.248634089840659,-0.000472969766802,-0.005002018584175,-1.411127748230053
1328390120631223,10.004694561603955,-42.123961014088920,2.249214943510463,-0.024960154500891,-0.025935031846017,-1.438061709263199
1328390120831178,9.974653356859434,-41.932806463149063,2.250004534931876,-0.023638403259388,-0.084918368419798,-1.444185466507254
1328390121031141,9.950752398637206,-41.748549766513491,2.250991142789920,-0.005532088039143,-0.144214669831930,-1.485170376220077
1328390121231109,9.938763034424611,-41.618907974247463,2.251840330037661,-0.032272629140139,-0.169911793742563,-1.517470741928944
1328390121431079,9.933885176638825,-41.540859831341407,2.252414786333977,-0.005435135039384,-0.167278164931884,-1.548452363382511
1328390121631047,9.933017697373714,-41.514278310953671,2.252627767858115,-0.018401069976250,-0.165440980068962,-1.576806372922495
1328390121831015,9.932963975479211,-41.510056956901138,2.252663238084117,-0.014678887904616,-0.180907161859745,-1.591051444837252
1328390122030971,9.932598111055285,-41.552358601020487,2.252291734648804,-0.011314424738044,-0.179912199758904,-1.606066134607200
1328390122230946,9.929579461634020,-41.675947934293134,2.251177629587787,-0.019586651568506,-0.147108323249374,-1.624888776218425
1328390122430914,9.926128042797643,-41.848298783106657,2.249661709021298,-0.011319884430753,-0.081929113761246,-1.592340724303842
1328390122630878,9.930298779481348,-42.057491614433388,2.248049987490241,-0.017533513974302,-0.018448366306573,-1.553333732146789
1328390122830864,9.941116310012191,-42.268311700474655,2.246658982433853,-0.016951468563563,0.022758021637787,-1.525925814604145
1328390123030815,9.953677675359103,-42.441747788425118,2.245680805870866,-0.017044611536778,0.014836595852767,-1.508470946480247
1328390123230783,9.966392314790852,-42.582364863669696,2.245010190498662,-0.025419678958281,-0.043869108305079,-1.496013664800595
1328390123430755,9.982124186668258,-42.744171482570692,2.244339661353147,-0.015313969385222,-0.074233101184688,-1.491982941957971
1328390123630719,10.006592794844266,-42.944256097151879,2.243759284944929,0.000365611835435,-0.071001479819745,-1.464851900475540
1328390123830682,10.044233470591919,-43.188333565239276,2.243461896425784,0.012502285195080,-0.037799034260629,-1.389844460821574
1328390124030655,10.096488170821658,-43.408641246738028,2.243930374822475,-0.034088773645862,-0.012499446193095,-1.347573778748933
1328390124230622,10.124361826490741,-43.649765562166863,2.248587901754646,0.008951104028272,0.049816484343009,-1.304492240303446
1328390124430585,10.176934229131390,-43.906689715777205,2.254206053143493,-0.008591001460568,0.141935326927444,-1.203475398047475
1328390124630555,10.243627687772701,-44.118579029850721,2.259576135727122,-0.020850466530546,0.203948346377494,-1.110125071383520
1328390124830523,10.295070154766734,-44.245128244624084,2.263169226533869,0.003075641542755,0.188926112408946,-1.059495602013724
1328390125030492,10.320374617735425,-44.298052592043490,2.264803695656942,-0.020527606606559,0.134581071740076,-0.984759805373795
1328390125230456,10.328573611982563,-44.312103533256362,2.265291150701506,-0.012844226591448,0.083607662015014,-0.930470342569360
1328390125430423,10.332779871856133,-44.318543305736441,2.265530894943947,-0.014933614257851,0.059101895035908,-0.884445504166850
1328390125630392,10.335090066081364,-44.321728386905193,2.265657859110380,-0.019137240785075,0.047210436559062,-0.800509017085057
1328390125830357,10.318099926631007,-44.304416157914247,2.264806319246321,-0.023499855973043,0.006469768413350,-0.697063944251087
1328390126030326,10.280508229776743,-44.272263346889090,2.263008437219890,-0.030929137585124,-0.040477619467056,-0.617577205413883
1328390126230293,10.242120879034331,-44.244954971764997,2.261253334890627,-0.030243869617313,-0.074911404832732,-0.540722096264739
1328390126430261,10.209367710333737,-44.225631909457036,2.259815581267135,-0.035923111369686,-0.112481374010780,-0.470747594588588
1328390126630217,10.171930219970847,-44.207297286383692,2.258230495400333,-0.038349848428171,-0.178582963976980,-0.395028899844429
1328390126830221,10.161525005718062,-44.203042054022220,2.257802837949336,-0.038912672475728,-0.232514247898400,-0.342026263421388
1328390127030153,10.194558585682415,-44.213768928513204,2.259124896367640,-0.042280917053381,-0.275204393804614,-0.288532060345949
1328390127230131,10.291646939813035,-44.239548504329292,2.262969341267714,-0.042834668416545,-0.283145550223371,-0.232206460254123
1328390127430107,10.462376204482581,-44.273148140667658,2.269698746472475,-0.045544839393395,-0.253420794447480,-0.165162518437783
1328390127630058,10.661083368059479,-44.300533905627930,2.277565686799869,-0.043627430954220,-0.240955403808733,-0.121631129149331
1328390127830030,10.904614143235236,-44.320029980765838,2.287281448603191,-0.051211381368580,-0.231203693103597,-0.073449757002507
1328390128030014,11.193453471992086,-44.340867889787859,2.299109294828863,-0.048209986631333,-0.201769042523043,-0.108427745860142
1328390128229967,11.536229070972624,-44.378350137014650,2.313712543987880,-0.040433867459215,-0.129451337844887,-0.121516829543003
1328390128429938,11.904117586222569,-44.420639509295029,2.329855718973978,-0.051819238215227,-0.055295437666919,-0.142202090211783
1328390128629905,12.262801106026657,-44.472080263033448,2.346121013024906,-0.029588711307564,-0.005391872797106,-0.143947221363608
1328390128829868,12.590466313808236,-44.512448352318216,2.361255044122041,-0.054224635185890,0.011260368088855,-0.129049721388333
1328390129029843,12.919694144166726,-44.554582056086815,2.376803910859684,-0.035035792640561,0.026660852324517,-0.137550520236792
1328390129229801,13.247664824725206,-44.591464980220707,2.392568071278790,-0.048102198826263,0.055263150988212,-0.102327238491004
1328390129429773,13.556812718224165,-44.614674331594017,2.407624034742372,-0.054463527464657,0.075323921620976,-0.077625662301934
1328390129629737,13.838528776942127,-44.627942007226224,2.421536881162655,-0.039786979900148,0.074169558599126,-0.047433914098777
1328390129829706,14.081942391173214,-44.629493268299086,2.433685193461754,-0.055851814877354,0.055323000289135,-0.009866432040231
1328390130029672,14.298945373023400,-44.622921846371696,2.444623147616334,-0.046528703698882,0.027085248262962,0.019427029290710
1328390130229641,14.508246833810276,-44.616898318766758,2.442909588069480,-0.029486940767102,-0.006079562661273,0.026357628334311
1328390130429607,14.723701517691438,-44.606853027168043,2.440768045216284,0.022066851739092,-0.039166429291652,0.070512569911253
1328390130629574,14.921560303373923,-44.587058322109129,2.438366651559874,-0.012723421128888,-0.069533495867310,0.096292316449106
1328390130829542,15.112044653408631,-44.570070789605410,2.435779570764486,0.025132254958528,-0.092371224665478,0.083030158432651
1328390131029512,15.294233736187820,-44.551286935374634,2.432998116914487,0.011861388262317,-0.119908974870464,0.109205981985762
1328390131229481,15.493952378347601,-44.532993622868005,2.429676955458358,-0.001511255410459,-0.146715420710370,0.062331278074044
1328390131429443,15.706798012729024,-44.520635230443304,2.425907801211737,0.012979295614126,-0.163904424628089,0.053177159564333
1328390131629413,15.953353058321866,-44.507541520933984,2.421133047217094,0.012616588882646,-0.170936857775815,0.044088146163244
1328390131829425,16.216148848056896,-44.495532105861798,2.415575974125863,0.017266680435066,-0.168775414214777,0.045385185599956
1328390132029349,16.491638593641063,-44.479390605593125,2.409128862682485,0.001125016669745,-0.160933221747252,0.063782538433280
1328390132229310,16.801380767744988,-44.461686434419946,2.401207564121900,-0.008413592538048,-0.150268936444372,0.037704887140361
1328390132429279,17.120890400088044,-44.448066360172234,2.392387466872655,-0.001270896422615,-0.140240816957214,0.057485732286143
1328390132629249,17.452718637193087,-44.426101628725178,2.382251163956827,-0.033218217779205,-0.124198542682418,0.050610052135763
1328390132829215,17.789747974586582,-44.412966498741270,2.371340238746551,-0.021563658264780,-0.105102289322233,0.027684412373689
1328390133029197,18.131244290568453,-44.401976927166118,2.359507002897850,-0.028881312173103,-0.096321042494335,0.019038442886683
1328390133229147,18.466676567359414,-44.398707306200635,2.347275689121793,-0.023187915531601,-0.084233954964635,-0.007366341784514
1328390133429118,18.839213128569448,-44.397936425978131,2.332855580214925,-0.026305407140640,-0.062471256748949,-0.004295774651068
1328390133629083,19.201024666124724,-44.399948049286763,2.318020519287011,-0.022032421860930,-0.034646371180583,-0.021471963141658
1328390133829051,19.574361851196514,-44.402819117015198,2.301807682359667,-0.027464820653154,-0.011029086710191,-0.009176013888565
1328390134029020,19.905725686387271,-44.410289306373059,2.310724590438821,-0.033599032482047,-0.003957937559922,-0.027402296751017
1328390134228984,20.230719775424774,-44.422045098876779,2.319263150544753,-0.019372005074322,-0.000600956240283,-0.025483466851243
1328390134428956,20.553223950372178,-44.430734199568775,2.327312573841453,-0.040335073953529,0.004853321558870,-0.020803419451092
1328390134628927,20.887863907560394,-44.440003741757039,2.335320256292266,-0.016591881841455,0.017051590853368,-0.015391269232011
1328390134828903,21.184618541994602,-44.442040911906972,2.341963170124279,-0.032129534204020,0.021227410001811,0.008275716723224
1328390135029005,21.476907889989349,-44.440835107318094,2.348165154038484,-0.017738089346921,0.013060277834078,0.012774884640711
1328390135228820,21.748370136179240,-44.435783106471234,2.353606049847103,-0.015034748705793,0.000731864042375,0.040074740907019
1328390135428790,22.020290868917456,-44.424702496590697,2.358710105256248,-0.022776159973575,-0.009800584777224,0.047856463579204
1328390135628754,22.287133805603339,-44.412586798736783,2.363497926025852,0.001199105925486,-0.018813258379401,0.054392366024509
1328390135828724,22.549079253113440,-44.401022982941996,2.368019081053029,-0.016747408675321,-0.030004366839799,0.035706577737433
1328390136028693,22.812477665444653,-44.396410525498283,2.372514565336262,0.006272586186382,-0.033633304925443,0.017666034447256
1328390136228656,23.078377044506141,-44.391201040646862,2.376838633627858,-0.003301456983795,-0.037109557824935,0.030185606115148
1328390136428654,23.335378935281149,-44.387986935511577,2.380855615230046,-0.000638329112836,-0.042428397736436,0.000068962057354
1328390136628583,23.597115358890619,-44.392449498381225,2.384873826105435,0.016848318133872,-0.049781901779551,-0.015887560147378
1328390136828567,23.861285280728495,-44.399964627935759,2.388755675980779,-0.003486120492323,-0.062609896783418,-0.035713158177367
1328390137028531,24.135201757273855,-44.418897468189542,2.392701251174006,0.024199841877850,-0.061356803555610,-0.082381119274164
1328390137228497,24.416668466318598,-44.443844306380555,2.396549423555152,0.013986418469334,-0.055261787552656,-0.081487772928502
1328390137428464,24.686931047608311,-44.471396567647304,2.400010245891943,0.013960426552997,-0.050312858255537,-0.112242335221597
1328390137628448,24.950853057919986,-44.500413216053673,2.401352602931371,0.026102132946934,-0.053333104540061,-0.107405692167367
1328390137828396,25.232878144869112,-44.526121270008176,2.402715047755653,0.005123578315724,-0.058354684406956,-0.084961587039433
1328390138028370,25.526228802350403,-44.549694282495764,2.404085438211157,0.016575832540717,-0.051046276891912,-0.075514162706853
1328390138228349,25.821370849896724,-44.567012951524902,2.405363277768255,0.020787712372475,-0.050693315151016,-0.046401926099110
1328390138428306,26.117420592273923,-44.579492772825972,2.406559740792285,0.019538296074679,-0.047604446337530,-0.051237156923717
1328390138628268,26.413386965390600,-44.596533589110891,2.407819129116799,0.025110654299773,-0.048649089582810,-0.068476917703373
1328390138828232,26.696043091668848,-44.615934023738646,2.409067363869821,0.017250062359253,-0.053140538460452,-0.076442174733218
1328390139028191,26.987310196908965,-44.641154960135538,2.410438777509255,0.015070272495047,-0.052439109652041,-0.108499324134612
1328390139228167,27.288738444897746,-44.676726219420431,2.412023486364181,0.020356452162439,-0.044774124534029,-0.129704151727201
1328390139428136,27.584010789460898,-44.718705185665073,2.413710547080521,0.005308738573235,-0.041016218627956,-0.164345684801623
1328390139628106,27.877281889651321,-44.772512720902085,2.415620407814352,0.027792724061447,-0.040870255368724,-0.191712759795446
1328390139828069,28.162298954477066,-44.821838588036599,2.417442778433693,0.002538181361865,-0.047735927254273,-0.152123817603707
1328390140028037,28.445385596680488,-44.868541605912952,2.419228104592004,0.004595528408202,-0.046486608937363,-0.183842573888124
1328390140228005,28.735132118178946,-44.919212467367458,2.421129764184331,0.017006282112955,-0.041350599967015,-0.148509776865414
1328390140427970,29.023709343548248,-44.956919499408016,2.422788538255558,-0.024285633195582,-0.041511159690321,-0.129288812530555
1328390140627944,29.299266874219235,-44.993408643939361,2.424391438041027,0.014790777349623,-0.047131725905022,-0.119148027685904
1328390140827906,29.577165648575431,-45.020354081093288,2.425810495092856,-0.021635025024375,-0.055684898839133,-0.077304682228568
1328390141027867,29.868640725829700,-45.049449705572883,2.425684584641188,-0.004207838255649,-0.054782531623730,-0.082771037417855
1328390141227842,30.180675957497414,-45.074374993402344,2.425575269280198,-0.005987457538377,-0.050016257405789,-0.036023667748436
1328390141427811,30.504087026764289,-45.091497547467682,2.425470943752968,-0.026214671489472,-0.046315846981179,-0.048882407042393
1328390141627793,30.814468293294674,-45.113795452888382,2.425612693495613,0.002154085335676,-0.045505618825634,-0.056048618420451
1328390141827744,31.127724793432805,-45.133962510480615,2.425863844428179,-0.026392374717861,-0.050985627598555,-0.053447343762156
1328390142027726,31.440131093992157,-45.157359451028512,2.426304622342991,-0.008072331579717,-0.047655254703420,-0.068229195644799
1328390142227711,31.744683055991679,-45.176290291527167,2.426816559416589,-0.012805762728483,-0.039874262372512,-0.031690361392545
1328390142427647,32.069788443438021,-45.188768646600266,2.427416286354828,-0.021754131031682,-0.033445340408798,-0.032458780415174
1328390142627612,32.391175814593275,-45.199210128319848,2.428148984640906,0.004911228878504,-0.034247100049233,-0.001416589562610
1328390142827579,32.711099772859043,-45.195010999918182,2.428877411310245,-0.025483293397638,-0.043637437681131,0.034966221807550
1328390143027548,33.029951885243719,-45.187282013488527,2.429747052116162,0.001934107983890,-0.040726779917669,0.041012400434056
1328390143227512,33.344230550382520,-45.173760928141490,2.430728311808660,-0.011056735797477,-0.029780437165800,0.056036996478122
1328390143427487,33.673151753908229,-45.163081108171454,2.431988158608394,-0.009224455475235,-0.019471592424725,0.016686196837661
1328390143627447,33.987339486255237,-45.162936678981794,2.433460141761889,0.011724863376729,-0.019386289383550,-0.000873533782566
1328390143827421,34.293555828301741,-45.164863218167113,2.435070892873529,-0.016036694660307,-0.030590864140158,-0.028241843792508
1328390144027383,34.604430578172064,-45.182892906273523,2.436967928412950,0.015447266687153,-0.029251615847949,-0.089191788840786
1328390144227350,34.915241269033750,-45.207785942287046,2.439036856166760,-0.001001550143306,-0.025599374152027,-0.082509346324647
1328390144427317,35.208145094884003,-45.232829112721546,2.441106209764398,-0.003583283473864,-0.027775257678837,-0.111918518110294
1328390144627274,35.450173776055408,-45.258185447540797,2.444271468324806,0.013600763102252,-0.032457862044488,-0.071080873941332
1328390144827290,35.711227219191386,-45.272297180067667,2.447537088032493,-0.020105998857789,-0.028721172512214,-0.047731912328662
1328390145027211,35.968986653598371,-45.284911886751132,2.450686940045059,0.004915989762409,-0.029506847312769,-0.039964720032398
1328390145227192,36.233638014125454,-45.289935759762187,2.453795429129034,-0.016049578206554,0.002125457285860,-0.003107054960995
1328390145427234,36.499829861626267,-45.289232081985560,2.456805651292544,-0.018204642802405,0.021819549925266,0.001432174411092
1328390145627127,36.719788488554059,-45.288018012082517,2.459230761582236,-0.005368329109946,-0.009955255283209,0.009416061422160
1328390145827107,36.914929625303905,-45.284399053919998,2.461318544531649,-0.017349358791326,-0.060390981243950,0.022829582429601
1328390146027047,37.111314433842544,-45.278916983449946,2.463362443249078,-0.011677833135133,-0.086642084576965,0.031110207822667
1328390146227024,37.342489896661043,-45.269133673315395,2.465685591106695,-0.014293279188739,-0.081768178829159,0.048216725470767
1328390146426992,37.598391397218094,-45.255067236064718,2.468158287857515,-0.009119033470744,-0.063821495178655,0.057432496017265
1328390146626976,37.859155714623249,-45.236195414682840,2.470559483661706,-0.009966273366189,-0.053045793393853,0.081261711475813
1328390146826924,38.117710869746254,-45.211972311832824,2.472810025211060,-0.019242698527455,-0.058713896039550,0.093463461002106
1328390147026883,38.368376918431963,-45.185091311031755,2.474881176602888,-0.018343894849521,-0.069718906213767,0.115166177895748
1328390147226853,38.631797594345528,-45.152333588324311,2.476929001993395,-0.022632593907169,-0.069118908256104,0.117246420215049
1328390147426854,38.912899570450193,-45.118796779009344,2.479028439858872,-0.011372434854022,-0.055572533077475,0.117613235008806
1328390147626999,39.203086230496680,-45.082652674579208,2.481073342109575,-0.020072820192376,-0.036130690613992,0.114765068123852
1328390147826761,39.494011885510474,-45.052475952522954,2.483075457447726,-0.008771763921053,-0.025020599973815,0.086982035286037
1328390148026730,39.767131271839808,-45.029706652463531,2.484915764111332,-0.011822253093550,-0.036755081613646,0.076910906089610
1328390148226729,40.038638414042310,-45.013085067430268,2.486718416164719,-0.005835682487518,-0.045826866714479,0.047223187638315
1328390148426662,40.322607673700311,-44.999889230772823,2.496973630251961,0.002181742258928,-0.033302178991006,0.042537323368643
1328390148626629,40.638100649071568,-44.987451885238286,2.507511557222809,-0.005586742455576,-0.013496908461487,0.024639520495250
1328390148826599,40.948644673674465,-44.981607081019504,2.517052862535035,0.012139031121149,-0.008016191770013,0.012915175526937
1328390149026559,41.239903890001138,-44.975773529246823,2.525182938901391,0.001293506179789,-0.020490284615050,0.021023706625179
1328390149226532,41.515772708347164,-44.971756662666323,2.532173752878236,0.007975292276238,-0.028495762247009,0.005457956700759
1328390149426504,41.800467504513001,-44.969249057408803,2.538665800514385,0.012253137992111,-0.027974409498518,0.015848898050051
1328390149626470,42.088601965863234,-44.964545638853693,2.544443837552823,-0.003656106018753,-0.020310818005640,0.009389074872971
1328390149826432,42.376081406372677,-44.964669733422866,2.549496788455525,0.017768868276006,-0.016542135889036,-0.001707896695766
1328390150026393,42.654383839989471,-44.962482846648982,2.553629806296445,0.001871061332627,-0.023221154876526,0.013703107313229
1328390150226373,42.926999308709263,-44.961234837499717,2.556991426805083,0.005533437431705,-0.031295845991739,-0.005425592500381
1328390150426361,43.196125790715641,-44.962224720677796,2.559659289360159,0.009492151941492,-0.032656743392989,0.005362757633383
1328390150626303,43.473188196867966,-44.961804007489945,2.561686213830125,0.001772439195921,-0.031818232809135,-0.006935149656028
1328390150826314,43.748144355677553,-44.965593754360270,2.563042754878224,0.019756353124049,-0.030416211597984,-0.012671568694839
1328390151026229,44.026546941200721,-44.967689042708813,2.563680619539185,0.007736310246093,-0.032982158041230,-0.002264880647524
1328390151226225,44.308263817428994,-44.970553214207058,2.563602433019450,0.012008589558949,-0.032592672836012,-0.014739695427524
1328390151426172,44.595341985642385,-44.974793749789754,2.562780390762158,0.014383108117004,-0.031321470545780,-0.007243632853936
1328390151626142,44.887734731288049,-44.977536159305231,2.561138497235416,0.005658540862217,-0.023576140934788,-0.010522795815239
1328390151826106,45.198248919584294,-44.982894532321581,2.558554628792698,0.011749321882644,0.018555766036092,-0.019952133064242
1328390152026077,45.489629341651877,-44.988715312414726,2.544485360508787,0.025372688950868,0.039062283310571,-0.016533679920604
1328390152226056,45.733324362114075,-44.992232301177225,2.533446184848017,0.014125394552357,0.015155661078973,-0.015273734437374
1328390152426012,45.933003265011607,-44.996549171559309,2.524927107272892,0.025599784219463,-0.044419153288912,-0.025718191370087
1328390152625979,46.126710475513761,-44.999887108002952,2.517087713950147,0.017807350047654,-0.094685782037931,-0.007575085025766
1328390152825943,46.352370730073382,-45.004055874121804,2.508502325445999,0.019414709260568,-0.097457804221423,-0.027903185426076
1328390153025905,46.599941732745393,-45.011017514367822,2.499795779103325,0.030628894030285,-0.084689231107959,-0.018320246623348
1328390153225879,46.856561055848246,-45.014919701976865,2.491462759167622,0.020804680643965,-0.077050719498158,-0.015031859051774
1328390153425845,47.108136038151088,-45.019436308075171,2.484041674976212,0.023870565960687,-0.089861527065927,-0.016114438666154
1328390153625813,47.349638599778558,-45.022633382673064,2.477583689030340,0.017286712920684,-0.109330947675864,-0.011010033407960
1328390153825780,47.612728781208226,-45.027370454821408,2.471338536191015,0.020366976808614,-0.105949895793116,-0.024932043658851
1328390154025745,47.899647579755545,-45.036935973734842,2.465532052346919,0.038997423261503,-0.084898485929594,-0.025433469111968
1328390154225717,48.198785131723710,-45.039583789685935,2.460346526693832,0.013857059915196,-0.074235266201423,-0.002957899609382
1328390154425680,48.492835989373880,-45.045031332064582,2.456321900083051,0.022867455271849,-0.063973412101566,-0.030771229780243
1328390154625642,48.790764759320766,-45.051586171067783,2.453296137579640,0.022106903425504,-0.060386031441548,-0.008673799708861
1328390154825616,49.100562146101709,-45.054314678931618,2.451151225943161,0.011822647894822,-0.048401793582287,-0.015957816031733
1328390155025573,49.413990807059193,-45.056855603218622,2.450112651730219,0.025939345760081,-0.035350323455867,0.010660131458628
1328390155225552,49.724721696481666,-45.048492555416090,2.449924879350875,0.001707176578982,-0.025937019872721,0.031675821976383
1328390155425515,50.022446907543390,-45.038671768556142,2.450734047273372,0.007241081240865,-0.017998195229862,0.028505582613889
1328390155825468,50.615441491024413,-45.023162777010370,2.444185946860852,0.008525765661321,-0.025239757394802,0.021011678205922
1328390156025419,50.902948241738699,-45.017175379342063,2.440712742579224,0.005928170639398,-0.034646124178302,0.032185766077807
1328390156225391,51.191949608861414,-45.010436443401716,2.436978533973708,0.002823437797861,-0.038777781317197,0.023055970475734
1328390156425373,51.472975693055773,-45.005968264825256,2.433185180252627,0.008784968620231,-0.043401670233697,0.025346635424748
1328390156625322,51.750227748179157,-45.000855933482313,2.429216373314723,0.002160092324261,-0.049464341269385,0.024188003023122
1328390156825288,52.026860505627809,-44.997417612036841,2.425090077774275,0.006375815209150,-0.053238785029098,0.019241978900470
1328390157025255,52.296543867690723,-44.994532119214739,2.420878916360298,0.004182183153508,-0.060954636365263,0.018917363157964
1328390157225225,52.561921125210638,-44.992747399357825,2.416566544598357,0.007482341193863,-0.065864880469353,0.015339474618241
1328390157425206,52.838457040433909,-44.991270151796144,2.411878071729907,0.006530784433389,-0.070521531779024,0.015785953266816
1328390157625160,53.112272762350287,-44.991470757334270,2.407066614281517,0.006980352009640,-0.075266611218442,0.001547747474021
1328390157825126,53.395389871610334,-44.996509811925335,2.401972866384522,0.013446654705561,-0.074436595324906,-0.013430027182476
1328390158025094,53.677752982756900,-45.005618002461404,2.396746343827818,0.014072491187280,-0.069909580615634,-0.028499343662013
1328390158225059,53.964616244429592,-45.019273033745833,2.391281618307396,0.014080299558075,-0.069162777461288,-0.041671262276165
1328390158425029,54.252827142349275,-45.037448521035500,2.385623563926891,0.011422029051032,-0.070542303014769,-0.060427061095006
1328390158625003,54.536967255777235,-45.061494542793895,2.379898019715301,0.013266527335238,-0.072086490552867,-0.082992476870951
1328390158824961,54.832320184050545,-45.093770318116199,2.373786221066202,0.011181977694833,-0.065229629653137,-0.105783975869328
1328390159024927,55.117078207166358,-45.132450492436874,2.367726238202157,0.008082024387474,-0.059906731837202,-0.135621137036849
1328390159224895,55.399222663052086,-45.172237092687908,2.362257819548397,0.014611721270623,-0.060932937278102,-0.136368823375411
1328390159424894,55.679556542367138,-45.211101650673044,2.356899862699888,0.004303936952834,-0.062300536694135,-0.146117203336730
1328390159624834,55.959670502015200,-45.252012849236905,2.351656177816459,0.013981618489635,-0.063911022788289,-0.132139476535946
1328390159824798,56.246056398328506,-45.282817209994732,2.346249226466149,0.000545487385831,-0.059867881062824,-0.093906908613856
1328390160024758,56.537643002281307,-45.306983318135309,2.340760887582298,0.009741351408710,-0.053467447390360,-0.079981717907387
1328390160224737,56.825626821434120,-45.324812075703306,2.335379142920539,0.016507274325893,-0.050777695075629,-0.056697162228410
1328390160424714,57.113098658625184,-45.338144481511662,2.330070781452946,0.005162867567969,-0.056114004115869,-0.060565209464045
1328390160624679,57.401113758962666,-45.355022390401160,2.324905812377905,0.014480539574529,-0.055076958198817,-0.070887877591833
1328390160824636,57.693999318515509,-45.370532590959868,2.319754719250208,0.003940873896469,-0.050408797446015,-0.059953446042682
1328390161024606,57.992842668507890,-45.386945502851290,2.314628361408761,0.005557903588663,-0.041738978201525,-0.074778390256157
1328390161224573,58.286124876396585,-45.401984412207227,2.309709922394930,0.014019776575409,-0.036998953239562,-0.046132385484069
1328390161424539,58.568622029635080,-45.408536830918493,2.305022133751581,-0.003849020511333,-0.045522310838307,-0.038357583224205
1328390161624508,58.844158670114489,-45.414429039106409,2.300563371271960,0.013890503460187,-0.054747330688568,-0.029501003982658
1328390161824470,59.126624694042597,-45.412534931537564,2.296054708076498,0.000113047793786,-0.059248832639833,-0.001030136128624
1328390162024430,59.405392704630970,-45.408500385241538,2.291718640047016,0.012908053253424,-0.054134764540608,-0.007893353178982
1328390162224420,59.680826494524595,-45.399001357134551,2.287526310448311,0.012074565169987,-0.055796316955248,0.035870462033715
1328390162424376,59.947509917303321,-45.382607734947925,2.283548754407423,0.002709691016606,-0.063248835757952,0.032563447944654
1328390162624401,60.220815809626515,-45.364191922979359,2.273167323360599,0.011144860844248,-0.068207575733644,0.047123229101780
1328390162824315,60.499970704589614,-45.341850405676297,2.262402312286794,-0.002396787070829,-0.068913073214736,0.041710662482131
1328390163024271,60.787410472219442,-45.322776180029692,2.251217075403379,0.009959344588634,-0.064597454063392,0.035695985277514
1328390163224244,61.071970163401481,-45.302345803363835,2.239990908939768,0.000392687091498,-0.069729050338568,0.044778179465765
1328390163424214,61.350439058757189,-45.284375880373489,2.228897645219638,0.006183450811319,-0.078364697468575,0.028676493990059
1328390163624169,61.629856604908426,-45.267435157925917,2.217652951250568,0.005742037753939,-0.082567114031600,0.036082278195363
1328390163824155,61.922054351408313,-45.250179572426674,2.205764950327860,0.005039514238936,-0.075061697783069,0.024661772860462
1328390164024119,62.219212595686415,-45.235352600356990,2.193576506028081,0.009961459983081,-0.062680418740905,0.013735808479612
1328390164224096,62.513829955668605,-45.226188541243289,2.181449864960354,0.038485875382277,-0.063248999612169,0.011313176655417
1328390164424051,62.796375765921567,-45.211979151023371,2.169606970942588,0.018864079822601,-0.069105125368377,0.029467120963108
1328390164624051,63.073294878131328,-45.199292899635310,2.157901924905102,0.021110347801365,-0.072879095616263,0.015155270613484
1328390164823982,63.357574922969718,-45.186387444344547,2.145765340076887,0.014459883400579,-0.078787394733527,0.024513909561375
1328390165023950,63.646304752689261,-45.174013512828950,2.133326763325186,0.010991096723140,-0.077202284166779,0.015685657909328
1328390165223916,63.936268843748962,-45.161137172741093,2.120697244226608,-0.004031370224880,-0.069927329132521,0.021595200934085
1328390165423890,64.224599296948696,-45.154010612147260,2.108140744844890,0.011490222794684,-0.073454992548660,0.000227976153191
1328390165623930,64.495540328574180,-45.139223391649736,2.096042476209418,-0.024844927726877,-0.086926976795115,0.032081859593660
1328390165823955,64.783333985302164,-45.134058769931471,2.083322783716811,0.001269056570750,-0.080846608115055,-0.019220579949601
1328390166023778,65.044996072262592,-45.127938365024306,2.071623716189163,-0.013721189297845,-0.088492393905190,0.019024117922445
1328390166223751,65.316646078825613,-45.129332708327794,2.061202486716004,-0.012058893133311,-0.092898526060579,-0.022415382275995
1328390166423751,65.590037458740483,-45.133010775030002,2.050589559757330,-0.007771865493476,-0.098670688265413,0.010886756063831
1328390166623689,65.869807256413594,-45.135264211588904,2.039508321355309,-0.022040968392427,-0.100612528482551,-0.040718949664302
1328390166823653,66.154692556453028,-45.151891713796857,2.028338853793399,0.004399248844678,-0.096012824088139,-0.051986098933480
1328390167023624,66.442017211180399,-45.167279941628777,2.016826107329016,-0.024541755072549,-0.099931507444976,-0.077420630328588
1328390167223589,66.721593251183279,-45.198799197841623,2.005736508497594,0.011560564802228,-0.096446345349648,-0.119341622259863
1328390167423555,67.011208128416030,-45.227675472849512,1.993936549003217,-0.025978274723061,-0.096846212815155,-0.088252914594304
1328390167624230,67.306021356960841,-45.264988847473916,1.981821310389613,-0.014789691445581,-0.088926900084503,-0.151333846100492
1328390167823490,67.601922990624587,-45.303361789675336,1.969422419909057,-0.009409126046269,-0.084071352083606,-0.095747562172395
1328390168023450,67.899018588876743,-45.335294731299072,1.956610797164597,-0.015099527825083,-0.079441875074193,-0.123848767580970
1328390168224067,68.191030031313289,-45.367500612502226,1.943794067180880,0.004083183418388,-0.078744072539573,-0.078679942773346
1328390168423394,68.483359254476341,-45.387369870262262,1.930530885809275,-0.012481881285562,-0.078839227875113,-0.068900182273629
1328390168623357,68.773215247068777,-45.407662221883797,1.917167193347494,0.013220736835746,-0.076981561723556,-0.050540502722471
1328390168823328,69.066559979064266,-45.415965832162414,1.903226552989191,-0.007319903094177,-0.070746686473988,-0.017123349813164
1328390169023289,69.356900038909316,-45.422672393790251,1.889189872842566,-0.003627873154938,-0.075545354156730,-0.025569128516499
1328390169223306,69.628277914903734,-45.426385090930850,1.875838936178046,-0.010918930868941,-0.077442409397104,-0.014263038049095
1328390169423268,69.902300956797660,-45.433734277115576,1.862223054629671,0.006967134614906,-0.084009254442874,-0.030756363475053
1328390169623194,70.160105385396449,-45.437754415425843,1.849197902248821,-0.003796955552255,-0.091985187512643,-0.008992358200448
1328390169823163,70.434660711005847,-45.445109365464177,1.831713776430514,0.010372407916085,-0.087667316978269,-0.043067173242059
1328390170023125,70.717563015576715,-45.453623341627377,1.813660057797196,0.017013489414572,-0.083055103330399,-0.012277756802177
1328390170223341,71.009614114055779,-45.458434666085338,1.794937872741611,0.003807210129606,-0.077965711385230,-0.030839633567693
1328390170423078,71.298095805519267,-45.466943486779314,1.776434290746724,0.012484281937882,-0.078763559282758,-0.013915646385914
1328390170623033,71.585397779845181,-45.471925668943200,1.757940036099268,-0.005544004625049,-0.079995818237327,-0.032509366114022
1328390170823004,71.872755851977985,-45.483734820927054,1.739449153996687,0.013486970101164,-0.080720514966148,-0.034109037226581
1328390171022957,72.158086951051700,-45.492542097986558,1.721035576934232,0.002124497031382,-0.082127020371067,-0.034790301920824
1328390171222944,72.444057801892654,-45.504175489820810,1.702562310571946,0.006487180406787,-0.076473820394047,-0.034214365656240
1328390171422905,72.728022947174921,-45.514948171959389,1.684194055090370,-0.011549590201907,-0.073118974826422,-0.051044424501477
1328390171622901,73.007732055065759,-45.536765166680837,1.666086656341634,0.004404276481664,-0.077513267362430,-0.085087001129453
1328390171822834,73.279991431528785,-45.561156307705815,1.648423990763489,-0.015592723483881,-0.085613462315857,-0.097811867563044
1328390172022794,73.546399170460887,-45.596763716500220,1.631064739246619,-0.006678714780573,-0.090206922995290,-0.156237910610228
1328390172222773,73.819291611698247,-45.643120570897096,1.613164293506975,-0.001213111663901,-0.086901614985155,-0.165958967163603
1328390172622707,74.363125210920273,-45.757092656025264,1.577046600570570,-0.019257261880096,-0.086994074746469,-0.218749237072393
1328390172822674,74.633399964991241,-45.828904539265181,1.558763667196796,-0.017806071293418,-0.090033578749041,-0.294636544937864
1328390173022640,74.899441981840965,-45.914666420311107,1.540405049709548,-0.007330475037878,-0.090915626573123,-0.299047612740446
1328390173222609,75.150706989377994,-46.001542582821912,1.522803414865252,-0.025953487252778,-0.092435849107233,-0.362919216671968
1328390173422611,75.419305424709307,-46.106871788123726,1.516707183955202,0.000197831803909,-0.079997418305349,-0.386985830010389
1328390173622544,75.696764673989151,-46.221092844809149,1.510264249319883,-0.023700240875452,-0.075004159964729,-0.433302679919111
1328390173822509,75.962254537765432,-46.352894387027050,1.503923480842926,0.008069535667099,-0.071505559818901,-0.484323399063676
1328390174022467,76.224346485095566,-46.489627909536111,1.497563718430859,-0.011585836707045,-0.073452262439526,-0.507142736635245
1328390174222442,76.480847776212840,-46.643990978771598,1.491221249896909,0.012184893754087,-0.067798515773256,-0.577580402330236
1328390174422441,76.735143809135764,-46.807425372397461,1.484870254616481,0.003700923880989,-0.061085675580684,-0.582275777549690
1328390174622377,76.982213149032447,-46.981704234965861,1.478648778633492,0.005815508909099,-0.050790190759114,-0.654430313925497
1328390174822353,77.226375400241267,-47.174969746890923,1.472466346234922,0.016485991092779,-0.035260850665457,-0.682015628254455
1328390175022314,77.464870328074028,-47.374383216119156,1.466449665754701,-0.005266292775765,-0.027283942754675,-0.730801013558518
1328390175222278,77.690197595303999,-47.587454826713099,1.460791386684345,0.013474664546168,-0.020091725538662,-0.791380707570560
1328390175422247,77.913417701840913,-47.820174791148816,1.455263551905182,-0.001352123068273,-0.000237272436691,-0.830404201590919
1328390175622215,78.125220961993492,-48.069172495323073,1.450137422836188,0.005472322566996,0.029687641616248,-0.906235481367013
1328390175822180,78.310398214617479,-48.317550244114770,1.445811294226417,0.007323627156984,0.051863945089449,-0.962299598660697
1328390176022138,78.470614376400647,-48.565933144258423,1.442256984481218,-0.004189706138406,0.061189174293311,-1.048343720751551
1328390176222115,78.594821508367630,-48.797034586540718,1.439702967264116,0.016536445187504,0.062658522182480,-1.109735366105014
1328390176422085,78.691783620012899,-49.002977131818326,1.437898803594984,-0.008345336766664,0.037707688667820,-1.159314540297317
1328390176622051,78.762963235598079,-49.181977616693445,1.436751961047383,-0.002090367727907,-0.003914294513233,-1.229003658957920
1328390176822015,78.818848042637313,-49.351797521063133,1.436035803117271,-0.003943604515933,-0.041395677942723,-1.272750872977910
1328390177022003,78.862663328651166,-49.508643250067351,1.435649731164754,-0.019162516745451,-0.072754073930545,-1.327097209632825
1328390177221980,78.894231914222757,-49.680511695358049,1.433857154914276,-0.012143055625832,-0.091683337083647,-1.379383862213341
1328390177421921,78.918706878504352,-49.858931883533344,1.432122993702805,-0.021396004444998,-0.110173984299898,-1.425958621159875
1328390177621894,78.933415341823604,-50.036967077269907,1.430528624662568,-0.016049676852459,-0.130713013910419,-1.478040139877565
1328390177821854,78.942322718133198,-50.223950100416957,1.428903709304965,-0.023518203853290,-0.149969647995201,-1.506174997988628
1328390178021822,78.944459793150045,-50.417676929422768,1.427261281486001,-0.026366853548006,-0.165559373854874,-1.543616388153612
1328390178221789,78.941584099969475,-50.647946881151825,1.425277475867055,-0.029423949599658,-0.174703838898144,-1.558606472110253
1328390178421759,78.935109008389674,-50.907551906891030,1.422926122135786,-0.032325121502417,-0.165283970703134,-1.563476474498374
1328390178621727,78.929727475280174,-51.187161431436579,1.420168872076567,-0.032245444791729,-0.146742970292523,-1.563176096220167
1328390178821689,78.925901349696986,-51.483355290036030,1.416998870311449,-0.021888825825842,-0.128904408505782,-1.547641078986654
1328390179021685,78.922937167079539,-51.800379823396696,1.413340671627674,-0.006851380057572,-0.104570615140719,-1.565812531460613
1328390179221625,78.921582733943211,-52.133563107893522,1.409195496041826,-0.000136062147414,-0.082481678617396,-1.535475420141081
1328390179421595,78.928864366325641,-52.472384820986946,1.404580562286381,-0.022687161654413,-0.057381507347999,-1.530712903480948
1328390179621560,78.933660049098549,-52.843416438413982,1.399240379446722,-0.010948846951752,-0.018195777931975,-1.552158146460932
1328390179821527,78.937646112249325,-53.224868449845445,1.393399451514952,-0.007645571026606,0.018764193075509,-1.537780625501034
1328390180021494,78.945545807778132,-53.594156210676204,1.387349815940420,-0.018468989380970,0.041682491883850,-1.547604994725507
1328390180221462,78.949360065895206,-53.948185548681423,1.381263262311923,-0.001983213342276,0.056571906237920,-1.551005381583752
1328390180421454,78.955295913610442,-54.294174680235855,1.374982083201279,-0.024157183475966,0.071219621060316,-1.547502664572088
1328390180621395,78.958991665773112,-54.605510147332950,1.369079777847516,-0.003191220613527,0.079060768735457,-1.559620271709607
1328390180821353,78.964659591620816,-54.918691345355185,1.373215103037855,-0.013413085270903,0.074607124398600,-1.550735126902862
1328390181021322,78.971380645862197,-55.207754227265980,1.376722196459019,-0.026691693326462,0.062548816471841,-1.557783512514148
1328390181221297,78.973637711635490,-55.484790119213983,1.379838257035214,-0.007067270199256,0.049813374333915,-1.569181260891858
1328390181421268,78.975143411699605,-55.745997872441720,1.382530053173995,-0.027904927559905,0.034436933582792,-1.568190952512376
1328390181621233,78.974920641417697,-55.992615526389983,1.384853065129018,-0.019827577642773,0.018501101150232,-1.581622468061308
1328390181821200,78.972822272134522,-56.235389442185934,1.386927579598363,-0.016537157643009,0.004457065316287,-1.577244714464957
1328390182021170,78.971896590252229,-56.479208230951869,1.388792215948022,-0.036924393454123,-0.014793415038292,-1.585341963443288
1328390182221210,78.966495124025073,-56.723178978110866,1.390436800520641,-0.009862949447822,-0.030897265223394,-1.595788571315793
1328390182421121,78.963297873074680,-56.962031318560747,1.391831955837450,-0.031731642231428,-0.045397702610630,-1.586464096969282
1328390182621093,78.957376936415358,-57.213290628250320,1.393061504330217,-0.014412918139096,-0.049324873270148,-1.603163500852330
1328390182821039,78.952228563651488,-57.484992649573385,1.394126256703199,-0.015443170611902,-0.044657510761847,-1.575901961461339
1328390183021006,78.953875429192593,-57.762042729593176,1.394969409725358,-0.019378749767364,-0.042606293292311,-1.561078422816685
1328390183220970,78.959997578640468,-58.044857531730543,1.395586585474087,-0.002676593320315,-0.042904223450872,-1.534476727834980
1328390183420941,78.973600466869783,-58.330340854548936,1.396005852020735,-0.027313314057104,-0.045185338165535,-1.533263468113663
1328390183620905,78.980085497229084,-58.629744032304174,1.396093194274506,-0.000730455341366,-0.035276007555464,-1.561412322949085
1328390183820875,78.985491107271187,-58.935029438058706,1.395859942947606,-0.015772277818476,-0.025652647570285,-1.553906464779168
1328390184020842,78.987035296027898,-59.248138231986871,1.395240087977889,0.000421275774659,-0.014977684249744,-1.580905133731515
1328390184220807,78.985862002946533,-59.563291416186104,1.394229412869410,0.005618264417356,-0.001798650817543,-1.568217428054420
1328390184420781,78.987153463748783,-59.857871887447999,1.393004407688649,-0.011116732239913,0.004024344837498,-1.576053943333282
1328390184620741,78.980377479546206,-60.160141034263845,1.398817022864590,0.011404499306707,0.010297604979645,-1.581335637926536
1328390184820710,78.976597745018879,-60.460476124124654,1.404578760691479,-0.014543879129385,0.011481269880682,-1.571794150077553
1328390185020668,78.969999926345224,-60.754493260968815,1.410126998533088,-0.000150696273947,0.009175977056935,-1.593000446214341
1328390185220642,78.962386158278946,-61.033130317252215,1.415322723931529,-0.004900110904159,0.010291742164673,-1.580262235055223
1328390185420611,78.956069160733932,-61.321073435676269,1.420664276576189,-0.022608262747471,0.008611762931614,-1.594241553536321
1328390185620576,78.944958386420012,-61.611462056030263,1.425954721271268,-0.000543824494309,0.014177404075414,-1.598591018699072
1328390185820544,78.936368784977390,-61.879609117424678,1.430819653478089,-0.022902554294519,0.010424721544806,-1.596718004410607
1328390186020503,78.924641020964145,-62.149872637828651,1.435658925831536,-0.005459068815436,-0.000057968944131,-1.611774033066249
1328390186220480,78.913001912801704,-62.420686821624940,1.440475853907204,-0.018425783313294,-0.012057291777320,-1.601017945003649
1328390186420449,78.901182344118354,-62.677387604677122,1.445005135725658,-0.018666510370131,-0.016276942128078,-1.620302700675133
1328390186620416,78.885623952269668,-62.951618936656843,1.449791740182995,-0.007051954081761,-0.009442518354961,-1.613693241347813
1328390186820403,78.874886743756264,-63.224664351900316,1.454556188337039,-0.029238919650825,-0.004965879325919,-1.598043568749811
1328390187020353,78.867671060804611,-63.487237914593564,1.459119863547110,-0.012831424606490,-0.011770956891186,-1.582991128828561
1328390187220317,78.867636968439598,-63.758679465167518,1.463833423045808,-0.027339282138764,-0.019362671779841,-1.550630756594570
1328390187420294,78.874113158309470,-64.039655569701466,1.468687075230252,-0.026841878967716,-0.016823693839283,-1.537161334933908
1328390187620251,78.887016835111524,-64.327421833384307,1.473615822996289,-0.023939855411855,-0.007733510210486,-1.507926432815887
1328390187820220,78.907912903467292,-64.615387753467999,1.478498209722518,-0.031000666726193,-0.006187576180913,-1.489155982543281
1328390188020179,78.930534658267590,-64.886786446875334,1.483028250531547,-0.021598845015807,-0.010137886700677,-1.483545912129456
1328390188220154,78.953844373921896,-65.164834167223674,1.487359270494650,-0.027364816646017,-0.013236125646379,-1.478640517480042
1328390188420120,78.977617546733683,-65.449528482019872,1.491408171642993,-0.026109365127437,-0.012932127347148,-1.484327480319689
1328390188620088,79.000977751687728,-65.738490204209043,1.495119845669902,-0.023210831487832,-0.009812135619107,-1.479841407573901
1328390188820058,79.025293340020085,-66.020481733633432,1.498354206044004,-0.037193432771163,-0.008530862866818,-1.482420042850545
1328390189020013,79.047049122930275,-66.302262958004249,1.501210341719784,-0.025539786725555,-0.007823458512887,-1.490372463093516
1328390189219988,79.068934720009864,-66.579907861196006,1.503653940521629,-0.034155851484791,-0.013038948948214,-1.483926776156191
1328390189419956,79.090226746840557,-66.859381352984883,1.505746707928954,-0.035837761635649,-0.016615072844232,-1.498010798834800
1328390189619923,79.108564061911693,-67.142225787798367,1.507506781648270,-0.026332543747313,-0.016654822258924,-1.499577708549020
1328390189819881,79.128149695328688,-67.431678892080669,1.508917140583392,-0.041628852070001,-0.011429073017267,-1.503795010337247
1328390190019849,79.140566391830248,-67.710762395961240,1.509957539355117,-0.032716929368144,-0.008545876130362,-1.540626728288424
1328390190219926,79.143908589733499,-67.994396655102520,1.510738177448236,-0.035328119374028,-0.015299188090669,-1.565661946679304
1328390190419814,79.141000025579672,-68.276619039934431,1.511235486053818,-0.039296709248384,-0.020437412997537,-1.588486890369604
1328390190619762,79.132308035494717,-68.564277241265444,1.511466730404058,-0.024505189237814,-0.012747809704680,-1.595884692751389
1328390190819749,79.124740860016914,-68.859760956994037,1.511344652072009,-0.044515397848614,-0.004447526592183,-1.591980309970593
1328390191019688,79.114412544790014,-69.158539456992273,1.510898398334642,-0.030918258627186,-0.000388960407622,-1.605425741843783
1328390191219661,79.106373240929898,-69.440113174097846,1.510130873839967,-0.035698653978806,-0.001164603310905,-1.580661457861957
1328390191419629,79.104039843877189,-69.733192089222200,1.508907111510059,-0.051272988446208,0.000801219292112,-1.575338561420041
1328390191619595,79.100941702835925,-70.027130703163692,1.507335087430987,-0.033356769081681,0.007765776475621,-1.576642274307762
1328390191819563,79.098248176606234,-70.317677375953906,1.511643240349975,-0.057790780427239,0.012565812616295,-1.578973748166811
1328390192019521,79.090578384067285,-70.604757205852891,1.515979672033586,-0.038485423184209,0.011051956957565,-1.603013161144640
1328390192219503,79.080569590984766,-70.877934468657386,1.520144452369211,-0.040134265509211,0.007172571828224,-1.595842956671118
1328390192419492,79.070215461938176,-71.162966328614630,1.524485741617642,-0.047954010906500,0.004912414440883,-1.610424966674019
1328390192619422,79.054968213473117,-71.448934926489954,1.528899182947743,-0.024455652448829,0.008848099984617,-1.615556978956569
1328390192819398,79.042025724936977,-71.722090660507760,1.533086431382606,-0.046265994740564,0.009779439513898,-1.609267742752150
1328390193019363,79.026284931181834,-71.999695508552847,1.537363738668282,-0.028310024581590,0.002237267710284,-1.625497497223347
1328390193219350,79.010800643968281,-72.272937257726284,1.541563174070855,-0.040195095780394,-0.006806792917965,-1.606093114330985
1328390193419303,79.000546268082218,-72.541643693597365,1.545634555922268,-0.046932718321794,-0.010348318452279,-1.596011339198559
1328390193619271,78.994014927284425,-72.805937894407791,1.549604685876615,-0.028322010758349,-0.008488039989214,-1.569739114611898
1328390193819234,78.994282588508071,-73.082374331767539,1.553702179358359,-0.051439220441673,-0.007002156524291,-1.558734333496877
1328390194019207,78.992916750138633,-73.360038519648256,1.557843900989208,-0.031969001212300,-0.011938315210221,-1.571595216494916
1328390194219173,78.991919003566181,-73.622680146714345,1.561770153841464,-0.040922581457847,-0.018013728700305,-1.556783426506005
1328390194419142,78.990419150644925,-73.912519371479220,1.566117853953762,-0.038613654495637,-0.020220799695595,-1.579128694816471
1328390194619106,78.984256180422349,-74.197995501080882,1.570437376451896,-0.022297264546106,-0.014928823260585,-1.576860086407358
1328390194819071,78.980555988069625,-74.476747769003836,1.574649880946854,-0.041591903906717,-0.008624659646992,-1.574926112105580
1328390195019040,78.973723077473096,-74.764196877302325,1.579014854681694,-0.026058161844232,-0.011299809031457,-1.587606133473002
1328390195219009,78.966294141025173,-75.039405552970763,1.583201733934486,-0.031332609595434,-0.018025686609583,-1.583465845281158
1328390195418978,78.960172469643808,-75.320021516607142,1.587149415556728,-0.028671894828374,-0.014985771908290,-1.595019981735308
1328390195618943,78.950882490935044,-75.621117386638886,1.591218570388414,-0.022453403098463,-0.004063897377849,-1.596965577963151
1328390195818909,78.943695372916807,-75.914976559429903,1.595009918323829,-0.031218840158577,0.000441519467062,-1.587600120263481
1328390196018870,78.939389564737070,-76.221359755892394,1.598770353896044,-0.023024577757402,0.000043365526408,-1.571262763989508
1328390196218846,78.941664857358404,-76.496941348682554,1.601977114429342,-0.031980805750170,-0.003006107386775,-1.549027190851264
1328390196418812,78.950464605158146,-76.803358259958941,1.605351283880079,-0.032501732914716,-0.000354344287581,-1.533235748555540
1328390196618781,78.963065941447354,-77.096734660489687,1.608399286269075,-0.024709779817458,0.005017835157866,-1.516691398014442
1328390196818745,78.982129920232978,-77.372779213026448,1.611097947533487,-0.036040104163272,0.007344913925626,-1.489366246518499
1328390197018724,79.009042639810716,-77.672061249750286,1.613843193177992,-0.034537816362652,0.004127333348720,-1.479834498367943
1328390197218680,79.032370956253544,-77.935804485555579,1.616117501470732,-0.033446653413683,-0.003747404809215,-1.485540400662541
1328390197418645,79.056228949933598,-78.212721424034783,1.618358757062732,-0.040696016581735,-0.017694245764271,-1.488701639966997
1328390197618615,79.076687498122169,-78.475401173808947,1.620348234370080,-0.037737296126063,-0.016873090341190,-1.498834683015283
1328390197818581,79.097147446801586,-78.752432329172592,1.622299875760522,-0.045993647618004,-0.006980466727133,-1.497655947833860
1328390198018549,79.118188552711530,-79.049136253886303,1.624222347026719,-0.043574442565383,0.067456807858042,-1.507540105019265
1328390198218521,79.136813713733716,-79.345887486311710,1.625974270692168,-0.030112315169227,0.101399590864688,-1.510230281131078
1328390198418483,79.155131800690924,-79.625790857442553,1.627464583643687,-0.044993741612837,0.055794711835690,-1.502803677776363
1328390198618819,79.168991515275252,-79.822118062400875,1.628414875714883,-0.041313217072995,-0.017718512889553,-1.504165423292097
1328390198818433,79.182011460949838,-80.012203668017477,1.629262471577174,-0.034611674166828,-0.057862329623589,-1.504024932236096
1328390199018389,79.193864130989880,-80.249704898030117,1.633072900758409,-0.037563609950224,-0.050591778892348,-1.508721518818578
1328390199218355,79.206737532294568,-80.521837182646024,1.637450476172176,-0.032179073567271,-0.026607062499177,-1.505143045679752
1328390199418322,79.221027655150522,-80.804902221882458,1.642014820970588,-0.040205424963739,-0.011673806630888,-1.510986576706800
1328390199618301,79.232434339899982,-81.074571911102638,1.646377768307837,-0.028182588889924,-0.025179210663068,-1.514134859234738
1328390199818269,79.244032787614543,-81.334137260586999,1.650587091615495,-0.040445850231446,-0.041519762502070,-1.514850274035159
1328390200018228,79.253404518196533,-81.627430830785457,1.655362301692927,-0.024756796558306,-0.037895247638032,-1.530686246155682
1328390200218190,79.264319725326388,-81.938177134171042,1.660435307225074,-0.031447565600813,-0.008964392204965,-1.514722517333708
1328390200418156,79.277803127037828,-82.297511997095725,1.666319293687788,-0.032408023086155,0.077380497975907,-1.530096156948039
1328390200618114,79.287610707724497,-82.640972036698628,1.671968925430185,-0.022996872284639,0.125273457200103,-1.530256713699613
1328390200818158,79.294647647052173,-82.883424776372152,1.675968567479233,-0.040396465198780,0.076043802048472,-1.533370766988905
1328390201018058,79.298998195163847,-83.080186037935732,1.679224565166467,-0.023683551269760,0.002307053352831,-1.541562858211188
1328390201218024,79.303442787054493,-83.290720725179810,1.682716191396957,-0.037535893681712,-0.038656054779745,-1.536347736622398
1328390201417984,79.308052485058369,-83.541560575459869,1.686887612262845,-0.040680857080725,-0.035678153405119,-1.551785599344607
1328390201617953,79.310245661096985,-83.820052731705815,1.691538151697570,-0.027466294926852,-0.012294306345221,-1.546805475065454
1328390201817932,79.315635569244762,-84.090980541105381,1.696067370351936,-0.041091753352880,-0.002303721576444,-1.540139366779457
1328390202017896,79.320536571311436,-84.355153072247475,1.700496116548269,-0.029438728655819,-0.017771419387966,-1.543802321118017
1328390202217862,79.327502424386580,-84.608719980204867,1.704752592312725,-0.036442505915604,-0.037984544771261,-1.524807457028012
1328390202417828,79.338354813907557,-84.879075714878056,1.709294840156821,-0.043065182743621,-0.041230214169989,-1.522952803356568
1328390202617800,79.350361016910043,-85.171753644555949,1.714224917706687,-0.033331361541560,-0.027288808418283,-1.516758247314701
1328390202817777,79.365479456317189,-85.457832651026749,1.715987668206877,-0.039995436220540,-0.011591807634301,-1.504234609822444
1328390203017722,79.382037521356352,-85.753062776563368,1.717797754633268,-0.032471215513936,-0.005274719821842,-1.504885497979122
1328390203217698,79.400188393404193,-86.043299470848126,1.719567675083583,-0.035407934296454,-0.011333585211983,-1.490074449958790
1328390203417664,79.421366510149994,-86.335037476961389,1.721337565002206,-0.042932491751972,-0.015534708926899,-1.494953974429264
1328390203617629,79.435665417516091,-86.641946690702525,1.723200669166920,-0.028508780970809,-0.006319369371112,-1.533470014659228
1328390203817601,79.440777382615593,-86.937752282766596,1.724990946295998,-0.035050585559013,0.006582316398141,-1.554716583955739
1328390204017569,79.436655880339586,-87.244250435429535,1.726833108163041,-0.024999582023820,0.015856969694804,-1.594612509209852
1328390204217534,79.425133837850964,-87.534084504788908,1.728555765083399,-0.018057972412516,0.016082158726116,-1.598149598425188
1328390204417504,79.412870434100000,-87.813246043622115,1.730191632688600,-0.036582158532798,0.001299123199910,-1.613801814460456
1328390204617472,79.394835930969677,-88.095730475827708,1.731820105554184,-0.025455403003412,-0.000142354982454,-1.621852794801597
1328390204817435,79.378128824718772,-88.388114744776573,1.733476800656712,-0.059147517890906,0.007216702908866,-1.609800264227111
1328390205017399,79.361337244332432,-88.681238261153339,1.735107429110444,-0.044219093867294,0.009861172858772,-1.619300615326137
1328390205217371,79.345680923034124,-88.972609089524141,1.736699424468137,-0.048894118382451,0.011124188471738,-1.599646364435939
1328390205417342,79.332638619345033,-89.260596619495431,1.738247893266683,-0.063500091781611,0.002763730054790,-1.612006950476169
1328390205617305,79.314372547104711,-89.546767537779800,1.739748400937140,-0.040380145880357,0.001369778111900,-1.620802656560985
1328390205817275,79.297019512594034,-89.843315392741872,1.741274445971710,-0.065149643835323,0.005921653027690,-1.615172326947491
1328390206017241,79.276055176645457,-90.132681501460027,1.742721523671013,-0.047039328108937,0.012586884997366,-1.640111549912291
1328390206217206,79.258522871072927,-90.410260814665179,1.742252079487870,-0.049514637909997,0.020609254887779,-1.625332356916152
1328390206417176,79.243658896716653,-90.698484944747378,1.741976326015901,-0.060498415558251,0.016169017158107,-1.631412035308197
1328390206617140,79.225964795694196,-90.971295837080106,1.741915579503276,-0.019557744735747,0.004680065547156,-1.625531863345090
1328390206817098,79.217864548054706,-91.232904632562736,1.742024976577095,-0.060679974270066,-0.004470342221593,-1.590095172309567
1328390207017074,79.210217378289002,-91.506502921081363,1.742318086895473,-0.041953197599487,-0.004550241132293,-1.606779515711976
1328390207217043,79.205751654849536,-91.785877885125998,1.742797325833071,-0.044932436929543,0.001828711729203,-1.560219497241741
1328390207417011,79.212049494002883,-92.060882250621688,1.743418874935041,-0.074039431524771,-0.002262191449564,-1.551382588833363
1328390207616982,79.217336513414395,-92.329419250836821,1.744192500536567,-0.036927674760614,-0.008390643070701,-1.539767896945297
1328390207816944,79.232637054454926,-92.599855297551926,1.745096743079655,-0.067695446409971,-0.010363841389924,-1.498344808108520
1328390208016916,79.251853179338696,-92.874238795017391,1.746156426221365,-0.053030282985015,-0.009351386376249,-1.504718073513879
1328390208216881,79.275594287127802,-93.149164264566252,1.747352691284572,-0.050327689599191,-0.004241886469198,-1.460411179122960
1328390208416847,79.309232225124703,-93.425622276768053,1.748657455096798,-0.075982726935620,-0.007282575096889,-1.456238894056118
1328390208616814,79.338441943193203,-93.699325909693627,1.750113019826770,-0.045453476123514,-0.014253525902392,-1.467695094342206
1328390208816782,79.370120380702758,-93.973767147291198,1.751701413482418,-0.067570869275797,-0.018700085630610,-1.451120330543950
1328390209016771,79.400893724225625,-94.260880627069412,1.753529746945514,-0.058585838045653,-0.013767513804487,-1.479301900187894
1328390209216720,79.427591021410166,-94.557379021856889,1.755619031859958,-0.044783068948626,-0.001941437914754,-1.474708777452323
1328390209416684,79.453635700925133,-94.839897165846338,1.757764354960230,-0.058460328578785,-0.002362964390390,-1.489033510187321
1328390209616655,79.471055167399101,-95.122723853501086,1.760141855377770,-0.043376831973193,-0.006829091443579,-1.521458220843503
1328390209816612,79.481152675389126,-95.391766333149377,1.763850178958848,-0.057854287268823,-0.009222378663977,-1.536114420036835
1328390210016578,79.483084725845714,-95.682368769021124,1.767837586669346,-0.053080098704193,-0.005565674925924,-1.579570471144043
1328390210216553,79.477044433467938,-95.977620347834744,1.771845483925186,-0.050771996387918,0.004526039146961,-1.583740454781310
1328390210416525,79.470585483082544,-96.267608611778243,1.775672565515667,-0.062892741376761,0.002613701710318,-1.592995576969275
1328390210616512,79.460041940582641,-96.537449020633005,1.779163419033478,-0.047074323765860,-0.003936713525966,-1.610219438672424
1328390210816484,79.449165126730989,-96.820538345890398,1.782712995388774,-0.052904035812560,-0.001572746907304,-1.588234270896285
1328390211016414,79.442226504328261,-97.110505950464827,1.786204970111703,-0.055079159855462,0.008095133746425,-1.593236565995193
1328390211216411,79.435243765247719,-97.399698932428180,1.789572874196533,-0.032306189149674,0.017275963931196,-1.572874503333410
1328390211416363,79.437395834748884,-97.693152939856930,1.792828994334197,-0.060286238037036,0.050008825294724,-1.550616501278685
1328390211616337,79.440189185127366,-97.999418116551169,1.796110613112159,-0.047573808295132,0.071732622373976,-1.564238475286789
1328390211816291,79.440243129331805,-98.260176637538933,1.798821199910454,-0.035848714006629,0.042123183742786,-1.562877903717556
1328390212016260,79.441227189098498,-98.484981114714202,1.801085284538394,-0.054252516474978,-0.009301106717905,-1.564738068157814
1328390212216226,79.439428057777178,-98.697888046816985,1.803178089613189,-0.035672658170074,-0.038607984383177,-1.580120093510696
1328390212416195,79.436913819994743,-98.938858394171234,1.805475866475597,-0.041037766592896,-0.036618605078207,-1.571545791412212
1328390212616162,79.434865997141515,-99.200497984359941,1.807882414377471,-0.047432178558741,-0.022519491247771,-1.580828511781640
1328390212816180,79.429837590702533,-99.467718894683671,1.810250945414205,-0.037124404652892,-0.016241432095048,-1.586316822287059
1328390213016096,79.424924395540643,-99.732419048562761,1.812501319474812,-0.042987541034520,-0.025809400290556,-1.585326410355805
1328390213216062,79.418958281285313,-99.990813090153495,1.814606406279676,-0.042369638167787,-0.039826717995207,-1.596646310843340
1328390213416027,79.407129435685533,-100.258830914360018,1.815192468851596,-0.034654016806636,-0.033798014167719,-1.601412206946793
1328390213616008,79.394966390961258,-100.554688885810080,1.815833992007158,-0.042717017611516,-0.014803233368213,-1.595853010996809
1328390213815964,79.381051686693809,-100.848458922893684,1.816464279474789,-0.036446465761847,-0.004232830644333,-1.613937288714591
1328390214015923,79.365103551704351,-101.136433141706277,1.817071335277956,-0.032502569670546,-0.006573551656794,-1.605403679338415
1328390214215911,79.353699793832419,-101.429718395716833,1.817688699187577,-0.050017909055410,-0.004742596075952,-1.589242813304528
1328390214415864,79.345934462092885,-101.733020867412876,1.818332419779128,-0.031980210336956,0.008332997134260,-1.569638314787085
1328390214615833,79.348106269558357,-102.035193298067625,1.819006734599812,-0.059087605550825,0.020418193714723,-1.540545689364012
1328390214815879,79.351941388252868,-102.334547456933208,1.819693267777256,-0.046468662932929,0.019655752813198,-1.553704449069563
1328390215015756,79.356632901309410,-102.621370199004986,1.820368226132916,-0.035985074465909,0.009808035078800,-1.525917884668520
1328390215215733,79.368356101487279,-102.907745919440359,1.821093115598001,-0.065228834875541,0.002356951068050,-1.529066215853822
1328390215415704,79.375318378927531,-103.193477304386775,1.821808896932328,-0.018513694725252,0.007577217726512,-1.528163987147885
1328390215615667,79.390726331866304,-103.469719298460333,1.822572879227887,-0.051728905618228,0.010284167818263,-1.489616857236651
1328390215815637,79.408392634769768,-103.743429845580110,1.823370992789859,-0.039761475888719,0.004942130962488,-1.508635224801161
1328390216015601,79.425242654649082,-104.009601538458227,1.824169541851939,-0.027088550661270,-0.006790456327291,-1.482534194576019
1328390216215570,79.446184445005002,-104.273293807312228,1.825019838335906,-0.054285643792384,-0.017788023157229,-1.500004568771572
1328390216415531,79.459852265469749,-104.544656777908273,1.825853734369351,-0.013262780234136,-0.014584762171453,-1.507613000207756
1328390216615509,79.480067492386780,-104.822313415350052,1.826787331602096,-0.056941247397504,-0.011866374240713,-1.487680241195090
1328390216815472,79.495760750092884,-105.095357729237378,1.827691128816696,-0.037126512837374,-0.013334483062234,-1.525440146861721
1328390217015456,79.509815317422678,-105.363435251132785,1.828678851951359,-0.032860674229488,-0.017650414621959,-1.507265329807276
1328390217215407,79.525113026132885,-105.642399316119594,1.829638952330817,-0.053222553336376,-0.023212128760121,-1.539427495608979
1328390217415378,79.531393613425934,-105.938988367805976,1.830503813577289,-0.008527719325283,-0.011988967312678,-1.544131786418592
1328390217615343,79.542914883955774,-106.242442769097181,1.831331027757986,-0.042317507915434,-0.003200775763597,-1.531708689506857
1328390217815309,79.549389035924776,-106.543599960616632,1.832014251103657,-0.014192156586252,0.001647859506431,-1.561305601713509
1328390218015317,79.554923455390821,-106.844496424615187,1.832588274477936,-0.022948392363109,0.003047668597878,-1.536921323004371
1328390218215244,79.561930938639634,-107.141963818098276,1.833073369808541,-0.035794377008174,0.002026871067527,-1.566492484980645
1328390218415242,79.559960410496629,-107.442920524725224,1.833362907008210,0.002601925275529,0.009242698741911,-1.568251638155400
1328390218615178,79.563592889274631,-107.748511265133004,1.833611614902132,-0.039312324837582,0.015824638571461,-1.554390773325701
1328390218815149,79.561144312428752,-108.050543112432905,1.833674192876403,-0.012480564967548,0.018915334023001,-1.590910095042887
1328390219015165,79.556484176806777,-108.345001666028821,1.833594719632273,-0.016358933590983,0.014635334182998,-1.569481916414189
1328390219215080,79.554025837284200,-108.633926831916398,1.833439986450342,-0.031559457796480,0.008856772906254,-1.590346846942343
1328390219415045,79.546234050912801,-108.924816879556033,1.833096869940778,0.008902013220863,0.013693744277895,-1.574842867250289
1328390219615018,79.549648537382666,-109.212822653429797,1.832828007552897,-0.033932557134264,0.013180605303029,-1.542382724095590
1328390219814981,79.553456322769890,-109.496824794342984,1.832479553319061,-0.007038727409332,0.009941545110893,-1.555811485332938
1328390220014950,79.561433563623552,-109.780062260965238,1.832118573437886,-0.014118475004292,0.004184320114437,-1.510144250848222
1328390220214922,79.576021438061886,-110.052516879136704,1.831825085353093,-0.030519470707670,0.000282388675976,-1.521399725735447
1328390220414886,79.591847569742072,-110.312126788894759,1.835176370020913,0.001161746770807,0.001658259599351,-1.503839836619738
1328390220614849,79.618404329926477,-110.585965310887275,1.838767345438765,-0.034516875395150,0.000809381055507,-1.471503570832805
1328390220814819,79.645131955345150,-110.860101927516681,1.842252859313801,-0.010730344583174,-0.004240349942014,-1.490521634719445
1328390221014795,79.672463214683177,-111.131544565097215,1.845599881190948,-0.017458379647399,-0.008002588942878,-1.463436231583015
1328390221214752,79.703227080361842,-111.406049293287552,1.848888418128261,-0.039260040625616,-0.009604420863108,-1.481821924558967
1328390221414779,79.726930986105145,-111.688628290283020,1.852093237713233,-0.010689324446210,-0.003201963735569,-1.497828820560377
1328390221614679,79.748969080177091,-111.972974342593233,1.855201285967416,-0.035421696691749,-0.001241520804710,-1.507859383831826
1328390221814692,79.761654727631324,-112.259299735696004,1.858217152471895,-0.021927985884723,-0.000054786240226,-1.553824825660151
1328390222014710,79.762975017964948,-112.551478646903092,1.861243089914923,-0.014960103525015,0.006224814288671,-1.575730418403221
1328390222214587,79.758174915984725,-112.838833776212624,1.864221770063021,-0.034860697436842,0.006049384710527,-1.606785760340849
1328390222414558,79.743627777272820,-113.126732000930573,1.867267753973851,-0.009341984354286,0.007652812952130,-1.625775068080645
1328390222614529,79.730566032581891,-113.416752901281995,1.870366320144714,-0.033748691826187,0.009903070693198,-1.602700912508732
1328390222814492,79.719557941614710,-113.709786162268401,1.873509039504330,-0.030966941565454,0.012209428097211,-1.612218109919211
1328390223014458,79.709706104610135,-113.999819737798219,1.876629235978378,-0.019366251378568,0.012450502978009,-1.586229886478390
1328390223214426,79.706719106841362,-114.288647481523796,1.879657212438148,-0.045708003912326,0.009187270757448,-1.578813047480647
1328390223414393,79.701908873179434,-114.579803605007498,1.882725201443745,-0.021407947585003,0.009432689830961,-1.581117530228311
1328390223614362,79.702884287695412,-114.874185188779890,1.885715896154380,-0.047758604144320,0.011146123958268,-1.549671429483059
1328390223814329,79.713508303494820,-115.157189141767120,1.893289742465523,-0.043493040013314,0.009120619267829,-1.583644111493293
1328390224014296,79.712049272928553,-115.452405411160029,1.900570309522111,0.005021245022548,0.014321556813289,-1.597140532708107
1328390224214262,79.713286613376383,-115.743212593503955,1.906899455866216,-0.051626817835394,0.010168498285566,-1.607254000656548
1328390224414645,79.701967288030488,-116.030390284564064,1.912459714364632,0.007303322781336,0.009987990167269,-1.646898801837314
1328390224614198,79.692942914305561,-116.313038545906082,1.917109607477264,-0.026768327997400,0.000789801544698,-1.609370733307234
1328390224814165,79.683217436480902,-116.595095880762216,1.920961406981716,-0.034645819888007,-0.006368279753660,-1.658827135230353
1328390225014138,79.665587095686845,-116.882882894317675,1.924078501512748,-0.001107502107155,-0.002104526869782,-1.628865198756825
1328390225214096,79.660857978720585,-117.176376901785162,1.926410363089914,-0.053545871505509,-0.002197120653793,-1.614010401344072
1328390225414065,79.651594249934874,-117.463839999711212,1.927879455494250,0.002631781650307,-0.004980617402371,-1.615121450850854
1328390225614035,79.655347395397712,-117.748714782511712,1.928645496395490,-0.027103273685920,-0.011962197127774,-1.546565857320730
1328390225814000,79.665763527513235,-118.036822291594063,1.928760131398268,-0.022562041138842,-0.014823124062969,-1.571182329946254
1328390226013967,79.675160205134361,-118.327871419581498,1.928155931274732,0.001793467223881,-0.011440459524847,-1.536221074160746
1328390226213938,79.693059747050043,-118.628722360685728,1.926910714539105,-0.035796165727601,-0.014816747067225,-1.548538101683947
1328390226414345,79.700324551810013,-118.922103340307658,1.924827704634210,0.015342986902185,-0.012775017785113,-1.566835812994063
1328390226613902,79.713915925547596,-119.226269433375634,1.922027737037686,-0.022114491517521,-0.012087790664755,-1.536569403076760
1328390226813837,79.723523416125701,-119.534128510571279,1.918342748028377,-0.002730505146373,-0.003814255629724,-1.581743924497940
1328390227013796,79.729450414536103,-119.851141568046756,1.913635417442173,0.008889594628319,0.006081496531254,-1.553327770655256
1328390227213770,79.739591396917362,-120.168840204484155,1.908196066276767,-0.023142389219094,0.010829173356546,-1.577174501517596
1328390227413771,79.725517891329872,-120.455340187383030,1.909411695907433,0.019215453232894,0.022707945077354,-1.600305309678190
1328390227613705,79.712338965393883,-120.758219876605637,1.910598472622692,-0.017828339285521,0.025821936494385,-1.591001569478781
1328390227813682,79.693409027771665,-121.053989851609813,1.911500839691748,-0.004008301569664,0.025962460009561,-1.639404984791927
1328390228013641,79.668417785816644,-121.338003637189061,1.912138109840933,-0.000033938569372,0.019510679959127,-1.629984720466645
1328390228213608,79.644747230672920,-121.617757799126252,1.912703180977827,-0.034893013412499,0.014081830290690,-1.657718092220643
1328390228414117,79.612625180669951,-121.898904403802462,1.913065991938232,0.007849646073896,0.019674454335018,-1.659125949613728
1328390228613543,79.591185263839122,-122.178835971121458,1.913516595048090,-0.033955977068154,0.020684237567342,-1.614411340936428
1328390228813511,79.574311496794039,-122.452058653106150,1.913926093822687,-0.014013312752946,0.011648007358129,-1.625236990079870
1328390229013470,79.563140171668593,-122.717728815477017,1.914296638196325,-0.007280909078351,-0.000551193875975,-1.570062751618751
1328390229213459,79.563514126797116,-122.983397979492068,1.914681889970530,-0.035867463149935,-0.006173136357198,-1.566857635121665
1328390229413419,79.564107186991578,-123.255940738164142,1.914948918572616,0.002234220758462,-0.001862730151101,-1.541678442207387
1328390229613384,79.576918476400564,-123.532240396129708,1.915168537110794,-0.031430990024728,-0.002195117574351,-1.511245402060615
1328390229813360,79.590043032463342,-123.808363553047215,1.915221648679237,-0.014273195096688,-0.007349567194658,-1.530606114302990
1328390230013306,79.602533391126755,-124.079430407646029,1.915109258052165,-0.022558739788519,-0.017142010449622,-1.520337707997727
1328390230213620,79.613462436962578,-124.352632935039168,1.914831634902006,-0.030817949146204,-0.021739157176015,-1.552725463931517
1328390230413246,79.617254417652006,-124.636093731976359,1.914376068634347,-0.012105667799919,-0.014754970065744,-1.559734955001442
1328390230613247,79.623507849444209,-124.927933387674642,1.913758331709785,-0.034829450151270,-0.005262128134950,-1.554416487401835
1328390230813184,79.627467509873895,-125.205231861215751,1.913034355939180,-0.026311126804776,-0.005149000224102,-1.570997974359502
1328390231013150,79.627437282434968,-125.488516566722069,1.913713162360605,-0.029254915615324,-0.011470077472421,-1.565021780380126
1328390231213130,79.626638984691326,-125.774594400257556,1.914141617549631,-0.031763391342186,-0.012671513311661,-1.580383154463920
1328390231413100,79.621905317415440,-126.069674533691483,1.914322690124586,-0.020975026937982,0.001218745400401,-1.584079401206724
1328390231613041,79.617091420330624,-126.370074857957349,1.914218965756723,-0.021733165931170,0.014057768292280,-1.583253206313078
1328390231813018,79.611928358840260,-126.655740927548891,1.913852277243239,-0.020886657747592,0.013661256707798,-1.587938288949319
1328390232012979,79.605147305598862,-126.932271686652584,1.913251051185585,-0.018473984512126,0.005949695159418,-1.592810171392872
1328390232212951,79.599473663501598,-127.196936821524844,1.912441645714890,-0.032158784027390,-0.009653223496952,-1.590199301724696
1328390232412939,79.592809671782049,-127.471877336421258,1.911362327736651,-0.023774027337636,-0.008572631574427,-1.583987146386267
1328390232612890,79.592859123087038,-127.756801487130275,1.909973323005290,-0.028686879163283,0.000021559241006,-1.546380238418984
1328390232812879,79.600320225811316,-128.039635712307501,1.908327872493624,-0.035876812583005,0.005492853256478,-1.538079132135719
1328390233012823,79.608431120363406,-128.310284349824087,1.906517179334809,-0.025708056721401,0.003153392395350,-1.534875555238999
1328390233212863,79.618216452184740,-128.586801154424620,1.904428925761851,-0.035475119352039,-0.007822805252260,-1.533131180213398
1328390233412760,79.625753484605028,-128.864951270000404,1.902088699209029,-0.025259867606899,-0.007982562831236,-1.544973576782434
1328390233612724,79.632845186186600,-129.150875803893371,1.899429949033408,-0.023812205024311,0.004728278308809,-1.537034485670227
1328390233812693,79.641341607021317,-129.441665413480195,1.896462002198399,-0.032350353432927,0.019209201338558,-1.540135650774484
1328390234012653,79.646720754854329,-129.724540834474567,1.893319590289665,-0.020510257629282,0.017398633966780,-1.553894323192512
1328390234212624,79.650288885390566,-129.994368634015700,1.890085956144906,-0.018013686285043,0.004876482935323,-1.549307498797515
1328390234412593,79.654166280850916,-130.251976753304660,1.886783755708374,-0.027445310265427,-0.001370756339682,-1.557114485404617
1328390234612559,79.656895576389388,-130.525864165325572,1.886328884264747,-0.013458917820687,0.004243634401459,-1.559770765904869
1328390234812525,79.662316624530177,-130.807094689617543,1.885864288310987,-0.035800849949108,0.010909347391148,-1.550722823579906
1328390235012490,79.665250519850957,-131.089989330588367,1.885399379813469,-0.030492973011609,0.007610400221515,-1.572209871209135
1328390235212463,79.665683168579676,-131.365082665046145,1.884953092933991,-0.029355008189494,0.000800931399870,-1.563792540576846
1328390235412448,79.666830131352683,-131.640020934038148,1.884511155303419,-0.043695353352537,-0.004007882772327,-1.578892057628062
1328390235612397,79.661170412927561,-131.919236974996380,1.884081252725005,-0.009049115072807,-0.000139820398254,-1.593574045108934
1328390235812365,79.658316997191903,-132.201036478732647,1.883651080250736,-0.028542108318879,0.003502886108898,-1.574785052828012
1328390236012331,79.654345853061017,-132.487376308225237,1.883225573415094,-0.022531425224585,0.002811070784833,-1.598295399589235
1328390236212308,79.648287036513608,-132.762801162236144,1.882832423886403,-0.016985371577389,-0.005401812494864,-1.584931544013513
1328390236412270,79.643532891519982,-133.033869862996085,1.882450383944785,-0.027281911093033,-0.012918416616941,-1.598475057478215
1328390236612255,79.637725769597779,-133.316310666494616,1.882063939254706,-0.001718593647698,-0.006655702572034,-1.575863610434332
1328390236812206,79.643658931695057,-133.608259651924612,1.881620403293064,-0.032198662268893,0.006091450308317,-1.535745295476836
1328390237012161,79.654498950897846,-133.887611473700986,1.881171450143762,-0.026586287525175,0.011139429675652,-1.536116496376310
1328390237212134,79.668571663040439,-134.169864284874649,1.880698001826620,-0.013937900663788,0.003966353472044,-1.510206586413970
1328390237412103,79.688398605897191,-134.453553112107983,1.880185057457660,-0.021984900863620,0.001400606433079,-1.504084229534002
1328390237612070,79.710242217392874,-134.741966448477910,1.879642724496593,-0.011075282658658,0.002591613999007,-1.492687820406633
1328390237812036,79.735758143047150,-135.034191777524626,1.879059510045298,-0.022702688303292,0.008439492164316,-1.488222149042209
1328390238012004,79.759608722871192,-135.315095030192879,1.878488177910144,-0.015105553234130,0.012517266977397,-1.493032366370743
1328390238211973,79.778361219144017,-135.605744925701913,1.881978707054165,-0.021603934653260,0.011693224200821,-1.490759776223336
1328390238411955,79.795648636560642,-135.889523928091165,1.884863290108616,-0.020062928207045,0.008001586285702,-1.501260238257112
1328390238611906,79.810688512664257,-136.168626021801543,1.887205015135466,-0.016007691805671,0.007356525176289,-1.500567197814723
1328390238811871,79.826692786749362,-136.456451904935165,1.889086909591125,-0.023593697487928,0.007534168948610,-1.502428478895983
1328390239011840,79.841797470367112,-136.747919790913897,1.890454316511404,-0.022559923400437,0.015409314940384,-1.506105042612024
1328390239211807,79.852455900280404,-137.029454183199448,1.891291075475152,-0.012532332578628,0.011204183799370,-1.531313329251075
1328390239411774,79.856507569549905,-137.307760603402585,1.891686651566305,-0.007877615467133,0.007895667640734,-1.550757460285000
1328390239611744,79.852027711464586,-137.583237899217380,1.891692096357171,-0.014637408437258,0.001039275000056,-1.592487414607303
1328390239811711,79.837055512329599,-137.866513716407951,1.891331887669022,-0.003942231113104,0.000816993394886,-1.614461326041579
1328390240011678,79.819986275016319,-138.151295398101666,1.890504209404328,-0.017030388652743,0.007086710158360,-1.616713050499213
1328390240211647,79.801693862301249,-138.434399613658570,1.889210421901555,-0.007976021032789,0.013770976334723,-1.617746561546376
1328390240411616,79.785925720454003,-138.723439129015929,1.887346397111423,-0.009235923112830,0.015130100032975,-1.599081057339653
1328390240611578,79.774548080865543,-139.012310235284389,1.884908983927508,-0.015677821693449,0.024838150799510,-1.593411654673916
1328390240811547,79.762566837232342,-139.343255586204123,1.881464747813267,-0.009565230101025,0.109434540726854,-1.585981429246029
1328390241011504,79.755864324086573,-139.662712253488849,1.877420039131992,-0.021390511180576,0.147126954014261,-1.570917869548055
1328390241211483,79.753546971093101,-139.884047517669188,1.874206039347786,-0.009203205449869,0.101715445638405,-1.563129159948225
1328390241411450,79.753839989981984,-140.052868921449402,1.871514497130951,-0.013568105766659,0.008841984204826,-1.543713491084078
1328390241611405,79.756356001008413,-140.226173192158456,1.868528132756010,-0.016165649515799,-0.039625481065747,-1.541620983452942
1328390241811380,79.760951079918229,-140.431698653794115,1.864711479220347,-0.004583188574396,-0.039596423985458,-1.519620152801749
1328390242011352,79.776036539644394,-140.669828153943456,1.860244449540064,-0.020103766860528,-0.020256723853716,-1.510702664428071
1328390242211315,79.792789781195054,-140.920287930600864,1.855929391720730,-0.004851216156077,-0.013194549972183,-1.502306913038729
1328390242411286,79.813914820832949,-141.158660059462079,1.852101793832506,-0.020584042653022,-0.033873557115253,-1.482666943957277
1328390242611242,79.833171838869262,-141.391582677217457,1.848729291568327,-0.012432568241019,-0.060019512145299,-1.508276335864979
1328390242811217,79.850909283490651,-141.659162143975351,1.845370332341020,-0.015245078396825,-0.058008902163960,-1.518308170686423
1328390243011187,79.863866718548223,-141.959987418794327,1.842314757602233,-0.015129809113380,-0.034874264288008,-1.556379525737878
1328390243211155,79.868304829535106,-142.276351279834728,1.840003723971311,-0.009062398401691,-0.014000478503866,-1.574441920814235
1328390243411119,79.868360231566768,-142.592120720336766,1.838536054552332,-0.024068837267528,-0.003511224128264,-1.596464802815940
1328390243611127,79.858913943118367,-142.911249043839916,1.838087493602272,-0.006583564088318,-0.000633178958525,-1.623481600219865
1328390243811057,79.848401887664394,-143.235237266409769,1.838467242903316,-0.020889099355241,0.005402360772017,-1.613708773598767
1328390244011014,79.839140865629716,-143.570212405271548,1.839658026552014,-0.015432942253202,0.020845292568113,-1.614976237838424
1328390244210989,79.836131115568207,-143.904515270499672,1.841472549072193,-0.014644755148989,0.034706227808329,-1.571928074668318
1328390244410961,79.846570740148678,-144.229047182382430,1.843507547586981,-0.037803631143285,0.041936992361418,-1.556664234061862
1328390244610924,79.858531061641145,-144.540416697186515,1.846064162565761,-0.015665621524170,0.042982005497310,-1.543644988962940
1328390244810905,79.876517219334090,-144.839667602580789,1.848868587396401,-0.047230781311493,0.036189069425948,-1.532040883490432
1328390245010861,79.890345833621723,-145.125973126916335,1.852250765434515,-0.018721470821815,0.027359997955280,-1.565806340136868
1328390245210826,79.901906166308422,-145.408325531884373,1.856220214116593,-0.011736389409403,0.021607536354354,-1.529562999282190
1328390245410805,79.910060078947524,-145.677130326789609,1.862771955746807,-0.047400484658958,0.022499819951587,-1.549542505690275
1328390245610750,79.909815006415130,-145.949567326855913,1.869109670268745,-0.003326106793552,0.023818658469512,-1.562204927145158
1328390245810740,79.912815176294160,-146.215273649522260,1.874573021898455,-0.047608433233827,0.010381793548483,-1.548303887565366
1328390246010692,79.911221897112881,-146.472857349364830,1.879443523283659,-0.008415341322486,-0.002481515904122,-1.573981956533071
1328390246210663,79.913111610966268,-146.732150228736799,1.883683505561440,-0.026801421339636,-0.008183325118319,-1.525120513317799
1328390246410629,79.920691869287211,-146.996913777977227,1.887316599349407,-0.033627447083420,-0.005579801706381,-1.548264314418985
1328390246610596,79.923618935104429,-147.275184977445292,1.890665172715260,0.007484144210882,0.002696857678239,-1.531771907535533
1328390246810583,79.934351577143971,-147.555398946313744,1.893286656869284,-0.031184318851338,-0.002503255567714,-1.526775673860450
1328390247010529,79.938057549462599,-147.827899397503103,1.895393164969836,0.019984675599568,-0.008648245849038,-1.550466185497476
1328390247210499,79.944427905613665,-148.103690197532302,1.896920198180809,-0.019830614638146,-0.009397694081093,-1.522318720879148
1328390247410464,79.946906305370632,-148.400208224894101,1.897979780915035,0.004940846864626,0.000132078331985,-1.585590680438234
1328390247610431,79.940138085696674,-148.699596199306939,1.898430285044905,0.029875494407254,0.010295671396312,-1.555507566651417
1328390247810400,79.941468233128049,-148.996700432647742,1.898145543976889,-0.020286476995276,0.004653167436622,-1.566941405290737
1328390248010372,79.934993891681728,-149.273027324054283,1.897291451030401,0.027840654274437,-0.002029747343771,-1.578715585103501
1328390248210337,79.932948677124600,-149.566539294051722,1.895743739731839,-0.003265303183130,-0.002585040744526,-1.561842059066770
1328390248410314,79.925383128721478,-149.861277968989015,1.893508831915265,0.022897446004898,0.008654939457497,-1.598415898653312
1328390248610281,79.915618436260260,-150.163529468185573,1.890500665118164,0.031056839879410,0.016586377645237,-1.575585374299545
1328390248810236,79.909965853472386,-150.452057552409485,1.887014837556217,0.014824237283183,0.013678364781295,-1.583685500470621
1328390249010196,79.904555440059298,-150.726975245460665,1.887997603888059,0.039864320967090,0.009011300824221,-1.584785043284521
1328390249210172,79.902777060273209,-151.019635590283229,1.888807613141156,0.009625491632115,0.009963265657106,-1.574428925460392
1328390249410136,79.897730807546353,-151.321091959498119,1.889308040499708,0.027544131825504,0.019586542644993,-1.593848236204961
1328390249610108,79.892376413583307,-151.619181398904686,1.889502646975301,0.016339433383459,0.020947019171633,-1.580080580336568
1328390249810078,79.888735096149134,-151.917263355681968,1.889413358451709,0.013840605545531,0.021728195295146,-1.581627330449392
1328390250010043,79.888604731441475,-152.210838022979175,1.889051517979760,0.022452157298501,0.017029867067055,-1.549194871971808
1328390250210020,79.897132753639141,-152.501571155795432,1.888435063782878,0.003140829046447,0.015546784913201,-1.537593898108397
1328390250409988,79.905152537130505,-152.796914504602910,1.887488571746050,0.016303847284014,0.019435065961869,-1.543560042766055
1328390250609955,79.914108354968178,-153.090349920035806,1.886233399194113,0.008206724597991,0.021129192646570,-1.531946969807223
1328390250809910,79.923174977021162,-153.380057350850677,1.884682571978629,0.006751881410835,0.018910552559069,-1.550610629933228
1328390251009877,79.926589023578089,-153.668433375435484,1.882835174184246,0.015327173327995,0.018619051103744,-1.558234272696792
1328390251209842,79.929213432515823,-153.935958825102801,1.880859934446171,-0.000607153566391,0.013040666546342,-1.563672364503475
1328390251409815,79.928087301931313,-154.231438821459989,1.878399082225556,0.018506950838023,0.007241349617645,-1.578373108122828
1328390251609779,79.926563819638787,-154.506812215772584,1.875841217426931,0.011845172375352,0.006408931347657,-1.567960442856077
1328390251809745,79.925681815734976,-154.809299778662592,1.872732387397557,0.007013306517309,0.014263878832798,-1.575934535279074
1328390252009716,79.923031087416831,-155.104639690146541,1.869409865599658,0.009521871240750,0.020759181114107,-1.575390248680174
1328390252209680,79.920751488372218,-155.391940358600436,1.865896220082072,0.002514476578568,0.016919221746097,-1.579664993968265
1328390252409646,79.916914122200609,-155.661918875591141,1.862358561467626,0.008967355261393,0.016624996070126,-1.583235884505423
1328390252609608,79.914049025525316,-155.943094393750812,1.862151054681689,0.003240109671766,0.018508566183506,-1.572573451428250
1328390252809580,79.914490674312276,-156.216181318532563,1.861839962863755,0.000958684698448,0.023208716174604,-1.559272577456858
1328390253009543,79.918782735362839,-156.504235678292929,1.861396889393278,-0.000358449991923,0.027239699398748,-1.549178253447423
1328390253209516,79.925943946568268,-156.789069144790744,1.860854752818326,0.002677715497367,0.026473059070881,-1.533198847777663
1328390253409485,79.938013392815805,-157.068948635148701,1.860210795081782,-0.009571237998953,0.018637187680014,-1.521955669550772
1328390253609452,79.950636766111259,-157.343897880151502,1.859501734989475,-0.002120435824680,0.016948302673119,-1.519901301611769
1328390253809416,79.965255168535876,-157.622367492553280,1.858701044487467,-0.008121320039510,0.017251449696384,-1.513447142126616
1328390254009376,79.979402499760226,-157.904455005102648,1.857820453847289,-0.003242205668932,0.022669606805432,-1.522461633466701
1328390254209352,79.992391440875522,-158.187715777357852,1.856867543291493,-0.000072656047354,0.024304753383809,-1.516803012999225
1328390254409319,80.006120023032182,-158.465022879363516,1.855856853237486,-0.008220912183304,0.019586001440902,-1.522996704902582
1328390254609286,80.016538344440107,-158.736773487893970,1.854809432068516,0.006174965505652,0.016909809739166,-1.528090413672886
1328390254809255,80.028067217043599,-159.012458257738189,1.853670723295586,-0.006854673989899,0.016546457774101,-1.523804569260835
1328390255009219,80.037742517372820,-159.296410498512927,1.852430088468920,0.006683207502998,0.021636233664617,-1.536624879074336
1328390255209191,80.046283431254537,-159.568930160996274,1.851168432673294,0.002301214312151,0.022711714935760,-1.527638515746993
1328390255409159,80.055893530939713,-159.847567571191547,1.849801109159460,-0.008144919591090,0.019802786326617,-1.538776690489183
1328390255609133,80.060528017065650,-160.125398584665106,1.848376243319888,0.012592538889987,0.018160878178204,-1.548110411820244
1328390255809095,80.066476353287598,-160.406210990638613,1.846854389240513,-0.003605247132108,0.019655868008215,-1.539075857747334
1328390256009100,80.071546639283852,-160.680135932623386,1.845295921430353,0.000929720961556,0.023723839849651,-1.550462851636590
1328390256209027,80.076645804924425,-160.957332948630523,1.846627504238215,0.001343339106047,0.022298522860838,-1.548569050770658
1328390256408994,80.082273383202903,-161.239245557246988,1.847867541398164,-0.003549748246008,0.019613325008330,-1.553335039802017
1328390256608961,80.085569913830867,-161.525266539657821,1.849018194622071,0.007986622498293,0.016555614152349,-1.558928301183720
1328390256808927,80.089740543952459,-161.798885615414889,1.850006230416808,-0.000783118413374,0.019356599414557,-1.553420700923248
1328390257008891,80.093529918231553,-162.089575849399864,1.850941521580436,0.004783566591357,0.026871774684219,-1.563325645615911
1328390257208860,80.095634385885205,-162.382991067808916,1.851770879816100,0.011210865245941,0.033618435937412,-1.558413330132222
1328390257408828,80.100851817034894,-162.672877847097880,1.852456593681827,-0.017921229465149,0.034608360280520,-1.556903955215293
1328390257608797,80.102090746431770,-162.951370415926647,1.853019517994924,0.008760159074234,0.028248855542617,-1.578480898353093
1328390257808784,80.102058886505972,-163.232456507841732,1.853482677554244,0.003759718609040,0.024504574438139,-1.564969910710605
1328390258008733,80.103187561450383,-163.525066078489203,1.853840846813751,0.000867236878604,0.027678011825033,-1.579179098355835
1328390258208698,80.100775521451254,-163.809357576596540,1.854091035610693,0.024601885180015,0.030541763566805,-1.576334736862304
1328390258408664,80.102266081547512,-164.091033475556117,1.854206757493635,-0.000675363598291,0.030535224341345,-1.569273355555093
1328390258608622,80.100401591364417,-164.368797717001428,1.854229208233180,0.023819448098901,0.026548343364505,-1.587702000830744
1328390258808615,80.099755812282226,-164.640317722089293,1.854139994350582,0.011309114307005,0.021840776256865,-1.565837713083088
1328390259008559,80.100871465895111,-164.916574163475246,1.853932475684928,0.003964882016977,0.018721190579416,-1.584998369269743
1328390259208534,80.097519008703529,-165.186647332058499,1.853651770972110,0.030190126203550,0.016986837298133,-1.580363200174113
1328390259408504,80.099005782891112,-165.461545917085630,1.853231467079363,-0.003742625603375,0.017593404811984,-1.572743707388007
1328390259608472,80.096129255477720,-165.727191137404787,1.852750884490968,0.024824885945753,0.018499999802740,-1.597507348865197
1328390259808436,80.084194634089812,-165.993920521160419,1.848552628259656,0.016540905209533,0.015832899370969,-1.576311641740025
1328390260008395,80.074676810317882,-166.258828483209754,1.844577325068441,0.006347755312242,0.010139496718295,-1.587544037742855
1328390260208371,80.060947117311869,-166.538672490087549,1.840638805238926,0.025590180342913,0.008461486442183,-1.587992136370904
1328390260408338,80.049934695696422,-166.816758341518039,1.836937512294400,0.001819197800057,0.010309348173460,-1.583333204420857
1328390260608305,80.034868353893486,-167.107435705199180,1.833352107532150,0.022224378827474,0.016885127829706,-1.605830257448193
1328390260808264,80.019436326954050,-167.392723496727967,1.830090870108043,0.019447659188891,0.016878890862258,-1.586644709382319
1328390261008229,80.006716826108558,-167.675142616884557,1.827081488592892,0.006140730325704,0.013530779628552,-1.601620948277648
1328390261208210,79.987074192353333,-167.956716851865508,1.824398114033842,0.036591051350252,0.008275931640809,-1.617166899510124
1328390261408188,79.967637487800445,-168.240848568838203,1.821936398727031,0.009443798045369,0.007134589511641,-1.611329874237666
1328390261608141,79.946045694557512,-168.530393048719333,1.819707069838137,0.017770076235720,0.009012932457994,-1.625752809024039
1328390261808109,79.925798681035744,-168.816706258302759,1.817746949127225,0.021606997225001,0.007117174135712,-1.600241680194215
1328390262008068,79.910610023317744,-169.102806648649391,1.815980066027735,0.008973728930189,0.004186764242069,-1.604163463755667
1328390262208046,79.892566406502908,-169.392156850838319,1.814482769507110,0.030532875088735,0.003003130281760,-1.602531198469879
1328390262408027,79.880116366301024,-169.680571961069006,1.813174124983873,0.011120527001951,0.005533873452328,-1.578426205835208
1328390262607982,79.869258010132413,-169.978310981986141,1.812060959763278,0.019554030607767,0.013748052709837,-1.588358236821946
1328390262807971,79.859469702349656,-170.276855761478373,1.811198006797536,0.028661126104594,0.017460346246885,-1.562040808070695
1328390263007935,79.856564138985149,-170.574523505851431,1.810506529111879,0.004353264198356,0.020576988609658,-1.561753949911666
1328390263207881,79.850268389636511,-170.860091788162066,1.810140433563619,0.033179540004212,0.020080309025275,-1.568274611753240
1328390263407861,79.851677387176309,-171.132713658548369,1.810315988001486,0.005133430454029,0.018089498297745,-1.548084427706213
1328390263607814,79.852081437347067,-171.422123173586954,1.810066780209670,0.010317253275876,0.022866489595295,-1.577281664796252
1328390263807790,79.847542193584104,-171.710274848069986,1.809409637375602,0.031610865572311,0.022812543874998,-1.566866452618898
1328390264007744,79.847611477218322,-171.993807616416262,1.808258439680224,0.004527730771840,0.017330653625596,-1.567180483868116
1328390264207716,79.842884346996044,-172.279393962324235,1.806685472707202,0.033232700335832,0.018722938646827,-1.581137219506224
1328390264407686,79.840669298038932,-172.571334748640197,1.804582083299685,0.008488123802434,0.021605042297567,-1.562406255462750
1328390264607653,79.836730787154551,-172.858130559922472,1.802059952990248,0.020364316702961,0.022757749593530,-1.590600204120804
1328390264807608,79.829915961048485,-173.138488915622361,1.799154008573545,0.039205805140961,0.017118396028591,-1.570109683720077
1328390265007589,79.831130106263572,-173.421260108374582,1.795759024532618,0.012409019927048,0.011735137972475,-1.553932485075235
1328390265207553,79.832677483119951,-173.707574426521091,1.791882315309229,0.043653586273023,0.013197388032569,-1.553296835220433
1328390265407521,79.839089376253256,-173.993556817493641,1.787582626535083,0.019725471285383,0.014844924862229,-1.530906191909799
1328390265607488,79.844857712774626,-174.278135064171323,1.782882977399776,0.027161415313260,0.012660002081618,-1.558872883198501
1328390265807453,79.847290771802122,-174.560036835835717,1.777796834388322,0.043026195613051,0.010746416591466,-1.539257547891977
1328390266007420,79.854773014309288,-174.850271725645456,1.772157655281831,0.015200756558274,0.009504195382379,-1.547421605423547
1328390266207389,79.855962183973176,-175.140116704649387,1.766044336192648,0.051152202888951,0.009978597723512,-1.558413650161423
1328390266407358,79.860783933167795,-175.432467927586458,1.759464997708206,0.021942916151479,0.012441335658404,-1.538680822274393
1328390266607329,79.863458099683768,-175.719773934278322,1.752546019929246,0.030919500799924,0.021296643219562,-1.572927592146788
1328390266807321,79.858685784500054,-175.996547345347210,1.751814535015133,0.039626860373089,0.024237558186627,-1.550324492974423
1328390267007252,79.860117715167178,-176.263489728041634,1.750912229052009,0.004504266971407,0.017147735051715,-1.549621501552050
1328390267207228,79.858132988135054,-176.538481448051868,1.749717331097038,0.039088131826614,0.012599987049699,-1.556738367567714
1328390267407191,79.860960012752471,-176.818416140025562,1.748258630802976,0.008239702975135,0.015143601721594,-1.531567704092930
1328390267607158,79.862737147553048,-177.100600738669499,1.746517034658610,0.011175844680723,0.018999841656035,-1.562680230843004
1328390267807197,79.860495505359154,-177.382031307687157,1.744522538570486,0.033266805730785,0.015414187268499,-1.544582229167973
1328390268007093,79.864608321368678,-177.664785480491616,1.742243527672635,-0.004486351859108,0.013108027320673,-1.545655868294615
1328390268207105,79.862473618191828,-177.952664024529099,1.739679439743142,0.031780894810287,0.016169164662218,-1.562723360196998
1328390268407027,79.863616751100508,-178.242077546056493,1.736817559233955,0.004827570413619,0.017117483315133,-1.540253246780482
1328390268607009,79.863618454118750,-178.523331056594600,1.733788056849706,0.011299545909956,0.023485381250299,-1.572167052877477
1328390268806963,79.860782062406543,-178.823634461742529,1.730310723249875,0.022785339221484,0.027543695620934,-1.544511668428435
1328390269006930,79.863993807803922,-179.096085302826651,1.726845133126449,-0.011160192139064,0.025471258964543,-1.556755509668017
1328390269206897,79.859854393932793,-179.379684826079540,1.723093464807389,0.030392183548826,0.026323515552779,-1.569625417521046
1328390269406878,79.859481820037672,-179.658245197172448,1.719119728201681,-0.004902754734085,0.022507190532604,-1.548915862578044
1328390269606824,79.857084131185118,-179.933645026557116,1.714996770561036,0.008846584920067,0.020395357115917,-1.582110778776966
1328390269806801,79.852101678055817,-180.207826689148135,1.710724492175650,0.016955462731448,0.013370442211253,-1.556426722458205
1328390270006761,79.852267625720984,-180.486045194969279,1.706059603034127,-0.017927395529054,0.009743227869399,-1.568025118745420
1328390270206725,79.845898637057502,-180.762748624481731,1.701346190886042,0.020499603501634,0.014648990758816,-1.577725090244065
1328390270406702,79.848841483609434,-181.036416691986972,1.703843354797442,-0.013704588327914,0.018295754199396,-1.558134307111522
1328390270606674,79.849162417524568,-181.323526488231039,1.706338118948559,-0.001884344944306,0.019871018126713,-1.588685462642680
1328390270806648,79.845512766345763,-181.597900402575988,1.708621690971079,0.011614362561507,0.019224667423128,-1.574435183777388
1328390271006594,79.845043799790943,-181.876113436154895,1.710683056404680,-0.011403096540875,0.010089154094314,-1.580830862908991
1328390271206573,79.838588477356282,-182.157978750996563,1.712694408374311,0.018885320738557,0.008715783776892,-1.591591433746525
1328390271406536,79.834964687848839,-182.443285034073114,1.714475779878747,-0.004250713026707,0.009760527007171,-1.576557846699793
1328390271606497,79.828518872911118,-182.729378861839507,1.716107878378345,0.007366482504801,0.014026325678887,-1.601197461288543
1328390271806471,79.821666573878602,-183.011694105612918,1.717525026479803,0.012969591343706,0.008753399924815,-1.567737666473449
1328390272006541,79.822280491872306,-183.282725744568069,1.718605759575559,-0.005393459122338,0.006964756058712,-1.562425492649187
1328390272206418,79.822294168162628,-183.566802193402168,1.719570949042498,0.008867264983043,0.010311683357676,-1.556333985570204
1328390272406376,79.825937776972694,-183.851610589943050,1.720322346954273,-0.002472843064437,0.014516003625494,-1.543921742391081
1328390272606332,79.830087672305581,-184.132764331222347,1.720894150800623,0.009233637995728,0.014207073302047,-1.544875520143320
1328390272806312,79.835109724912996,-184.410849510230719,1.721294444728001,0.013890136248500,0.008809963012862,-1.531768657579229
1328390273006276,79.843472574280838,-184.691702685981937,1.721523119357150,0.013375886393195,0.006593405658967,-1.523581572543683
1328390273206242,79.854097971835685,-184.981726015083382,1.721596422136494,0.015918576232594,0.011342613850836,-1.511848643822008
1328390273406211,79.868264608152828,-185.276116706799428,1.721507665698267,0.009558709612631,0.019278035260949,-1.500943381422308
1328390273606177,79.884215543525556,-185.569384442513666,1.721273904376425,0.009349394151269,0.019718190288632,-1.497577195649467
1328390273806144,79.898381728968488,-185.845530404995827,1.720930355839117,0.013354239541119,0.016634459014361,-1.501303956475660
1328390274006136,79.912320261202595,-186.110641090607089,1.724128806131784,0.017671347325425,0.006859908360916,-1.512818636503821
1328390274206079,79.925182643358283,-186.393405622501632,1.727164817414563,0.016314503659127,0.008034750712535,-1.514265358198808
1328390274406044,79.937783344823202,-186.685996963882388,1.729903445669021,0.017342938560411,0.010533299564269,-1.525610546456304
1328390274606018,79.945353641160906,-186.974114913071617,1.732230250540003,0.015799286416078,0.012729823889686,-1.545615744210380
1328390274805981,79.945742646451464,-187.259269695367919,1.734214819378441,0.015022560164952,0.007293622818594,-1.572582869656261
1328390275005940,79.941956151521325,-187.543990809609198,1.735887944279870,0.017584790141157,0.004715149080684,-1.573917492234730
1328390275205920,79.938133262450023,-187.837072382456341,1.737259989105081,0.004120174862669,0.013552471170442,-1.582678265023704
1328390275405905,79.931170326737885,-188.135694265040627,1.738332580323769,0.012891179267759,0.023713111275115,-1.586162852146838
1328390275605867,79.925838467443810,-188.425439242506286,1.739011727119408,-0.004487693540722,0.019882252268482,-1.584771103265144
1328390275805821,79.917556141595270,-188.700628240217355,1.739392302207444,0.010978888573155,0.012907834976472,-1.604084331620550
1328390276005777,79.908730754748149,-188.980617927387414,1.739481969276486,0.011897585288937,0.009556401016539,-1.586658200136115
1328390276205768,79.901886339963113,-189.270703835611556,1.739211479817959,-0.000056503326763,0.016598203289163,-1.600782830790027
1328390276405719,79.891216157085509,-189.561297675770390,1.738681994906099,0.024571042513099,0.021894522336156,-1.597644801013641
1328390276605680,79.888086284357968,-189.838978573908207,1.737727936816591,-0.015434707691139,0.016036504551366,-1.570640451803282
1328390276805666,79.884253395128155,-190.117901375406007,1.736471900740343,0.007497865511192,0.012066718005501,-1.592884131921303
1328390277005615,79.881462004945021,-190.397560637621297,1.734876081773062,0.003849227643062,0.008802142503969,-1.564478239103108
1328390277205588,79.882277176603665,-190.683041659182464,1.732832616522950,-0.014618482329114,0.013750364071481,-1.580916956515252
1328390277405555,79.878428257436298,-190.961732059344882,1.730635979493980,0.016367332253256,0.016793558291908,-1.576323716708487
1328390277605562,79.881032374433431,-191.226155517027934,1.730358628401202,-0.021440563317607,0.010359893938316,-1.568747006458352
1328390277805498,79.877855100607604,-191.500208860284204,1.729877875801238,0.006192201080037,-0.001211730931120,-1.604810602721432
1328390278005457,79.872221014958441,-191.774042238056950,1.729111294449250,0.000600843176054,-0.005734937256602,-1.581604630641358
1328390278205423,79.866498405469287,-192.057052840144081,1.727953927321821,-0.019745752079158,-0.000347785780771,-1.619114906447119
1328390278405391,79.851996483726168,-192.345113098818047,1.726583413800443,0.015815611641278,0.005251296547270,-1.604668257338906
1328390278605359,79.846613917364138,-192.627258555269862,1.724675264389958,-0.029429915936204,0.001480334460287,-1.595819263606420
1328390278805366,79.834815534969081,-192.910635017596121,1.722518759417572,0.004162013231289,0.003038327894232,-1.623039370008078
1328390279005295,79.824604694490475,-193.193640125706935,1.719956853686093,-0.009394217814504,0.000766669966602,-1.591116059917171
1328390279205261,79.815675423933797,-193.476832949185678,1.716993445724160,-0.017898485474081,0.003639344558129,-1.621679294666487
1328390279405241,79.799512473610804,-193.770042393537921,1.713655917637572,0.006141002272863,0.008859409839911,-1.613432243529623
1328390279605195,79.788262717169530,-194.058255948341696,1.709894453571547,-0.030862152391904,0.007293026682524,-1.613220401252430
1328390279805184,79.770492989452308,-194.343016996493645,1.705904982757712,0.001007711928883,0.004171631517569,-1.633629881638117
1328390280005131,79.757303420218392,-194.632004784046330,1.701380104300384,-0.019856744858576,0.004837078635990,-1.596952243905803
1328390280205108,79.743512240620532,-194.927951689281201,1.696340899720175,-0.013539433790892,0.013841149143152,-1.628579415360612
1328390280405068,79.724937163776460,-195.220671785012939,1.691019194562079,0.009204388793103,0.018439939581886,-1.615816753048447
1328390280605050,79.711973005979260,-195.510575464201338,1.685267549171984,-0.027372318963079,0.014948377589431,-1.611351205689291
1328390280805016,79.693274933826174,-195.793637154530273,1.679345950344853,0.002536772255928,0.012629710543294,-1.636037241896148
1328390281004970,79.674992569857466,-196.083243833246030,1.672876063516402,-0.013186160006690,0.013473456433128,-1.613775216454967
1328390281204933,79.655485103528079,-196.381651791548137,1.673337182851203,-0.009542946527455,0.021502354943508,-1.639808069863157
1328390281404903,79.636490575324686,-196.671735654977283,1.673717602990325,0.009741992420953,0.028498173507882,-1.590801215814952
1328390281604873,79.634706543571895,-196.957488078009078,1.673764361000933,-0.036148904984476,0.025445283685641,-1.564035120576400
1328390281804836,79.632010161200256,-197.237876172472482,1.673740502095200,0.003247526537650,0.022294803045485,-1.576938896439893
1328390282004802,79.633703285152123,-197.513312821738538,1.673562729819146,-0.015820033987091,0.021720068516060,-1.545234764577458
1328390282204801,79.637560376168295,-197.799046708061269,1.673249259032707,-0.015383853838635,0.033729330965555,-1.569952968008623
1328390282404736,79.637199634404027,-198.110289657929741,1.672880053732056,0.012779819577640,0.084658268111587,-1.561811695455376
1328390282604707,79.641250239961124,-198.385960512920690,1.672380521504274,-0.022675152311468,0.095276602223962,-1.558125449938996
1328390282804673,79.642552925549921,-198.639209573343976,1.671889898075667,0.016489245863816,0.092488884615225,-1.574173864415596
1328390283004643,79.643872701217106,-198.848483176830968,1.671425144516634,-0.003031332446366,0.044934940164923,-1.556251216824828
1328390283204616,79.646417353842381,-199.031171036338151,1.670950099482116,-0.008978138282923,-0.007602388355752,-1.568028159045840
1328390283404593,79.647631073729286,-199.219831307860517,1.670449276698035,0.006916809223062,-0.040205436485818,-1.557515030016350
1328390283604541,79.651648094307149,-199.431899912301731,1.669780479072195,-0.017250089116369,-0.043370975664531,-1.562570650262753
1328390283804512,79.652842228791840,-199.671415354342798,1.669038007993846,0.004173617502748,-0.034801058338802,-1.567787959251221
1328390284004504,79.656719473492672,-199.916528524875758,1.668151207344385,-0.009639178617202,-0.032371039152264,-1.559412251182046
1328390284204460,79.657942155457221,-200.163846006345636,1.667252683150555,0.008284347511061,-0.038348787734026,-1.579848887477725
1328390284404412,79.660958949092844,-200.420751784680874,1.666206604298949,0.005741701865688,-0.042856954428620,-1.550604857988236
1328390284604370,79.667143510223198,-200.698567663332426,1.664918109691442,-0.010564964325835,-0.035308381404654,-1.572740579324316
1328390284804345,79.669059924646859,-200.997000053209575,1.663562929877569,0.009884041568951,-0.019029165620225,-1.561108270647146
1328390285004325,79.667068247715278,-201.301490553593283,1.665779667955685,-0.020325018462994,-0.004977675884299,-1.554949762760581
1328390285204357,79.662691624302425,-201.622453365673607,1.668158025383176,0.013430115274422,0.003577365587439,-1.553723157107002
1328390285404252,79.668931323426094,-201.941717350077113,1.670230244772487,-0.006969577495404,0.006978222362087,-1.502422516496690
1328390285604217,79.681855930165824,-202.266772076107941,1.672141545771234,-0.008606811480400,0.016588291079402,-1.521752531533037
1328390285804182,79.692653611355922,-202.595651835523199,1.674105223531825,0.011940525184628,0.029447153400053,-1.504397944102817
1328390286004140,79.710849709697143,-202.918338074402016,1.675794873516150,-0.028123866006509,0.034357286673695,-1.495391150198486
1328390286204116,79.724761874878538,-203.237499247161139,1.677543441942938,0.015330732973165,0.044553039494874,-1.509354460424255
1328390286404083,79.741399979433425,-203.557084425471032,1.679185155282704,-0.023294291210015,0.046420146739063,-1.501065566223230
1328390286604051,79.750117739376009,-203.857023628352550,1.680892785560443,-0.007979350989242,0.042902799523130,-1.545631173627015
1328390286804019,79.753474616729349,-204.155021829645250,1.682721800964814,0.002937461020687,0.036112950033920,-1.530500654460622
1328390287003985,79.760632810704067,-204.443756930886082,1.684359909936202,-0.033877054431116,0.025442110829121,-1.537083402529837
1328390287203968,79.761914929984243,-204.725728598695724,1.686113742849325,0.000687320152778,0.025480891458364,-1.550595851183945
1328390287403920,79.766531838429486,-205.002737327616245,1.687719207861438,-0.032605867626073,0.017031101432263,-1.533072853384163
1328390287603899,79.767645739464314,-205.269162346924190,1.689352472582111,-0.010610131162815,0.004786356656287,-1.564178567795972
1328390287803853,79.768023443223186,-205.538984618101097,1.691018331974631,-0.008998678264216,-0.005255895874155,-1.536246946615020
1328390288003824,79.771270848506248,-205.816321371210904,1.692625292860602,-0.031911614121576,-0.007532346522568,-1.561787438706984
1328390288203806,79.767594643340246,-206.104063809821355,1.694510245297598,0.008259378058868,-0.001669816942353,-1.551310342371916
1328390288403756,79.775506537436399,-206.369438338486248,1.698910924287190,-0.037507576483469,-0.003053179622125,-1.546542315806465
1328390288603726,79.776730293986986,-206.644809017533760,1.703040371442659,-0.003707104657731,-0.000494253625331,-1.578214659320858
1328390288803706,79.777627172720671,-206.926950193309210,1.706595283795949,-0.012468769764088,0.001602379641474,-1.550261086068225
1328390289003651,79.780214898779661,-207.234670537909778,1.709646537664840,-0.028551432178790,0.039579691017359,-1.579499990973772
1328390289203625,79.774595097107849,-207.531533277890389,1.711999906532148,0.013781159872198,0.058190934704098,-1.580031165488308
1328390289404018,79.773703529631064,-207.791484151868559,1.713338848437111,-0.030932160919935,0.031874349386500,-1.571843085834050
1328390289603558,79.767917708936864,-208.033912318335013,1.714155562983485,0.006401266657849,0.001428308223219,-1.599940887062107
1328390289803546,79.761360231064288,-208.312958094186058,1.714452387330673,-0.006020286671148,0.036611299701554,-1.574337255237908
1328390290003497,79.755794830164461,-208.595555723998132,1.714042236466632,-0.006990284259784,0.059340604940006,-1.599016829479498
1328390290203462,79.745775904983589,-208.846643567741552,1.713163387439355,0.020373885347380,0.040327832095502,-1.592605423611789
1328390290403430,79.740189471341253,-209.072553066916726,1.711855711765545,-0.020439110953175,-0.000557532872796,-1.587929115585395
1328390290603577,79.730739896946773,-209.295179686149368,1.710174968657110,0.012871772290121,-0.026469720406182,-1.611239123036489
1328390290803366,79.719989618820946,-209.548274825950614,1.707733378837898,0.003740651894728,-0.026700685827240,-1.588283060010650
1328390291003323,79.711010218563430,-209.824514956835770,1.704411164209064,-0.009088803318700,-0.012394379305236,-1.596552306682903
1328390291203343,79.701559262144997,-210.102564395137989,1.700408492932646,0.003422444603888,-0.002477604332488,-1.575598072037081
1328390291403304,79.699263420343982,-210.372200277744781,1.695882102561182,-0.012657853603335,-0.007621010930883,-1.559762925199215
1328390291603238,79.698560806468450,-210.641176884937522,1.690777723981686,0.000945107391396,-0.013323072359459,-1.554968645341553
1328390291803202,79.699390796170178,-210.909323517138233,1.685115883873046,-0.006165722064712,-0.011808154540869,-1.551139039937697
1328390292003171,79.695485703646582,-211.196487326745512,1.691759438510998,0.002006867655816,-0.000628508737054,-1.555514848751919
1328390292203134,79.692746675692476,-211.498068669452408,1.698532707428960,-0.003847804239374,0.013919507279151,-1.549755788248278
1328390292403101,79.689635951995101,-211.801742277336018,1.705141336398296,0.002072855815324,0.020242191357545,-1.559267215721902
1328390292603059,79.686658310498828,-212.099565722753709,1.711418816198826,0.006720277002179,0.012985365903701,-1.550591644692019
1328390292803034,79.685109745754545,-212.398805666663776,1.717518602870587,-0.000009756833334,0.012207750511803,-1.559580334371539
1328390293003002,79.681916238602369,-212.709760959774087,1.723651246172014,0.010287141794363,0.025716983581918,-1.555474960205817
1328390293202970,79.681204244359421,-213.021157089873753,1.729561094464079,-0.008993899903833,0.039243503859113,-1.561068644755556
1328390293402940,79.675254437504677,-213.319490530621152,1.735065534798180,0.013061647126349,0.037338667679639,-1.580368186196756
1328390293602906,79.669421773136932,-213.596316574457347,1.740012794938244,-0.007224171980199,0.017580794127742,-1.573898351556566
1328390293802877,79.660766771449062,-213.868968119762343,1.744767656562981,0.003051267380281,0.005121454671046,-1.605371429122476
1328390294002834,79.646614217305455,-214.150745462467825,1.749600210634682,0.008977087894541,0.004177706203059,-1.602615859462605
1328390294202841,79.634986063946130,-214.437079516223690,1.754332862504543,-0.009211164045685,0.008423140401629,-1.605178092428364
1328390294402789,79.623130568437830,-214.724329453073040,1.758936936355616,0.020693746182126,0.007858805547673,-1.588433280776841
1328390294602742,79.621869941304126,-215.002150980658456,1.763083048693354,-0.011701254984403,-0.000493574777253,-1.559594359001985
1328390294802712,79.618547072556240,-215.281165387278634,1.767123710909721,0.008879414174355,-0.002235909348301,-1.592133524364609
1328390295002670,79.612834448425588,-215.560017042559366,1.771054744676768,0.004451862187218,-0.006120497581657,-1.575599805838375
1328390295202642,79.609256275598639,-215.833376217137413,1.774725375695867,-0.014982893032124,-0.011468487330249,-1.596421183447601
1328390295402603,79.599188921462385,-216.098642737830517,1.778294524673628,0.019326071145187,-0.013412371583214,-1.601010191507326
1328390295602598,79.593197040708034,-216.365213504460115,1.778380134113111,-0.019896533710117,-0.013729535478903,-1.584774631701771
1328390295802539,79.582408350846023,-216.641968176978025,1.778602063783047,0.004132085380273,-0.008464052073595,-1.618129287474213
1328390296002507,79.570896168288044,-216.918290040650533,1.778877878777674,-0.000463640384509,-0.009418855343151,-1.583867933005179
1328390296202481,79.565175544748158,-217.195292630344966,1.779063994927040,-0.015906942469198,-0.010941774867422,-1.597331853793758
1328390296402449,79.556513907938012,-217.477668143274002,1.779352933247950,0.019206529421969,-0.005662124699556,-1.572323494373065
1328390296602440,79.560916243364630,-217.764336642401986,1.779386413272019,-0.027244655952057,0.003103789528397,-1.533791654603099
1328390296802385,79.568799993338132,-218.053391130741005,1.779373626523991,-0.004068200827220,0.010793675428502,-1.536885136083745
1328390297002342,79.584167819674207,-218.335144867144919,1.779212700269486,-0.011535641088395,0.008790159391085,-1.479786269619704
1328390297202320,79.611766523945917,-218.614644273669427,1.778788027262927,-0.036113305194028,0.011499710213556,-1.476652055390238
1328390297402283,79.632809793026624,-218.891777070937337,1.778531162601412,0.010593042259125,0.007189243571508,-1.493772469092205
1328390297602290,79.656462684347218,-219.164556558585161,1.778224062806792,-0.019532384403749,0.004030381788790,-1.466734660254830
1328390297802220,79.676472123569781,-219.425541948014569,1.778005732609865,-0.017969746862580,0.008253663084038,-1.525298104389998
1328390298002187,79.680601456663652,-219.732217234492481,1.778247555906083,0.015486530093696,0.040850720123140,-1.559516000353765
1328390298202154,79.679375615187894,-220.006157461774364,1.778616147171693,-0.024189115151394,0.038419223917707,-1.587232697667789
1328390298402119,79.668634663271405,-220.243245305040432,1.779208544594114,0.024128147337185,0.010255422261687,-1.615230154930404
1328390298602079,79.659142552456075,-220.479295566901726,1.779795761825217,-0.002842852608186,-0.022392612607476,-1.585110510980219
1328390298802057,79.649604771779821,-220.731746414032330,1.780438205415333,0.003286790602445,-0.026143713948902,-1.614042347207066
1328390299002040,79.636024399394813,-220.988187204812192,1.781226915212623,0.026860886668073,-0.013480045428959,-1.595374641153301
1328390299201990,79.625528307430017,-221.254343554332451,1.808675183497195,-0.008862982359908,-0.007189259631818,-1.608996262598985
1328390299401964,79.604120274280120,-221.514024918689955,1.834067804855760,0.029025602895780,-0.015705805469051,-1.653637724004671
1328390299603420,79.576959277182169,-221.771870008119492,1.857774184899602,0.007822443345358,-0.026806241491794,-1.655201445545703
1328390299801889,79.542713715482364,-222.043568244739504,1.881084126080697,0.016902766215437,-0.025348023461968,-1.697619190383780
1328390300001849,79.496499181150341,-222.327283578812398,1.903720283157667,0.034060882467220,-0.014650003296646,-1.703367405640688
1328390300201828,79.448214448387617,-222.614507333095162,1.924491972766555,-0.005946320924458,-0.001236601010423,-1.736692472941806
1328390300401819,79.379452156226748,-222.914202033352439,1.944426399951436,-0.001496338198474,0.024802722297830,-1.793029112366610
1328390300601762,79.292886748973643,-223.214033146516869,1.962501092305330,-0.025477481125284,0.056375060597702,-1.839034768867099
1328390300801734,79.190308886990209,-223.507794716439292,1.978329317723583,-0.029155667893154,0.074036541429567,-1.902099549672375
1328390301001722,79.071492857560870,-223.779514016176336,1.991501698274928,-0.011271504029704,0.086018367078838,-1.966181056622574
1328390301201662,78.940754644533513,-224.033545934506975,2.002351482612156,-0.031242297541083,0.094862286204129,-2.021591660900400
1328390301401630,78.792692943704026,-224.277401867791582,2.011415352262811,-0.009940094293460,0.117926948232334,-2.092957959787818
1328390301601596,78.618643440091603,-224.515222238230649,2.018993369194595,-0.005920527361899,0.156461818558729,-2.171814887665013
1328390301801565,78.459961678915406,-224.700433405580071,2.023866802676542,-0.003283179050755,0.165377784171377,-2.238546943347370
1328390302001544,78.318196058815232,-224.842864924341001,2.026971917117947,0.010265879555281,0.140985369398793,-2.305859530967890
1328390302201499,78.193283330767471,-224.951453804142687,2.028948099740122,-0.007601782834849,0.097463714454939,-2.372282909428203
1328390302401466,78.060189930171134,-225.050827429168976,2.030438298574037,0.007370786218564,0.084479943493716,-2.450012512833096
1328390302601434,77.915545101555310,-225.139604405393868,2.031516373375407,0.025495399280862,0.090807399756860,-2.526675845161892
1328390302801395,77.784987356899094,-225.207225237989462,2.032050418921042,0.013297708418164,0.077736404460546,-2.586721679246038
1328390303001370,77.669321320059012,-225.257001276642626,2.032242076836020,0.022321299957610,0.056778880396683,-2.658458234526584
1328390303201335,77.558928228384033,-225.315883478533465,2.023600205815537,0.028221021459080,0.034058276298098,-2.734618782454487
1328390303401300,77.436338296828097,-225.370133521350567,2.014762686156713,0.031413270738312,0.025130082049983,-2.797668263064096
1328390303602101,77.307070862903487,-225.417164612319766,2.006089095835994,0.028570834264035,0.018691172877044,-2.865010184041505
1328390303801234,77.186223944034012,-225.451834081228014,1.998500601598625,0.019654591982762,0.002732760395196,-2.926883178969022
1328390304001222,77.053118826650561,-225.479975424708130,1.990634386940064,0.014842342280594,-0.018147401349228,-3.000686327118775
1328390304201171,76.920339446497024,-225.498428816054428,1.983199836789803,0.002209417077273,-0.040186228052694,-3.071008037481735
1328390304401141,76.760245492432631,-225.507176749627007,1.974717318722004,0.005533538295169,-0.035810921169907,3.124788820456426
1328390304601102,76.576220937128554,-225.501831408632540,1.965407132070874,0.005155103270334,-0.004964226428368,3.052984032896664
1328390304801073,76.401643061062956,-225.483133122364592,1.956865664308015,0.000622959222818,0.005911493361461,2.967175288811084
1328390305001044,76.241923272283017,-225.451374579562895,1.949280969707919,0.013926990868446,-0.010941533695127,2.887293551856168
1328390305201036,76.101836630593809,-225.412861238217516,1.942719537949970,0.008983152207549,-0.046335649196193,2.828676683834683
1328390305400977,75.964209219533046,-225.365671028132539,1.936295877664330,0.009587253731581,-0.087836579352511,2.757925373848685
1328390305600932,75.802403953444511,-225.295516459811211,1.928734300188671,0.028622138468832,-0.092933529907734,2.684957386404633
1328390305800911,75.613473510537247,-225.199137667331769,1.919720534762203,0.022883050266386,-0.060080793769683,2.638633589838842
1328390306000888,75.422080844952092,-225.086982581892329,1.910283472336474,0.004386739734005,-0.031987320456469,2.548794139092725
1328390306200846,75.256158033106146,-224.967536695149931,1.901774555748210,0.025019030956272,-0.040208647494442,2.472424608218527
1328390306400809,75.106680333434525,-224.847242419696698,1.893734205356148,0.006157648634243,-0.089062227157663,2.434931474248812
1328390306600781,74.978374260000663,-224.731301177594361,1.886475421833189,0.010067710939691,-0.139255342671219,2.369979470801503
1328390307000717,74.677805637675533,-224.426955394813149,1.867967110460564,0.008052616018516,-0.137002840569837,2.317242248093968
1328390307200678,74.496782083295983,-224.234258069822943,1.855846745379711,0.013890855495547,-0.115116226099947,2.337479497165815
1328390307400651,74.306506076577804,-224.039005339705028,1.842576240979011,0.012034075153343,-0.106370092186427,2.333169955791842
1328390307600606,74.115233142583548,-223.844159883949828,1.828674395405090,0.022680115322483,-0.100922161355295,2.354342017176956
1328390307800583,73.893943702013559,-223.626080339348562,1.812079107113506,0.018880048127998,-0.086123734861025,2.356069949809231
1328390308000540,73.676865453510004,-223.414088122017517,1.795216827126268,0.020190837235310,-0.064571648721601,2.359355178279104
1328390308200520,73.429284778177205,-223.176770930784869,1.775395434351746,0.012998683063858,-0.038690472475909,2.369025497976328
1328390308400483,73.189294212426219,-222.943547599237689,1.755409363231775,0.018417037254571,-0.017260683355270,2.340956021923510
1328390308600450,72.962669773076328,-222.718125304460159,1.757829177060610,0.024094870304557,-0.007543952782613,2.331577308955606
1328390308800417,72.737600578477227,-222.490326079219642,1.759608708179870,0.012582339538245,-0.000755936943642,2.315273659019097
1328390309000386,72.520206837904681,-222.261487747767376,1.760778112096300,0.029262721762603,0.010604255763533,2.310660139987763
1328390309200354,72.304068435344647,-222.040322934611140,1.761196164365318,0.008919945089300,0.014864983188985,2.329579268980627
1328390309400322,72.093755006366607,-221.826986861624505,1.760969449117100,0.013732947117975,0.018337382845333,2.326534803108108
1328390309600281,71.885781018913548,-221.621822947063663,1.760123551420989,0.014659381298410,0.014424297269213,2.358261721090234
1328390309800257,71.679396009305790,-221.429728545130246,1.758691364203099,-0.000739563364029,0.007855488421627,2.375692943792273
1328390310000214,71.471613476260032,-221.241542833901690,1.756737384543023,0.014675285079269,-0.000557800827512,2.395439817253032
1328390310200190,71.260026467940477,-221.056720463999795,1.754254148916505,-0.004475763379097,-0.002595383716275,2.397199961455522
1328390310400155,71.049541796284899,-220.865408450384336,1.751300653485853,0.001604145106797,0.004112976657535,2.363969756342037
1328390310600124,70.848264844949838,-220.672932425002159,1.747976573546074,0.007745135516084,0.003481901000608,2.357868685945125
1328390310800090,70.663107853524352,-220.494518429934146,1.744483521989362,-0.005786158519783,-0.007592724474679,2.341914293520392
1328390311000051,70.465185566451765,-220.299434170424036,1.740261905397128,0.022697270981733,-0.013323023012361,2.362505325385140
1328390311200027,70.253857514736737,-220.110689416817166,1.735410698945891,-0.006334303125721,-0.005954071407010,2.415519918706013
1328390311399996,70.029019779136505,-219.922516636062284,1.729876489219782,0.012534977981984,0.010827343517857,2.439832013761713
1328390311599960,69.810154323306804,-219.755351913486265,1.724232869661231,0.006243231087213,0.011663252355621,2.500475530446328
1328390311799930,69.588150108110597,-219.601749132351785,1.718326492982228,0.003181171573485,0.003096369714130,2.529229584610965
1328390311999911,69.380871743214968,-219.461450476411500,1.718886010921350,0.014314526190550,-0.010871741014945,2.575009434636415
1328390312199872,69.146700441159723,-219.316757064252528,1.718800736741843,-0.008395453137937,-0.010939110551108,2.596551069386394
1328390312399829,68.904621188250715,-219.166622434391883,1.717950726108015,0.009512372199633,0.000527897477612,2.589884453661145
1328390312599790,68.665022195983951,-219.018051095793567,1.716346330496909,-0.002069004106642,0.003087138188936,2.597793174413360
1328390312799768,68.431929914591137,-218.871678359953194,1.714051230977816,-0.000405014141196,-0.001988622385194,2.582995051650152
1328390312999735,68.197384831440104,-218.721394925135286,1.711000056503964,0.007714583465652,-0.004606965648318,2.594627114441998
1328390313199702,67.952540425560514,-218.570271137781674,1.707063971510679,-0.007454204255510,0.001914375758943,2.612685051719456
1328390313399667,67.703060446463482,-218.419415514592629,1.702265664100112,0.001094727372407,0.011100858422029,2.618818269596580
1328390313599634,67.463489145170030,-218.276770341742520,1.696914282674436,0.002671525292467,0.012732438142671,2.632377969739662
1328390313799666,67.216644979650980,-218.135177019370190,1.690674856283232,-0.004000949978864,0.012151937343576,2.653195292728490
1328390313999569,66.967741855501771,-217.995697906377757,1.683632886286202,0.004657749175832,0.010021145533096,2.653864457531297
1328390314199534,66.715149275362720,-217.852256235625418,1.675667776729739,0.019183143604365,0.008287812654485,2.655757660000770
1328390314399505,66.461475711811815,-217.709920355373413,1.666877465523210,0.012834225328859,0.017332533416280,2.662364736534456
1328390314599460,66.206655554813651,-217.567083191333865,1.657233772114952,0.017721682115962,0.023852672298836,2.667628376261201
1328390314799463,65.962471147029575,-217.432736587466138,1.647262303241879,0.009394226869569,0.023883587729954,2.678162735577034
1328390314999409,65.722106055815416,-217.298938279666714,1.636695753843975,0.013198535253503,0.015403151596335,2.660499701239891
1328390315199372,65.498877530561117,-217.169660265058667,1.626152729375546,0.019358283344018,0.006514402727035,2.661406568611272
1328390315399357,65.269599650507729,-217.040756865036627,1.614730522200039,0.000702954155280,0.000271184145079,2.682418716241461
1328390315599305,65.022771653365425,-216.928895574514343,1.620587576929927,0.016300305816309,0.005766894921672,2.695672856500683
1328390315799272,64.757040596251727,-216.817694040905053,1.626741064202333,0.018957810742971,0.014200023090031,2.748577418536878
1328390315999233,64.505075330199801,-216.725345693197255,1.632432504301377,0.003470593103449,0.017946677876662,2.779273783732027
1328390316199211,64.234935544057322,-216.632539455858307,1.638489699329404,0.020832147439611,0.011287330129829,2.800344625215343
1328390316399182,63.976541156439154,-216.552089080939027,1.644247514007963,0.007174586979746,0.004158877780915,2.825424124113368
1328390316599141,63.718802168886626,-216.470992099969010,1.650017590398259,0.014588522306338,0.011031303629840,2.805093743297657
1328390316799131,63.454215161878381,-216.382881626803908,1.655976302407224,0.028769253093778,0.008225713525347,2.805655134402934
1328390316999077,63.192757282172010,-216.296264326964973,1.661874528646442,0.006061441035216,0.000417734836330,2.797370357703977
1328390317199045,62.928816576873231,-216.200185262371065,1.667854507712571,0.027188553463487,-0.000819472710302,2.769213361844710
1328390317399018,62.657071630690709,-216.097279068314037,1.674014504539864,0.015029806929558,0.004450959925279,2.769693201163545
1328390317598982,62.389907532210742,-215.991806541846415,1.680066006996807,0.013472744381300,0.007403811417823,2.742177582689886
1328390317798949,62.141586185724577,-215.886572062199946,1.685674989277895,0.035037245867711,0.006347981079159,2.738699521965081
1328390317998907,61.876094101275015,-215.777354854991444,1.691656785838005,0.015627117636893,0.005579422453264,2.757639233732068
1328390318198883,61.607633855028524,-215.667808303938671,1.697692617516981,0.026250010561713,0.010315085702718,2.756330470270838
1328390318398847,61.331124648528473,-215.560046544811740,1.703917447461232,0.018558495074599,0.019140556000229,2.792542665894985
1328390318598817,61.057567486086739,-215.458843839949907,1.710103917245696,0.008581161301191,0.020702918277395,2.783438197694624
1328390318798780,60.807247688464045,-215.363865465498918,1.715758721378668,0.043353672338672,0.013637082697292,2.807277989272400
1328390318998751,60.547992882989405,-215.276203145750998,1.721705417202530,0.006344879077068,0.008062274551607,2.825852469337670
1328390319198715,60.298942825117138,-215.192726416134349,1.716574163662584,0.041655660205815,0.009655408735652,2.805311077331540
1328390319398684,60.040438703300339,-215.110671778925564,1.711726113032221,0.018645878577464,0.000703251263856,2.848179042912290
1328390319598652,59.782225218711389,-215.030209587879654,1.707291007954663,0.009468870177137,-0.005198220855642,2.805415327032335
1328390319798618,59.525809715086169,-214.942830928279534,1.703140955515221,0.039135708357529,-0.013508575244534,2.823646706660692
1328390319998616,59.267033437970255,-214.861270660160073,1.699441409780620,-0.001100358584793,-0.016193744406529,2.822554110059451
1328390320198554,58.992025046970141,-214.767062615680430,1.695827724418557,0.035904969517571,-0.011632885064980,2.802186477279768
1328390320398538,58.718560256210736,-214.677996345363539,1.692725301352252,0.006019588478828,-0.013331957278666,2.828812387221331
1328390320598478,58.445966907112478,-214.588578377085867,1.690047613139952,0.016429576738626,-0.014562680655973,2.805873077816540
1328390320798456,58.179423364133996,-214.501023835389901,1.687833852880570,0.025930202058291,-0.015379519889417,2.838811317457244
1328390320998450,57.888708089874726,-214.415397628644200,1.685930447174670,-0.004202963662808,-0.009444293752468,2.846652160419046
1328390321198393,57.597290749782104,-214.331422459912716,1.684469264219452,0.018951136093442,-0.003113631191858,2.877259079492823
1328390321398370,57.302795119414313,-214.260198330516431,1.683463552285461,-0.001749834279268,0.000206726960042,2.906810407940138
1328390321598327,57.002574986372721,-214.190149881707896,1.682843650985834,0.013731371732045,0.006722957287906,2.906741314431735
1328390321798292,56.718537472260806,-214.126328057691296,1.682619836022013,0.001796769610876,0.009233825312872,2.918696858592150
1328390321998251,56.426935836619791,-214.062034204995541,1.682745490219830,0.006154584957281,0.005947103628773,2.917383462101973
1328390322198238,56.143838496639106,-214.000116785397012,1.683206839211937,0.003882163259332,-0.003006250627474,2.924649661142626
1328390322398192,55.852754484393870,-213.939415829280563,1.684011729039196,0.000217864062494,0.000137028521235,2.934658845058109
1328390322598162,55.567309361161193,-213.883161082710302,1.685108295773790,0.001640520034415,0.004417283973093,2.949232274715690
1328390322798127,55.296693058670527,-213.824622618808348,1.688449286413808,0.001322126098515,0.000879381405389,2.958589384363702
1328390322998087,55.040224884121230,-213.773197469771588,1.691587149487517,0.006496257889668,-0.007653462721387,2.982780561575739
1328390323198061,54.773392014896046,-213.725501464653377,1.694814790620829,-0.004447225730455,-0.011679001478544,2.990466316157119
1328390323398031,54.505180560928551,-213.677745544107069,1.698063576763495,0.009132081103094,-0.013077826480299,2.993771066309570
1328390323598015,54.235878293335801,-213.632679093360366,1.701312999497530,-0.004768489352928,-0.013074554335406,3.000304393085258
1328390323797963,53.964332642557125,-213.586704883502506,1.704599380929914,0.005195149797336,-0.012739811659136,3.000023034770364
1328390323997931,53.696953410069838,-213.547640355818004,1.707806226265255,-0.005244309927139,-0.020952263665053,3.035494420808927
1328390324197903,53.426289007505716,-213.513156593691861,1.711034444866446,-0.001791120976733,-0.019722324968419,3.030700954578903
1328390324397865,53.146508554360253,-213.477554335123671,1.714383375754346,0.012048164057540,-0.010353403782491,3.048026985237599
1328390324597834,52.861603671569867,-213.446709048825483,1.717779740342922,-0.013184317061463,-0.007713972819838,3.050668744472401
1328390324797798,52.590948255666973,-213.413826355176269,1.721036560911932,0.007751347833132,-0.009286526605076,3.033627775435716
1328390324997782,52.306615944799674,-213.379673000400885,1.724468600899837,0.002240158029831,-0.014212265206121,3.054667205679161
1328390325197737,52.017750351933714,-213.347450548231734,1.727957847764419,-0.015953454584908,-0.008858319857476,3.033005832273971
1328390325397704,51.722566393998633,-213.307521656517224,1.731565798589114,0.023849236508114,0.004173076985668,3.033461495321388
1328390325597673,51.430586302285803,-213.272113947930393,1.735130151937616,-0.018017767914820,0.006698885044118,3.034325973769181
1328390325797637,51.149342837908577,-213.232427497879883,1.738595684058255,0.002958105648915,-0.001090361758727,3.013124138037417
1328390325997595,50.883252438253081,-213.195456876191770,1.741881232076131,-0.013344989516363,-0.014426245200478,3.029129156109692
1328390326197569,50.626757546765887,-213.159067811528445,1.745058952528189,-0.015390772855829,-0.025748016293804,3.009200434953974
1328390326397540,50.377889276676825,-213.131885613200268,1.752729109469781,-0.004744638802318,-0.021956158809841,3.053597863054630
1328390326597506,50.116483348192517,-213.117297039131159,1.759718314924764,-0.021524524746955,-0.018316687054556,3.091606102562515
1328390326797477,49.875307240264050,-213.107666884696300,1.765294656493349,-0.002374322887274,-0.028222799429291,3.098494961508601
1328390326997466,49.638406434751587,-213.101841091523767,1.769994674763274,-0.005349533809534,-0.051153342350450,3.119091725874539
1328390327197411,49.384716851719688,-213.096379914877929,1.774188176835007,-0.005162604157806,-0.058718480098460,3.105919872334940
1328390327397384,49.109482523076608,-213.085819870628569,1.777716827778779,-0.000145701515031,-0.047554892733808,3.096080796678971
1328390327597353,48.814227022660475,-213.073439136216052,1.780353578880530,-0.000371992665114,-0.030387201469226,3.102345356431748
1328390327797308,48.515107320920279,-213.062387588285560,1.781864950763320,0.000700006965745,-0.014922110953930,3.108758282156062
1328390327997275,48.215637859441514,-213.053026413843384,1.782244593046241,0.005424623624741,-0.008097203137716,3.116789599250220
1328390328197243,47.906525538797496,-213.048830681558030,1.781561408535670,0.005697125929379,0.008857631273274,-3.131129653464916
1328390328397210,47.583508680710878,-213.056422448789789,1.779898158429723,0.006305195301030,0.036887710284123,-3.095118436155578
1328390328597179,47.264786857261967,-213.075030591276231,1.777400492909365,0.015580472891122,0.062486979696655,-3.050528873830123
1328390328797154,46.971796098305575,-213.104694993734029,1.774528054331439,0.007667027495600,0.071768319425027,-3.008900321268351
1328390328997117,46.703023775149362,-213.142802904753609,1.771503601244696,0.022224921684459,0.061501547178363,-2.969060927617179
1328390329397048,46.172348902008238,-213.242953326216366,1.764529785841196,0.021458167020570,0.101305262558806,-2.917928127296247
1328390329597031,45.916802561822820,-213.299237528244134,1.760665933837322,0.020698814544021,0.131033129363952,-2.888960981086081
1328390329796986,45.706577726485932,-213.350898782150665,1.757332318522137,0.026085375303128,0.143829238072347,-2.867370769536552
1328390329996952,45.554425652627046,-213.402327978001892,1.762127240762615,0.050345105124767,0.131284615718169,-2.836274837228594
1328390330196915,45.436434515316094,-213.447922463391194,1.766060328596161,0.010439871322161,0.098951595687470,-2.776239612001805
1328390330396884,45.357701762630143,-213.482786078970037,1.768870214348723,0.032525429782236,0.043125801508776,-2.756239745657718
1328390330596851,45.294855879994273,-213.512408998976127,1.771183454315191,0.027085232465200,-0.012270648051900,-2.723107987997178
1328390330796818,45.225689811645978,-213.547773715662373,1.773847313331833,0.018331587773877,-0.048267863563186,-2.699742933067991
1328390330996776,45.145373466816395,-213.591578086936124,1.777051638328959,0.032177484053806,-0.079925243594141,-2.660120250878880
1328390331196756,45.066597966518671,-213.638951385746452,1.780389095238713,0.012204605867071,-0.097224518797727,-2.626649120330150
1328390331396721,44.957423933175505,-213.709603986922048,1.785220521521882,0.027925457330751,-0.092944814178586,-2.578939265592110
1328390331596686,44.826969824050408,-213.805180995815306,1.791489144588692,0.018138647025656,-0.075429964969055,-2.512967101058515
1328390331796654,44.683349059688226,-213.922325404788580,1.798899793775846,0.014327530588633,-0.056568715126537,-2.468315556544409
1328390331996624,44.536205924188053,-214.054586574645896,1.806993677426592,0.022361649436253,-0.037697158825425,-2.400644712160107
1328390332196588,44.385925909631268,-214.208702925958164,1.816098111998639,0.006603116196514,-0.005050637147537,-2.344622366068682
1328390332396557,44.232659247034498,-214.382635502051642,1.826058335237186,0.017147477837885,0.043759093107318,-2.284363803781215
1328390332596522,44.094616464006229,-214.561486956878241,1.835990902489722,0.015339380445621,0.085994724824420,-2.210026116844038
1328390332796493,43.990369909949287,-214.717576231920191,1.844448171213751,0.008680304670063,0.103853023237361,-2.136957650436546
1328390332996459,43.920477877777614,-214.839900087644992,1.850969407711426,0.015974654468903,0.085586463233363,-2.066899937913546
1328390333196425,43.874629845613555,-214.934423884550540,1.855964757910825,0.004531658884181,0.044192465763124,-1.998484795748102
1328390333396391,43.844016160990634,-215.011441655121217,1.860023047155303,0.001956016592011,-0.004243946632613,-1.925084941204093
1328390333596359,43.816360435934243,-215.098910495579446,1.864631268337988,0.004132127638007,-0.031010871898737,-1.846396657274388
1328390333796317,43.792036682456484,-215.199431380971049,1.869931648049205,-0.005497620527353,-0.050643037633571,-1.803152335782154
1328390333996294,43.770837145063282,-215.294877689420105,1.874945447526993,0.020392264685191,-0.095989225404043,-1.787774548065810
1328390334196260,43.752465256741104,-215.399797946046533,1.880454907594635,-0.000422627938342,-0.136561104675214,-1.713366258817548
1328390334396255,43.731513905728356,-215.568727853962770,1.889317165536382,-0.016242356296393,-0.138281038118165,-1.700100173734174
1328390334596187,43.708986157249605,-215.800830631574740,1.901387109844880,0.026569486710810,-0.085954082699252,-1.637108472680417
1328390334796165,43.706893347033933,-216.111209867284714,1.917497978636250,-0.018855738350456,-0.009842352215033,-1.533839299750244
1328390334996135,43.722977080662915,-216.442626294478288,1.934477744465748,-0.013544119830736,0.044245660486675,-1.510236286191728
1328390335196096,43.743237288274443,-216.740943529941831,1.949374946724401,-0.003324905878920,0.034954173095191,-1.487000581812021
1328390335396066,43.767822846125696,-217.027631804169062,1.963282242452558,-0.035654543869579,0.012635186446410,-1.479883276160270
1328390335596032,43.792766304922353,-217.345010871503916,1.978018650838367,-0.005006612635683,0.023567059622146,-1.488851404031495
1328390335796000,43.818772417776714,-217.692610337206531,1.993301475790425,-0.027092243306368,0.067439347659367,-1.482878959618818
1328390335995958,43.845685598123481,-218.054194344294444,2.008190710058740,-0.022744935606640,0.114939057725249,-1.487520789428995
1328390336195934,43.872130263852441,-218.356038958422943,2.041336518400268,-0.009965505072517,0.127638936750603,-1.508827250545900
1328390336395900,43.892138916787388,-218.638178496353646,2.071361672690778,-0.022774480677146,0.108029238164798,-1.512563962681974
1328390336595868,43.910170936291607,-218.905342646012741,2.099006263141381,-0.024762861113849,0.086101482735703,-1.519146781920957
1328390336795840,43.927084548833491,-219.183016297547340,2.126916450396366,-0.017595179565185,0.087658708802511,-1.519406731892364
1328390336995795,43.949671055620072,-219.472951002697499,2.155257428689628,-0.036225849423859,0.110774100143521,-1.479853282736319
1328390337195770,43.983392928828707,-219.751875191800167,2.181822733276598,-0.037018293732275,0.115225936634996,-1.444342521877244
1328390337395739,44.021569590348477,-220.007716144685418,2.205526606778244,-0.048902220635295,0.100080033882313,-1.418930959664869
1328390337595705,44.062086003000474,-220.255781502288443,2.227850856108074,-0.045780466125228,0.079108946663232,-1.418864946567471
1328390337795701,44.101047265926439,-220.505533687247919,2.249603657887044,-0.039488094059482,0.067054167025321,-1.429949663000774
1328390337995634,44.139395279227514,-220.766613022784441,2.271564664803092,-0.050463397784321,0.067960649688061,-1.433527541704648
1328390338195608,44.175852439117023,-221.024329465304902,2.292474643502890,-0.052819896502394,0.068369126961937,-1.441102104975015
1328390338395574,44.209587898585781,-221.285625478993552,2.312888407150403,-0.040049125595125,0.062877706132805,-1.452187179799997
1328390338595542,44.240047125245795,-221.539051590086245,2.331945130044103,-0.038643764752480,0.050396876388104,-1.457047299712002
1328390338795511,44.270331139335468,-221.809788221703542,2.351505055322563,-0.044540761690371,0.050738007649665,-1.471829263391774
1328390338995469,44.297618803221894,-222.112297809523852,2.372394600826329,-0.037557577984156,0.065635817579606,-1.496033897246209
1328390339195456,44.315762620095754,-222.388170596772255,2.390587261855329,-0.038669012152362,0.070771470309671,-1.512361123972734
1328390339395412,44.331598225958246,-222.679384549100746,2.408926288561589,-0.053031684173941,0.068061155602848,-1.520193610199096
1328390339595378,44.344266688271517,-222.970535928241560,2.426386535865808,-0.042102675810400,0.066459932245981,-1.531700117094773
1328390339795362,44.353450992117786,-223.273478700990694,2.443644703806883,-0.049644923669509,0.072610080469505,-1.540727531053228
1328390339995314,44.364202661593353,-223.566108344223920,2.464375749558267,-0.041947249288201,0.087379735531107,-1.539963654495243
1328390340195280,44.379126254309341,-223.864195742975994,2.485361534822013,-0.044684374811165,0.093000655817142,-1.515344864946504
1328390340395246,44.402063408918366,-224.157352363534443,2.505896725749969,-0.058493353645250,0.092827263634231,-1.487841267070148
1328390340595215,44.431855412183452,-224.444372201588777,2.525956346258198,-0.044576298186500,0.089154261014871,-1.469260516639502
1328390340795181,44.469258037801438,-224.735701421531445,2.546319718070069,-0.061148337068923,0.097906585906311,-1.436652283616090
1328390340995142,44.518276130975025,-225.028036610784170,2.566844879440073,-0.057573709989066,0.105439029996810,-1.398467240378573
1328390341195114,44.574114539929610,-225.302542955114944,2.586266046182025,-0.062216675523789,0.097043819478769,-1.371590511344000
1328390341395085,44.636493820437934,-225.571084036170504,2.605438848824373,-0.072537823141263,0.084799041321180,-1.350124053843236
1328390341595052,44.697525854405185,-225.827861477240134,2.623871901609234,-0.059338998034032,0.072480012659439,-1.368373626238882
1328390341795022,44.752506813548621,-226.093202881219611,2.642847601064227,-0.060195311787678,0.071214795433367,-1.399842783625029
1328390341994986,44.801433089404057,-226.362196798322884,2.661992453722952,-0.047336014078894,0.074443335430874,-1.414849907263878
1328390342194958,44.847687531692330,-226.629501914846571,2.680983763364568,-0.052077263584929,0.071442081609735,-1.421208387709410
1328390342394920,44.890670992988262,-226.887281484554393,2.699267387926787,-0.053708504359447,0.063932630818279,-1.427466756114035
1328390342594888,44.934103839769506,-227.149835452113962,2.717878871829764,-0.046565928158737,0.061095765671917,-1.419845910417946
1328390342794871,44.983764419538431,-227.414467914349530,2.736792418222531,-0.065712862643155,0.059149292084292,-1.390627973948666
1328390342994835,45.039629225601175,-227.676044802217348,2.755701016933027,-0.058191027564009,0.052679028273576,-1.376568800298682
1328390343194807,45.098993991502823,-227.942092203102106,2.775049912541798,-0.063431251875078,0.049124728795197,-1.369880560480977
1328390343394783,45.159213618281413,-228.211423544338487,2.794687270722515,-0.063316919305346,0.047167170751705,-1.378094638034447
1328390343594736,45.206110417962321,-228.488715772527087,2.820066755888400,-0.041021194201253,0.054362764352673,-1.362629121875377
1328390343794705,45.264062512548094,-228.779273789598051,2.846075212482287,-0.076095039066591,0.059631305447614,-1.329835250537366
1328390343994649,45.329301884577959,-229.064960982993910,2.871031185663839,-0.062865537283544,0.055225713222797,-1.315153082802741
1328390344194626,45.400868050542527,-229.345516231393447,2.894906651351131,-0.063948350520165,0.054305410895853,-1.283188720584359
1328390344394595,45.486724496267286,-229.636174866985243,2.919107245988129,-0.091185289399614,0.069342152790843,-1.258772298033345
1328390344594562,45.579813529594944,-229.938570620634323,2.943322124697906,-0.051111312939128,0.109072946230469,-1.264379993083958
1328390344794527,45.673741130970114,-230.241578592913953,2.966411327307137,-0.087052603644708,0.151814634662011,-1.255881307511675
1328390344994486,45.764356049121758,-230.508254859991723,2.986006814758134,-0.075114912427091,0.166971833169879,-1.227534342464528
1328390345194461,45.846166008167316,-230.737503442815921,3.002183446086176,-0.092886216946464,0.166516885555523,-1.217778976246316
1328390345394428,45.922217876707279,-230.931109748832455,3.015505429569337,-0.087950602543612,0.148220531917920,-1.186449481436222
1328390345594400,45.994975548994660,-231.100413647797041,3.026922009082085,-0.063387388579562,0.130413569986037,-1.158180295416310
1328390345794367,46.068586687587995,-231.252157655234811,3.037100960590484,-0.094997490891224,0.120347415847076,-1.098062108535146
1328390345994322,46.139110858275600,-231.377233177017501,3.045612169376500,-0.119098180630546,0.098578191398465,-1.047508345889920
1328390346194330,46.203282919214189,-231.482307699849912,3.052755179958426,-0.101103560747297,0.069671111868364,-1.029041866793084
1328390346394265,46.278123431503715,-231.597253811518726,3.060529415051917,-0.117308736715296,0.071171617862317,-0.990304257035220
1328390346594257,46.360183949463604,-231.712055267949665,3.068349826767203,-0.110434673405429,0.081514888905412,-0.953292540807400
1328390346794256,46.433892874116438,-231.807797559958516,3.074889568060880,-0.106802833326970,0.072397671128627,-0.918818632548105
1328390346994272,46.500519735883927,-231.886925739266019,3.080391778417296,-0.123029522412088,0.045673049775163,-0.870711183497884
1328390347194136,46.558385361010792,-231.949198413439746,3.084859460422678,-0.120359694623550,0.002890436747089,-0.824097737568764
1328390347394102,46.623088806391806,-232.012013467423941,3.089550579367010,-0.136156087696201,-0.035653530533308,-0.776906153530498
1328390347594103,46.702919062368849,-232.082292947610796,3.095006296295283,-0.135896683510161,-0.052687987820857,-0.732248652317033
1328390347794037,46.806243255625702,-232.164308585399141,3.101644092054991,-0.136049104101236,-0.051294438027641,-0.678581720010923
1328390347994005,46.944557165959793,-232.262002792466319,3.109938402532586,-0.140173214475178,-0.043276187586460,-0.625572806288224
1328390348193976,47.099238658270863,-232.358043923705907,3.118556545233283,-0.141954694598406,-0.038911446737237,-0.571409131797812
1328390348393939,47.266038360748510,-232.448541885055420,3.127191879568155,-0.151181942886130,-0.048207010591916,-0.516102675274925
1328390348593908,47.437660115021231,-232.531243163157967,3.135476875464333,-0.152459943030619,-0.065382530277285,-0.480497521606649
1328390348793902,47.634278003375471,-232.616498598026340,3.144301272175819,-0.141571306465027,-0.046327171553271,-0.443603457482333
1328390348993921,47.878124178125290,-232.729338588154633,3.134202311955305,-0.145935797684529,-0.000963332248514,-0.392801396656667
1328390349193797,48.114126589389343,-232.833296513623992,3.124632080880402,-0.124087341689622,0.010659660970227,-0.417807053024867
1328390349393766,48.330228393330486,-232.928406245143208,3.115951300626124,-0.094795072355711,0.014297676328353,-0.367464293272120
1328390349593740,48.534139747471556,-233.004585824107039,3.108096322924892,-0.100930932126462,0.000737555560690,-0.322022723852678
1328390349793708,48.747641090691488,-233.071776309178631,3.100163091855815,-0.071586385570781,0.003764815738767,-0.255015859645940
1328390349993725,48.974664082718661,-233.125591881450816,3.092082662807670,-0.058516600603794,0.018977884917771,-0.191444436203567
1328390350193661,49.183568874411748,-233.161747475232630,3.084889807024372,-0.037545142919304,0.017183573687375,-0.116572025330842
1328390350393628,49.360981337268029,-233.178764593813895,3.078998819406350,-0.052071512019977,-0.014826659253018,-0.064984287899815
1328390350593609,49.522319821684448,-233.187741291244464,3.073731226622979,-0.041900762087439,-0.064933043201285,-0.038316696316852
1328390350793543,49.704043051705113,-233.193713702143810,3.067846549155772,-0.055467901651195,-0.094647187082818,-0.027973934854287
1328390350993514,49.919443725592728,-233.204706511959159,3.060810457868263,-0.043791967143730,-0.092891789251033,-0.052371656043185
1328390351193481,50.148705540132326,-233.216277504114657,3.053325726678021,-0.057471811097558,-0.085903148769935,-0.048863027576251
1328390351393480,50.389300568392969,-233.232920941848533,3.045428353619780,-0.051025663035024,-0.080714664195286,-0.076648926352742
1328390351593436,50.632788745297319,-233.251225842162540,3.037441893419329,-0.045427451686150,-0.084481656516775,-0.051755061863747
1328390351793382,50.883222135273869,-233.262072673396062,3.029339009225986,-0.052896519918336,-0.093562970223764,-0.026646460901699
1328390351993351,51.149218610250941,-233.266910785972101,3.020822469815827,-0.047541681315565,-0.093154011035595,0.003225000507320
1328390352193331,51.436256161219845,-233.261260685719463,3.011753485286102,-0.041466298801622,-0.073542545319352,0.042567228830209
1328390352393291,51.732445705828113,-233.246856046437358,3.002483685622401,-0.047194275244941,-0.058864098032280,0.049410244833952
1328390352593806,52.027922197083015,-233.235806401519142,2.993223827335748,-0.023642978532511,-0.048814153956824,0.047456433013021
1328390352793347,52.318278120379986,-233.218965380567113,2.984188494119381,-0.045344908215161,-0.053156849815492,0.063905248819809
1328390352993188,52.600473290199830,-233.207147770495027,2.975392626983006,-0.029325661161403,-0.047911387844803,0.032518327261646
1328390353193150,52.904376950741565,-233.199796965952942,2.965840961372034,-0.033904822510918,-0.034628056354778,0.062398338276612
1328390353393122,53.208915327557634,-233.192184110661117,2.956227368339017,-0.040142713097856,-0.030383241628351,0.016391367293693
1328390353593101,53.508207826357364,-233.194091328368813,2.946691042992713,-0.019565560640961,-0.024793516127188,0.030339573029863
1328390353793082,53.805304014293569,-233.188690618588055,2.937225340365228,-0.043763671584852,-0.022328446096157,0.036210409491196
1328390353993011,54.100195658943619,-233.185687999232101,2.927782531848701,-0.018360010563382,-0.019932104543013,0.036738824758556
1328390354192990,54.387822386707427,-233.173532477172643,2.918569976226856,-0.035835818540875,-0.024449179739417,0.084527860646439
1328390354392979,54.669385431781222,-233.156641924487786,2.909523601833594,-0.032853089935583,-0.027425447830564,0.071769530846466
1328390354592923,54.943884501494367,-233.140249056281618,2.900659277163669,-0.030220737343802,-0.033371149365221,0.094256518651967
1328390354792893,55.212441101360440,-233.120687509575049,2.891950483496927,-0.047119311181902,-0.040624295573755,0.078624194090093
1328390354992848,55.486516827826293,-233.106843531510890,2.883009547480759,-0.024497835089344,-0.048862652200317,0.072808077448689
1328390355192827,55.740520338776093,-233.092895564804508,2.874688415755315,-0.029661954422056,-0.058292098202399,0.069809074825793
1328390355392806,56.003516280444060,-233.080131226137752,2.866035675998286,-0.021515797122234,-0.063100956487091,0.069300251027614
1328390355592759,56.270067315774071,-233.066884738839406,2.857230081568606,-0.024859697137232,-0.064362048460119,0.069388697532161
1328390355792726,56.536896826463035,-233.051892443970786,2.848378070292431,-0.036640230969764,-0.067844547205888,0.086507766714892
1328390355992689,56.808050796767034,-233.032178635628270,2.839337378729037,-0.042407286392252,-0.068160411559491,0.094742511713377
1328390356192677,57.082467913829575,-233.008955413663614,2.830137583576669,-0.029070691348384,-0.063563355198734,0.119436021095550
1328390356392631,57.374909266589384,-232.973031077703297,2.820244050429818,-0.048656101927971,-0.054885393341566,0.152412344604480
1328390356592596,57.655590213518821,-232.935768299815777,2.810674158304252,-0.042637694887311,-0.054730784607101,0.148437826322196
1328390356792562,57.939194338629989,-232.893395003386843,2.799500796456589,-0.046241305314577,-0.049997293383470,0.183207701819617
1328390356992522,58.228948492094631,-232.844911335523534,2.787792116064234,-0.052488560047762,-0.047698626319613,0.175391155105315
1328390357192498,58.519793080729201,-232.797807558396869,2.775786283852828,-0.037652392517152,-0.046009243629695,0.187235265681971
1328390357392468,58.809430045200784,-232.745227625789369,2.763522630095409,-0.057855419242604,-0.048566904914467,0.189032464198540
1328390357592436,59.099949208955749,-232.699937214977410,2.751017782644592,-0.039586382363729,-0.043549087711700,0.161056479087921
1328390357792399,59.401941828851648,-232.653712309135159,2.737749383368923,-0.046976258191017,-0.004455235232516,0.169688090454234
1328390357992367,59.730522541731901,-232.606030127668987,2.723016567978246,-0.040559837993183,0.066779841228401,0.153401896935976
1328390358192333,60.017513833319697,-232.565810535649717,2.709890912263917,-0.037561231552342,0.073910306051891,0.157092295609532
1328390358392300,60.224888478907417,-232.537725880268056,2.700259415584655,-0.044210132886395,0.001316007959566,0.136292112230534
1328390358592267,60.382451538492091,-232.521014953373083,2.692899566659244,-0.038972525915958,-0.077203448331854,0.113241055585947
1328390358792236,60.557196096188648,-232.503942463170574,2.684666075492430,-0.052862570313766,-0.116660021863281,0.112834937325338
1328390358992194,60.770122889703870,-232.484621719210850,2.674528865368424,-0.044089785730911,-0.110435733214600,0.108668463228120
1328390359192170,61.016109830886734,-232.458141172394249,2.662610583136852,-0.049018985639086,-0.087511054483404,0.143822078369150
1328390359392135,61.257063830549725,-232.425253949052149,2.650685881199024,-0.050554412172945,-0.087452395805639,0.154428775643760
1328390359592106,61.486308657878283,-232.390657340105179,2.639138885505102,-0.039302317774365,-0.112640229272177,0.182557089985756
1328390359792070,61.727726749922482,-232.347260631390043,2.626718062765850,-0.056448703030776,-0.123787016252970,0.190106451466873
1328390359992030,62.007207110370217,-232.301166070607962,2.612162093012053,-0.038312719311804,-0.106717817977990,0.174746100173412
1328390360192005,62.307842353207405,-232.248780167422836,2.596195557375210,-0.051490957869849,-0.087427109660138,0.193932195772865
1328390360391979,62.599593442379202,-232.199427111538540,2.580450105052222,-0.045635441610849,-0.071569756495502,0.176237353791378
1328390360591942,62.899519799629473,-232.139647099649039,2.568358366015709,-0.045791203748850,-0.056180191224419,0.197592207569093
1328390360791935,63.210148175272238,-232.075809862423029,2.555776398366858,-0.041260561547728,-0.052218328549788,0.185850712595974
1328390360991870,63.508586096876087,-232.016278669599956,2.543680731940079,-0.034454900172372,-0.042564453636599,0.195430527217374
1328390361191852,63.827702384306150,-231.949553951270616,2.530668998260538,-0.041984453765273,-0.037193842274547,0.190157772171826
1328390361391808,64.130635920972111,-231.889429200268182,2.518330352958679,-0.034105769806248,-0.021526445996836,0.191579325074861
1328390361591775,64.433546235608063,-231.827035448893440,2.505927582500588,-0.047201607082094,-0.014609365269027,0.191823153393728
1328390361791751,64.723974924148791,-231.770690544069993,2.494059595458243,-0.038430296318579,-0.017803185414217,0.179451606584756
1328390361991712,65.008017306064886,-231.716888589891255,2.482447229159861,-0.041492483257999,-0.029535620926460,0.180062902933303
1328390362191680,65.281042476639698,-231.667046612096073,2.471292159802013,-0.042051447985762,-0.034692262154270,0.163514144747437
1328390362391656,65.558908878421846,-231.622173310562289,2.460011682504528,-0.030449172959332,-0.029946716567676,0.150569092865882
1328390362591612,65.837371933779764,-231.577540979302597,2.448693779296413,-0.044739166014856,-0.034578909057338,0.150101561943917
1328390362791581,66.101242357026649,-231.539639198166128,2.438024464906698,-0.035830936407217,-0.043445328565177,0.126772241900660
1328390362991545,66.374506102275163,-231.502586571517952,2.426997104231580,-0.035563945395607,-0.051444665447704,0.134916821175210
1328390363191513,66.645578498294697,-231.466739826697022,2.416059967907872,-0.038523686948888,-0.054473615395452,0.115680856261726
1328390363391506,66.917582299605911,-231.434342681634689,2.405133412311744,-0.031309977283233,-0.050643054526252,0.121224527534366
1328390363591461,67.190423701052978,-231.399220121439612,2.394117132773120,-0.048823104444299,-0.055827423554919,0.116459815938631
1328390363791418,67.454595201158227,-231.371352847632949,2.383546881842839,-0.028786731010124,-0.060290304241613,0.098097945443874
1328390363991377,67.710167528601673,-231.343059303309218,2.373289630530424,-0.041770544064385,-0.068012470836230,0.109210427117000
1328390364191351,67.978457466580082,-231.326966537627129,2.363364007930072,-0.031630960042502,-0.071559079679352,0.084505267216205
1328390364391319,68.254750231755011,-231.310485968957011,2.353196654392970,-0.037755227939864,-0.068165227242641,0.100964222528813
1328390364591289,68.533746898623875,-231.294802060664097,2.343002613199385,-0.036770660245497,-0.065844594884980,0.078651187053669
1328390364791266,68.812400821270344,-231.281240496581148,2.332919650810593,-0.035445110209406,-0.063029071282780,0.093782204393720
1328390364991215,69.108181149998330,-231.265556424786610,2.322259601252903,-0.049118084383166,-0.054981409379165,0.069857416740673
1328390365191190,69.423288479705008,-231.256879254018571,2.311152748514190,-0.024349317623059,-0.008394042587595,0.071553659722102
1328390365391155,69.721126944639323,-231.238473446272593,2.300519121946185,-0.051037883328228,0.009607840766498,0.112754627737719
1328390365591135,69.988983360847712,-231.217202835821723,2.290907010783550,-0.030652035742045,-0.026580050138587,0.119770367393849
1328390365791090,70.211245376496350,-231.192369327821893,2.282793890795607,-0.039678192237901,-0.071438879903290,0.168791602283413
1328390365991048,70.448119047366191,-231.159001959556974,2.273996909989378,-0.049088410477897,-0.086843040849100,0.172808550074548
1328390366191025,70.706630945669190,-231.118703162609080,2.264309751228669,-0.037882986730092,-0.076069752859151,0.217070416526729
1328390366390992,70.979535554966816,-231.061159764687659,2.253674757004705,-0.055967174659200,-0.066273486713600,0.250969054467561
1328390366590957,71.240251107896100,-230.999441377804231,2.243299068256383,-0.034671006434352,-0.068607669888204,0.294260867094110
1328390366790927,71.483546671772061,-230.927483009291279,2.233157074995790,-0.046718992796521,-0.086612488956767,0.322296906139122
1328390366990890,71.745912615225876,-230.853167486400707,2.222268668974540,-0.030238062093419,-0.093471804161967,0.300766066365777
1328390367190895,72.034252922664038,-230.776525732562561,2.210412513561428,-0.043917091546927,-0.077020910697318,0.271879762831130
1328390367390829,72.346422761430645,-230.712495396818667,2.198139136867990,-0.030816792903027,-0.041391715904398,0.207167540888463
1328390367590796,72.637961644491696,-230.661225082447856,2.186942213845020,-0.041290345625864,-0.014592216653007,0.208961958537884
1328390367790760,72.913147788259735,-230.600242118531696,2.186638530107420,-0.045365871631295,-0.017448871488203,0.150311246340164
1328390367990720,73.231095367132440,-230.551266467105734,2.186494187013843,-0.021611835851010,0.044238410458254,0.109881598290682
1328390368190697,73.584331713016212,-230.510037042131955,2.186228263554261,-0.049417538149747,0.164933678895027,0.070783782375763
1328390368390669,73.889870430189276,-230.488155165155149,2.185900658787337,-0.025389029381196,0.260012251756513,0.018932151595919
1328390368590629,74.097795695832559,-230.484890814354230,2.185686158620523,-0.031900577199017,0.272446141441372,-0.036652417458173
1328390368790598,74.181749305661469,-230.487482229562914,2.185622406082125,-0.034102919292898,0.196970026199822,-0.077500597772790
1328390368990556,74.197744336780460,-230.488864883387805,2.185624215322305,-0.024465692692917,0.111428105795508,-0.129964065412828
1328390369190532,74.194219173010794,-230.488324170206482,2.185619235434368,-0.032500984743019,0.044863625822596,-0.166240585485064
1328390369390498,74.176768720374014,-230.484518968223369,2.185571353806217,-0.023702884106247,-0.017871116890007,-0.260206150547972
1328390369590468,74.153892882070878,-230.477880233371593,2.185473788575051,-0.024396129355150,-0.083955402485409,-0.308778727583527
1328390369790449,74.148875753692010,-230.476269657972125,2.185449021029095,-0.026831705999026,-0.134317742978984,-0.323654717696271
1328390369990392,74.174284448411086,-230.485464524382792,2.185593926526438,-0.027200568129734,-0.172033504887873,-0.357051967953957
1328390370190384,74.236961985043735,-230.510572312170268,2.185987706666291,-0.029709216588683,-0.194555786176317,-0.398014936779814
1328390370390338,74.328970252128357,-230.551953601725671,2.186624808096650,-0.028231318737707,-0.212805007248277,-0.443905976293539
1328390370590304,74.475313611323784,-230.629567393920468,2.187795569096393,-0.022421651354681,-0.201129297153500,-0.514094112507362
1328390370790270,74.670254697671709,-230.751919577456675,2.189579115719803,-0.030626949009450,-0.152527663067866,-0.580073727443870
1328390370990231,74.901591985526210,-230.923274196178397,2.191974247658881,-0.044532965489046,-0.072714824031113,-0.680452199487062
1328390371190206,75.117746888721996,-231.119814882533007,2.194689992208612,-0.022546737794572,-0.025684290997037,-0.760798093778423
